date,station_id,surface_ha,rainfall_mm,temp_max_c,water_deficit_mm
2009-12-28,antequera,35000,0.0,14.9,0.0
2009-12-28,baeza,72000,0.0,11.4,0.0
2009-12-28,baza,28000,0.0,13.4,0.0
2009-12-28,cabra,52000,0.0,14.4,0.0
2009-12-28,cordoba_capital,140000,0.0,14.3,0.0
2009-12-28,ecija,42000,0.0,16.2,0.0
2009-12-28,granada_capital,55000,0.0,14.0,0.0
2009-12-28,jaen_capital,165000,0.0,13.4,0.0
2009-12-28,linares,45000,0.0,13.4,0.0
2009-12-28,lucena,88000,0.0,13.8,0.0
2009-12-28,martos,68000,0.0,12.8,0.0
2009-12-28,sevilla_capital,75000,0.0,16.1,0.0
2009-12-28,ubeda,98000,0.0,11.6,0.0
2010-01-04,antequera,35000,0.0,12.9,0.0
2010-01-04,baeza,72000,0.0,11.2,0.0
2010-01-04,baza,28000,0.0,12.9,0.0
2010-01-04,cabra,52000,0.0,13.4,0.0
2010-01-04,cordoba_capital,140000,0.0,13.9,0.0
2010-01-04,ecija,42000,0.0,15.3,0.0
2010-01-04,granada_capital,55000,0.0,13.2,0.0
2010-01-04,jaen_capital,165000,0.0,13.8,0.0
2010-01-04,linares,45000,0.0,13.4,0.0
2010-01-04,lucena,88000,0.0,13.0,0.0
2010-01-04,martos,68000,0.0,12.8,0.0
2010-01-04,sevilla_capital,75000,0.0,15.6,0.0
2010-01-04,ubeda,98000,0.0,11.6,0.0
2010-01-11,antequera,35000,0.0,17.0,0.0
2010-01-11,baeza,72000,0.0,13.2,0.0
2010-01-11,baza,28000,0.0,16.4,0.0
2010-01-11,cabra,52000,0.0,17.4,0.0
2010-01-11,cordoba_capital,140000,0.0,15.5,0.0
2010-01-11,ecija,42000,0.0,16.0,0.0
2010-01-11,granada_capital,55000,0.0,17.4,0.0
2010-01-11,jaen_capital,165000,0.0,15.7,0.0
2010-01-11,linares,45000,0.0,15.1,0.0
2010-01-11,lucena,88000,0.0,16.0,0.0
2010-01-11,martos,68000,0.0,15.3,0.0
2010-01-11,sevilla_capital,75000,0.0,16.4,0.0
2010-01-11,ubeda,98000,0.0,13.4,0.0
2010-01-18,antequera,35000,0.0,17.6,0.0
2010-01-18,baeza,72000,0.0,15.1,0.0
2010-01-18,baza,28000,0.0,17.8,0.0
2010-01-18,cabra,52000,0.0,18.1,0.0
2010-01-18,cordoba_capital,140000,0.0,17.2,0.0
2010-01-18,ecija,42000,0.0,18.8,0.0
2010-01-18,granada_capital,55000,0.0,16.7,0.0
2010-01-18,jaen_capital,165000,0.0,17.7,0.0
2010-01-18,linares,45000,0.0,16.8,0.0
2010-01-18,lucena,88000,0.0,17.5,0.0
2010-01-18,martos,68000,0.0,16.8,0.0
2010-01-18,sevilla_capital,75000,0.0,18.7,0.0
2010-01-18,ubeda,98000,0.0,15.6,0.0
2010-01-25,antequera,35000,0.0,12.2,0.0
2010-01-25,baeza,72000,0.0,9.5,0.0
2010-01-25,baza,28000,0.0,9.0,0.0
2010-01-25,cabra,52000,0.0,12.9,0.0
2010-01-25,cordoba_capital,140000,0.0,14.0,0.0
2010-01-25,ecija,42000,0.0,15.2,0.0
2010-01-25,granada_capital,55000,0.0,10.7,0.0
2010-01-25,jaen_capital,165000,0.0,12.0,0.0
2010-01-25,linares,45000,0.0,12.3,0.0
2010-01-25,lucena,88000,0.0,12.6,0.0
2010-01-25,martos,68000,0.0,11.7,0.0
2010-01-25,sevilla_capital,75000,0.0,15.5,0.0
2010-01-25,ubeda,98000,0.0,9.5,0.0
2010-02-01,antequera,35000,0.0,17.3,0.0
2010-02-01,baeza,72000,0.0,13.5,0.0
2010-02-01,baza,28000,0.0,16.1,0.0
2010-02-01,cabra,52000,0.0,18.3,0.0
2010-02-01,cordoba_capital,140000,0.0,16.8,0.0
2010-02-01,ecija,42000,0.0,17.7,0.0
2010-02-01,granada_capital,55000,0.0,17.1,0.0
2010-02-01,jaen_capital,165000,0.0,16.4,0.0
2010-02-01,linares,45000,0.0,15.3,0.0
2010-02-01,lucena,88000,0.0,17.4,0.0
2010-02-01,martos,68000,0.0,16.0,0.0
2010-02-01,sevilla_capital,75000,0.0,17.2,0.0
2010-02-01,ubeda,98000,0.0,13.8,0.0
2010-02-08,antequera,35000,0.0,13.4,0.0
2010-02-08,baeza,72000,0.0,8.9,0.0
2010-02-08,baza,28000,0.0,11.3,0.0
2010-02-08,cabra,52000,0.0,13.4,0.0
2010-02-08,cordoba_capital,140000,0.0,15.7,0.0
2010-02-08,ecija,42000,0.0,16.6,0.0
2010-02-08,granada_capital,55000,0.0,11.3,0.0
2010-02-08,jaen_capital,165000,0.0,11.5,0.0
2010-02-08,linares,45000,0.0,12.0,0.0
2010-02-08,lucena,88000,0.0,12.9,0.0
2010-02-08,martos,68000,0.0,11.4,0.0
2010-02-08,sevilla_capital,75000,0.0,17.3,0.0
2010-02-08,ubeda,98000,0.0,8.9,0.0
2010-02-15,antequera,35000,0.0,13.7,0.0
2010-02-15,baeza,72000,0.0,11.7,0.0
2010-02-15,baza,28000,0.0,12.4,0.0
2010-02-15,cabra,52000,0.0,14.8,0.0
2010-02-15,cordoba_capital,140000,0.0,15.3,0.0
2010-02-15,ecija,42000,0.0,16.1,0.0
2010-02-15,granada_capital,55000,0.0,11.4,0.0
2010-02-15,jaen_capital,165000,0.0,14.2,0.0
2010-02-15,linares,45000,0.0,14.2,0.0
2010-02-15,lucena,88000,0.0,14.3,0.0
2010-02-15,martos,68000,0.0,13.4,0.0
2010-02-15,sevilla_capital,75000,0.0,17.2,0.0
2010-02-15,ubeda,98000,0.0,12.1,0.0
2010-02-22,antequera,35000,0.0,19.8,0.0
2010-02-22,baeza,72000,0.0,23.4,0.0
2010-02-22,baza,28000,0.0,21.9,0.0
2010-02-22,cabra,52000,0.0,23.8,0.0
2010-02-22,cordoba_capital,140000,0.0,23.8,0.0
2010-02-22,ecija,42000,0.0,23.5,0.0
2010-02-22,granada_capital,55000,0.0,23.2,0.0
2010-02-22,jaen_capital,165000,0.0,25.3,0.0
2010-02-22,linares,45000,0.0,25.9,0.0
2010-02-22,lucena,88000,0.0,22.5,0.0
2010-02-22,martos,68000,0.0,23.7,0.0
2010-02-22,sevilla_capital,75000,0.0,22.7,0.0
2010-02-22,ubeda,98000,0.0,23.3,0.0
2010-03-01,antequera,35000,0.0,15.4,0.0
2010-03-01,baeza,72000,0.0,14.7,0.0
2010-03-01,baza,28000,0.0,13.5,0.0
2010-03-01,cabra,52000,0.0,17.3,0.0
2010-03-01,cordoba_capital,140000,0.0,17.4,0.0
2010-03-01,ecija,42000,0.0,18.7,0.0
2010-03-01,granada_capital,55000,0.0,15.7,0.0
2010-03-01,jaen_capital,165000,0.0,17.4,0.0
2010-03-01,linares,45000,0.0,16.8,0.0
2010-03-01,lucena,88000,0.0,16.2,0.0
2010-03-01,martos,68000,0.0,16.3,0.0
2010-03-01,sevilla_capital,75000,0.0,17.9,0.0
2010-03-01,ubeda,98000,0.0,15.0,0.0
2010-03-08,antequera,35000,0.0,12.5,0.0
2010-03-08,baeza,72000,0.0,9.5,0.0
2010-03-08,baza,28000,0.0,10.7,0.0
2010-03-08,cabra,52000,0.0,12.3,0.0
2010-03-08,cordoba_capital,140000,0.0,14.2,0.0
2010-03-08,ecija,42000,0.0,15.1,0.0
2010-03-08,granada_capital,55000,0.0,11.5,0.0
2010-03-08,jaen_capital,165000,0.0,12.0,0.0
2010-03-08,linares,45000,0.0,12.4,0.0
2010-03-08,lucena,88000,0.0,11.8,0.0
2010-03-08,martos,68000,0.0,11.4,0.0
2010-03-08,sevilla_capital,75000,0.0,16.3,0.0
2010-03-08,ubeda,98000,0.0,9.7,0.0
2010-03-15,antequera,35000,0.0,20.9,0.0
2010-03-15,baeza,72000,0.0,19.1,0.0
2010-03-15,baza,28000,0.0,20.3,0.0
2010-03-15,cabra,52000,0.0,22.9,0.0
2010-03-15,cordoba_capital,140000,0.0,22.9,0.0
2010-03-15,ecija,42000,0.0,24.7,0.0
2010-03-15,granada_capital,55000,0.0,20.7,0.0
2010-03-15,jaen_capital,165000,0.0,22.2,0.0
2010-03-15,linares,45000,0.0,21.5,0.0
2010-03-15,lucena,88000,0.0,22.3,0.0
2010-03-15,martos,68000,0.0,21.4,0.0
2010-03-15,sevilla_capital,75000,0.0,23.9,0.0
2010-03-15,ubeda,98000,0.0,19.5,0.0
2010-03-22,antequera,35000,0.0,18.9,0.0
2010-03-22,baeza,72000,0.0,19.2,0.0
2010-03-22,baza,28000,0.0,20.8,0.0
2010-03-22,cabra,52000,0.0,21.9,0.0
2010-03-22,cordoba_capital,140000,0.0,21.8,0.0
2010-03-22,ecija,42000,0.0,22.7,0.0
2010-03-22,granada_capital,55000,0.0,20.3,0.0
2010-03-22,jaen_capital,165000,0.0,21.4,0.0
2010-03-22,linares,45000,0.0,21.2,0.0
2010-03-22,lucena,88000,0.0,20.7,0.0
2010-03-22,martos,68000,0.0,20.5,0.0
2010-03-22,sevilla_capital,75000,0.0,22.1,0.0
2010-03-22,ubeda,98000,0.0,19.5,0.0
2010-03-29,antequera,35000,0.0,17.9,0.0
2010-03-29,baeza,72000,0.0,14.9,0.0
2010-03-29,baza,28000,0.0,17.5,0.0
2010-03-29,cabra,52000,0.0,17.4,0.0
2010-03-29,cordoba_capital,140000,0.0,19.4,0.0
2010-03-29,ecija,42000,0.0,19.8,0.0
2010-03-29,granada_capital,55000,0.0,17.2,0.0
2010-03-29,jaen_capital,165000,0.0,17.1,0.0
2010-03-29,linares,45000,0.0,17.5,0.0
2010-03-29,lucena,88000,0.0,17.3,0.0
2010-03-29,martos,68000,0.0,16.3,0.0
2010-03-29,sevilla_capital,75000,0.0,20.2,0.0
2010-03-29,ubeda,98000,0.0,15.0,0.0
2010-04-05,antequera,35000,0.0,20.8,0.0
2010-04-05,baeza,72000,0.0,19.2,0.0
2010-04-05,baza,28000,0.0,20.8,0.0
2010-04-05,cabra,52000,0.0,21.6,0.0
2010-04-05,cordoba_capital,140000,0.0,22.8,0.0
2010-04-05,ecija,42000,0.0,23.0,0.0
2010-04-05,granada_capital,55000,0.0,21.2,0.0
2010-04-05,jaen_capital,165000,0.0,21.0,0.0
2010-04-05,linares,45000,0.0,21.5,0.0
2010-04-05,lucena,88000,0.0,20.8,0.0
2010-04-05,martos,68000,0.0,20.5,0.0
2010-04-05,sevilla_capital,75000,0.0,23.6,0.0
2010-04-05,ubeda,98000,0.0,19.5,0.0
2010-04-12,antequera,35000,0.0,17.8,0.0
2010-04-12,baeza,72000,0.0,17.7,0.0
2010-04-12,baza,28000,0.0,17.1,0.0
2010-04-12,cabra,52000,0.0,20.4,0.0
2010-04-12,cordoba_capital,140000,0.0,21.7,0.0
2010-04-12,ecija,42000,0.0,21.8,0.0
2010-04-12,granada_capital,55000,0.0,18.0,0.0
2010-04-12,jaen_capital,165000,0.0,20.6,0.0
2010-04-12,linares,45000,0.0,20.4,0.0
2010-04-12,lucena,88000,0.0,19.2,0.0
2010-04-12,martos,68000,0.0,19.7,0.0
2010-04-12,sevilla_capital,75000,0.0,22.6,0.0
2010-04-12,ubeda,98000,0.0,17.8,0.0
2010-04-19,antequera,35000,0.0,21.3,0.0
2010-04-19,baeza,72000,0.0,21.4,0.0
2010-04-19,baza,28000,0.0,20.8,0.0
2010-04-19,cabra,52000,0.0,23.7,0.0
2010-04-19,cordoba_capital,140000,0.0,25.2,0.0
2010-04-19,ecija,42000,0.0,26.3,0.0
2010-04-19,granada_capital,55000,0.0,21.9,0.0
2010-04-19,jaen_capital,165000,0.0,23.6,0.0
2010-04-19,linares,45000,0.0,24.1,0.0
2010-04-19,lucena,88000,0.0,23.1,0.0
2010-04-19,martos,68000,0.0,22.7,0.0
2010-04-19,sevilla_capital,75000,0.0,26.5,0.0
2010-04-19,ubeda,98000,0.0,21.8,0.0
2010-04-26,antequera,35000,0.0,24.0,0.0
2010-04-26,baeza,72000,0.0,26.3,0.0
2010-04-26,baza,28000,0.0,26.7,0.0
2010-04-26,cabra,52000,0.0,28.2,0.0
2010-04-26,cordoba_capital,140000,0.0,29.8,0.0
2010-04-26,ecija,42000,0.0,29.6,0.0
2010-04-26,granada_capital,55000,0.0,26.4,0.0
2010-04-26,jaen_capital,165000,0.0,29.1,0.0
2010-04-26,linares,45000,0.0,29.1,0.0
2010-04-26,lucena,88000,0.0,27.4,0.0
2010-04-26,martos,68000,0.0,28.0,0.0
2010-04-26,sevilla_capital,75000,0.0,30.1,0.0
2010-04-26,ubeda,98000,0.0,26.4,0.0
2010-05-03,antequera,35000,0.0,21.4,0.0
2010-05-03,baeza,72000,0.0,18.9,0.0
2010-05-03,baza,28000,0.0,21.8,0.0
2010-05-03,cabra,52000,0.0,22.0,0.0
2010-05-03,cordoba_capital,140000,0.0,22.9,0.0
2010-05-03,ecija,42000,0.0,23.5,0.0
2010-05-03,granada_capital,55000,0.0,21.2,0.0
2010-05-03,jaen_capital,165000,0.0,21.4,0.0
2010-05-03,linares,45000,0.0,20.9,0.0
2010-05-03,lucena,88000,0.0,21.6,0.0
2010-05-03,martos,68000,0.0,20.9,0.0
2010-05-03,sevilla_capital,75000,0.0,22.5,0.0
2010-05-03,ubeda,98000,0.0,19.5,0.0
2010-05-10,antequera,35000,0.0,21.1,0.0
2010-05-10,baeza,72000,0.0,18.5,0.0
2010-05-10,baza,28000,0.0,19.2,0.0
2010-05-10,cabra,52000,0.0,22.1,0.0
2010-05-10,cordoba_capital,140000,0.0,24.3,0.0
2010-05-10,ecija,42000,0.0,24.9,0.0
2010-05-10,granada_capital,55000,0.0,20.7,0.0
2010-05-10,jaen_capital,165000,0.0,21.0,0.0
2010-05-10,linares,45000,0.0,21.6,0.0
2010-05-10,lucena,88000,0.0,21.9,0.0
2010-05-10,martos,68000,0.0,20.7,0.0
2010-05-10,sevilla_capital,75000,0.0,24.7,0.0
2010-05-10,ubeda,98000,0.0,18.6,0.0
2010-05-17,antequera,35000,0.0,26.5,0.0
2010-05-17,baeza,72000,0.0,26.9,0.0
2010-05-17,baza,28000,0.0,26.6,0.0
2010-05-17,cabra,52000,0.0,31.0,0.0
2010-05-17,cordoba_capital,140000,0.0,32.8,0.0
2010-05-17,ecija,42000,0.0,32.7,0.0
2010-05-17,granada_capital,55000,0.0,28.9,0.0
2010-05-17,jaen_capital,165000,0.0,29.3,0.0
2010-05-17,linares,45000,0.0,29.7,0.0
2010-05-17,lucena,88000,0.0,29.4,0.0
2010-05-17,martos,68000,0.0,29.3,0.0
2010-05-17,sevilla_capital,75000,0.0,32.5,0.0
2010-05-17,ubeda,98000,0.0,27.0,0.0
2010-05-24,antequera,35000,0.0,28.4,0.0
2010-05-24,baeza,72000,0.0,27.0,0.0
2010-05-24,baza,28000,0.0,27.3,0.0
2010-05-24,cabra,52000,0.0,30.0,0.0
2010-05-24,cordoba_capital,140000,0.0,32.2,0.0
2010-05-24,ecija,42000,0.0,32.5,0.0
2010-05-24,granada_capital,55000,0.0,28.3,0.0
2010-05-24,jaen_capital,165000,0.0,29.2,0.0
2010-05-24,linares,45000,0.0,30.0,0.0
2010-05-24,lucena,88000,0.0,29.6,0.0
2010-05-24,martos,68000,0.0,28.6,0.0
2010-05-24,sevilla_capital,75000,0.0,32.4,0.0
2010-05-24,ubeda,98000,0.0,27.2,0.0
2010-05-31,antequera,35000,0.0,33.5,0.0
2010-05-31,baeza,72000,0.0,31.6,0.0
2010-05-31,baza,28000,0.0,31.9,0.0
2010-05-31,cabra,52000,0.0,34.3,0.0
2010-05-31,cordoba_capital,140000,0.0,37.1,0.0
2010-05-31,ecija,42000,0.0,37.4,0.0
2010-05-31,granada_capital,55000,0.0,32.5,0.0
2010-05-31,jaen_capital,165000,0.0,33.8,0.0
2010-05-31,linares,45000,0.0,34.3,0.0
2010-05-31,lucena,88000,0.0,34.2,0.0
2010-05-31,martos,68000,0.0,32.9,0.0
2010-05-31,sevilla_capital,75000,0.0,37.4,0.0
2010-05-31,ubeda,98000,0.0,32.0,0.0
2010-06-07,antequera,35000,0.0,29.1,0.0
2010-06-07,baeza,72000,0.0,28.0,0.0
2010-06-07,baza,28000,0.0,28.9,0.0
2010-06-07,cabra,52000,0.0,30.1,0.0
2010-06-07,cordoba_capital,140000,0.0,32.5,0.0
2010-06-07,ecija,42000,0.0,32.6,0.0
2010-06-07,granada_capital,55000,0.0,28.8,0.0
2010-06-07,jaen_capital,165000,0.0,29.9,0.0
2010-06-07,linares,45000,0.0,30.4,0.0
2010-06-07,lucena,88000,0.0,29.9,0.0
2010-06-07,martos,68000,0.0,29.0,0.0
2010-06-07,sevilla_capital,75000,0.0,32.3,0.0
2010-06-07,ubeda,98000,0.0,28.4,0.0
2010-06-14,antequera,35000,0.0,26.7,0.0
2010-06-14,baeza,72000,0.0,23.0,0.0
2010-06-14,baza,28000,0.0,24.7,0.0
2010-06-14,cabra,52000,0.0,26.6,0.0
2010-06-14,cordoba_capital,140000,0.0,29.3,0.0
2010-06-14,ecija,42000,0.0,29.6,0.0
2010-06-14,granada_capital,55000,0.0,25.4,0.0
2010-06-14,jaen_capital,165000,0.0,25.4,0.0
2010-06-14,linares,45000,0.0,26.0,0.0
2010-06-14,lucena,88000,0.0,26.3,0.0
2010-06-14,martos,68000,0.0,24.8,0.0
2010-06-14,sevilla_capital,75000,0.0,29.5,0.0
2010-06-14,ubeda,98000,0.0,23.3,0.0
2010-06-21,antequera,35000,0.0,29.1,0.0
2010-06-21,baeza,72000,0.0,30.5,0.0
2010-06-21,baza,28000,0.0,30.3,0.0
2010-06-21,cabra,52000,0.0,32.3,0.0
2010-06-21,cordoba_capital,140000,0.0,34.6,0.0
2010-06-21,ecija,42000,0.0,35.4,0.0
2010-06-21,granada_capital,55000,0.0,31.4,0.0
2010-06-21,jaen_capital,165000,0.0,32.0,0.0
2010-06-21,linares,45000,0.0,33.1,0.0
2010-06-21,lucena,88000,0.0,31.6,0.0
2010-06-21,martos,68000,0.0,31.1,0.0
2010-06-21,sevilla_capital,75000,0.0,34.5,0.0
2010-06-21,ubeda,98000,0.0,31.2,0.0
2010-06-28,antequera,35000,0.0,33.4,0.0
2010-06-28,baeza,72000,0.0,34.0,0.0
2010-06-28,baza,28000,0.0,32.3,0.0
2010-06-28,cabra,52000,0.0,37.4,0.0
2010-06-28,cordoba_capital,140000,0.0,39.5,0.0
2010-06-28,ecija,42000,0.0,40.0,0.0
2010-06-28,granada_capital,55000,0.0,35.3,0.0
2010-06-28,jaen_capital,165000,0.0,35.9,0.0
2010-06-28,linares,45000,0.0,36.8,0.0
2010-06-28,lucena,88000,0.0,36.8,0.0
2010-06-28,martos,68000,0.0,35.3,0.0
2010-06-28,sevilla_capital,75000,0.0,39.3,0.0
2010-06-28,ubeda,98000,0.0,34.3,0.0
2010-07-05,antequera,35000,0.0,35.0,0.0
2010-07-05,baeza,72000,0.0,39.3,0.0
2010-07-05,baza,28000,0.0,37.4,0.0
2010-07-05,cabra,52000,0.0,39.9,0.0
2010-07-05,cordoba_capital,140000,0.0,40.1,0.0
2010-07-05,ecija,42000,0.0,39.6,0.0
2010-07-05,granada_capital,55000,0.0,38.4,0.0
2010-07-05,jaen_capital,165000,0.0,40.5,0.0
2010-07-05,linares,45000,0.0,40.9,0.0
2010-07-05,lucena,88000,0.0,37.9,0.0
2010-07-05,martos,68000,0.0,38.4,0.0
2010-07-05,sevilla_capital,75000,0.0,40.6,0.0
2010-07-05,ubeda,98000,0.0,39.8,0.0
2010-07-12,antequera,35000,0.0,34.6,0.0
2010-07-12,baeza,72000,0.0,35.5,0.0
2010-07-12,baza,28000,0.0,35.9,0.0
2010-07-12,cabra,52000,0.0,36.5,0.0
2010-07-12,cordoba_capital,140000,0.0,38.2,0.0
2010-07-12,ecija,42000,0.0,38.5,0.0
2010-07-12,granada_capital,55000,0.0,35.5,0.0
2010-07-12,jaen_capital,165000,0.0,36.9,0.0
2010-07-12,linares,45000,0.0,37.4,0.0
2010-07-12,lucena,88000,0.0,36.1,0.0
2010-07-12,martos,68000,0.0,35.6,0.0
2010-07-12,sevilla_capital,75000,0.0,38.1,0.0
2010-07-12,ubeda,98000,0.0,36.0,0.0
2010-07-19,antequera,35000,0.0,34.0,0.0
2010-07-19,baeza,72000,0.0,34.4,0.0
2010-07-19,baza,28000,0.0,35.5,0.0
2010-07-19,cabra,52000,0.0,36.2,0.0
2010-07-19,cordoba_capital,140000,0.0,38.4,0.0
2010-07-19,ecija,42000,0.0,38.6,0.0
2010-07-19,granada_capital,55000,0.0,34.8,0.0
2010-07-19,jaen_capital,165000,0.0,35.9,0.0
2010-07-19,linares,45000,0.0,36.5,0.0
2010-07-19,lucena,88000,0.0,35.9,0.0
2010-07-19,martos,68000,0.0,34.8,0.0
2010-07-19,sevilla_capital,75000,0.0,38.2,0.0
2010-07-19,ubeda,98000,0.0,34.9,0.0
2010-07-26,antequera,35000,0.0,36.0,0.0
2010-07-26,baeza,72000,0.0,35.6,0.0
2010-07-26,baza,28000,0.0,34.9,0.0
2010-07-26,cabra,52000,0.0,36.3,0.0
2010-07-26,cordoba_capital,140000,0.0,38.8,0.0
2010-07-26,ecija,42000,0.0,38.7,0.0
2010-07-26,granada_capital,55000,0.0,35.0,0.0
2010-07-26,jaen_capital,165000,0.0,37.3,0.0
2010-07-26,linares,45000,0.0,37.9,0.0
2010-07-26,lucena,88000,0.0,35.7,0.0
2010-07-26,martos,68000,0.0,35.9,0.0
2010-07-26,sevilla_capital,75000,0.0,39.1,0.0
2010-07-26,ubeda,98000,0.0,35.8,0.0
2010-08-02,antequera,35000,0.0,33.7,0.0
2010-08-02,baeza,72000,0.0,35.4,0.0
2010-08-02,baza,28000,0.0,35.4,0.0
2010-08-02,cabra,52000,0.0,36.4,0.0
2010-08-02,cordoba_capital,140000,0.0,38.5,0.0
2010-08-02,ecija,42000,0.0,38.5,0.0
2010-08-02,granada_capital,55000,0.0,35.5,0.0
2010-08-02,jaen_capital,165000,0.0,37.1,0.0
2010-08-02,linares,45000,0.0,37.7,0.0
2010-08-02,lucena,88000,0.0,35.4,0.0
2010-08-02,martos,68000,0.0,35.6,0.0
2010-08-02,sevilla_capital,75000,0.0,38.2,0.0
2010-08-02,ubeda,98000,0.0,35.7,0.0
2010-08-09,antequera,35000,0.0,37.2,0.0
2010-08-09,baeza,72000,0.0,34.6,0.0
2010-08-09,baza,28000,0.0,34.6,0.0
2010-08-09,cabra,52000,0.0,37.4,0.0
2010-08-09,cordoba_capital,140000,0.0,40.5,0.0
2010-08-09,ecija,42000,0.0,40.9,0.0
2010-08-09,granada_capital,55000,0.0,35.4,0.0
2010-08-09,jaen_capital,165000,0.0,36.9,0.0
2010-08-09,linares,45000,0.0,37.2,0.0
2010-08-09,lucena,88000,0.0,37.2,0.0
2010-08-09,martos,68000,0.0,35.9,0.0
2010-08-09,sevilla_capital,75000,0.0,41.5,0.0
2010-08-09,ubeda,98000,0.0,34.9,0.0
2010-08-16,antequera,35000,0.0,32.7,0.0
2010-08-16,baeza,72000,0.0,32.5,0.0
2010-08-16,baza,28000,0.0,32.7,0.0
2010-08-16,cabra,52000,0.0,36.0,0.0
2010-08-16,cordoba_capital,140000,0.0,38.1,0.0
2010-08-16,ecija,42000,0.0,38.7,0.0
2010-08-16,granada_capital,55000,0.0,34.3,0.0
2010-08-16,jaen_capital,165000,0.0,34.9,0.0
2010-08-16,linares,45000,0.0,35.8,0.0
2010-08-16,lucena,88000,0.0,34.9,0.0
2010-08-16,martos,68000,0.0,34.4,0.0
2010-08-16,sevilla_capital,75000,0.0,37.8,0.0
2010-08-16,ubeda,98000,0.0,32.8,0.0
2010-08-23,antequera,35000,0.0,38.5,0.0
2010-08-23,baeza,72000,0.0,37.2,0.0
2010-08-23,baza,28000,0.0,36.6,0.0
2010-08-23,cabra,52000,0.0,40.3,0.0
2010-08-23,cordoba_capital,140000,0.0,42.3,0.0
2010-08-23,ecija,42000,0.0,43.4,0.0
2010-08-23,granada_capital,55000,0.0,38.2,0.0
2010-08-23,jaen_capital,165000,0.0,39.7,0.0
2010-08-23,linares,45000,0.0,40.0,0.0
2010-08-23,lucena,88000,0.0,38.8,0.0
2010-08-23,martos,68000,0.0,38.8,0.0
2010-08-23,sevilla_capital,75000,0.0,42.0,0.0
2010-08-23,ubeda,98000,0.0,37.7,0.0
2010-08-30,antequera,35000,0.0,32.2,0.0
2010-08-30,baeza,72000,0.0,33.7,0.0
2010-08-30,baza,28000,0.0,33.0,0.0
2010-08-30,cabra,52000,0.0,36.4,0.0
2010-08-30,cordoba_capital,140000,0.0,38.5,0.0
2010-08-30,ecija,42000,0.0,38.8,0.0
2010-08-30,granada_capital,55000,0.0,34.4,0.0
2010-08-30,jaen_capital,165000,0.0,35.2,0.0
2010-08-30,linares,45000,0.0,36.7,0.0
2010-08-30,lucena,88000,0.0,35.5,0.0
2010-08-30,martos,68000,0.0,34.5,0.0
2010-08-30,sevilla_capital,75000,0.0,39.0,0.0
2010-08-30,ubeda,98000,0.0,34.2,0.0
2010-09-06,antequera,35000,0.0,30.8,0.0
2010-09-06,baeza,72000,0.0,31.7,0.0
2010-09-06,baza,28000,0.0,31.2,0.0
2010-09-06,cabra,52000,0.0,33.2,0.0
2010-09-06,cordoba_capital,140000,0.0,35.2,0.0
2010-09-06,ecija,42000,0.0,35.4,0.0
2010-09-06,granada_capital,55000,0.0,32.4,0.0
2010-09-06,jaen_capital,165000,0.0,33.7,0.0
2010-09-06,linares,45000,0.0,34.4,0.0
2010-09-06,lucena,88000,0.0,32.3,0.0
2010-09-06,martos,68000,0.0,33.0,0.0
2010-09-06,sevilla_capital,75000,0.0,35.2,0.0
2010-09-06,ubeda,98000,0.0,31.9,0.0
2010-09-13,antequera,35000,0.0,33.0,0.0
2010-09-13,baeza,72000,0.0,32.3,0.0
2010-09-13,baza,28000,0.0,32.2,0.0
2010-09-13,cabra,52000,0.0,35.4,0.0
2010-09-13,cordoba_capital,140000,0.0,37.8,0.0
2010-09-13,ecija,42000,0.0,37.8,0.0
2010-09-13,granada_capital,55000,0.0,34.2,0.0
2010-09-13,jaen_capital,165000,0.0,34.2,0.0
2010-09-13,linares,45000,0.0,35.1,0.0
2010-09-13,lucena,88000,0.0,35.0,0.0
2010-09-13,martos,68000,0.0,33.8,0.0
2010-09-13,sevilla_capital,75000,0.0,38.0,0.0
2010-09-13,ubeda,98000,0.0,32.6,0.0
2010-09-20,antequera,35000,0.0,25.1,0.0
2010-09-20,baeza,72000,0.0,25.3,0.0
2010-09-20,baza,28000,0.0,26.3,0.0
2010-09-20,cabra,52000,0.0,27.0,0.0
2010-09-20,cordoba_capital,140000,0.0,29.3,0.0
2010-09-20,ecija,42000,0.0,30.6,0.0
2010-09-20,granada_capital,55000,0.0,25.7,0.0
2010-09-20,jaen_capital,165000,0.0,27.6,0.0
2010-09-20,linares,45000,0.0,28.0,0.0
2010-09-20,lucena,88000,0.0,26.1,0.0
2010-09-20,martos,68000,0.0,26.5,0.0
2010-09-20,sevilla_capital,75000,0.0,30.5,0.0
2010-09-20,ubeda,98000,0.0,25.7,0.0
2010-09-27,antequera,35000,0.0,28.0,0.0
2010-09-27,baeza,72000,0.0,25.4,0.0
2010-09-27,baza,28000,0.0,28.3,0.0
2010-09-27,cabra,52000,0.0,28.7,0.0
2010-09-27,cordoba_capital,140000,0.0,30.1,0.0
2010-09-27,ecija,42000,0.0,31.1,0.0
2010-09-27,granada_capital,55000,0.0,27.5,0.0
2010-09-27,jaen_capital,165000,0.0,27.6,0.0
2010-09-27,linares,45000,0.0,28.1,0.0
2010-09-27,lucena,88000,0.0,27.9,0.0
2010-09-27,martos,68000,0.0,26.9,0.0
2010-09-27,sevilla_capital,75000,0.0,31.2,0.0
2010-09-27,ubeda,98000,0.0,25.7,0.0
2010-10-04,antequera,35000,0.0,24.9,0.0
2010-10-04,baeza,72000,0.0,25.0,0.0
2010-10-04,baza,28000,0.0,26.8,0.0
2010-10-04,cabra,52000,0.0,26.9,0.0
2010-10-04,cordoba_capital,140000,0.0,27.9,0.0
2010-10-04,ecija,42000,0.0,29.1,0.0
2010-10-04,granada_capital,55000,0.0,26.3,0.0
2010-10-04,jaen_capital,165000,0.0,27.2,0.0
2010-10-04,linares,45000,0.0,27.5,0.0
2010-10-04,lucena,88000,0.0,25.8,0.0
2010-10-04,martos,68000,0.0,26.0,0.0
2010-10-04,sevilla_capital,75000,0.0,28.2,0.0
2010-10-04,ubeda,98000,0.0,25.4,0.0
2010-10-11,antequera,35000,0.0,21.5,0.0
2010-10-11,baeza,72000,0.0,18.5,0.0
2010-10-11,baza,28000,0.0,20.7,0.0
2010-10-11,cabra,52000,0.0,21.0,0.0
2010-10-11,cordoba_capital,140000,0.0,22.9,0.0
2010-10-11,ecija,42000,0.0,23.1,0.0
2010-10-11,granada_capital,55000,0.0,21.4,0.0
2010-10-11,jaen_capital,165000,0.0,20.6,0.0
2010-10-11,linares,45000,0.0,21.2,0.0
2010-10-11,lucena,88000,0.0,20.5,0.0
2010-10-11,martos,68000,0.0,20.0,0.0
2010-10-11,sevilla_capital,75000,0.0,23.8,0.0
2010-10-11,ubeda,98000,0.0,18.7,0.0
2010-10-18,antequera,35000,0.0,21.5,0.0
2010-10-18,baeza,72000,0.0,19.3,0.0
2010-10-18,baza,28000,0.0,21.4,0.0
2010-10-18,cabra,52000,0.0,21.8,0.0
2010-10-18,cordoba_capital,140000,0.0,24.2,0.0
2010-10-18,ecija,42000,0.0,24.3,0.0
2010-10-18,granada_capital,55000,0.0,21.1,0.0
2010-10-18,jaen_capital,165000,0.0,21.4,0.0
2010-10-18,linares,45000,0.0,22.0,0.0
2010-10-18,lucena,88000,0.0,21.0,0.0
2010-10-18,martos,68000,0.0,20.6,0.0
2010-10-18,sevilla_capital,75000,0.0,24.9,0.0
2010-10-18,ubeda,98000,0.0,19.4,0.0
2010-10-25,antequera,35000,0.0,22.3,0.0
2010-10-25,baeza,72000,0.0,20.8,0.0
2010-10-25,baza,28000,0.0,23.3,0.0
2010-10-25,cabra,52000,0.0,23.9,0.0
2010-10-25,cordoba_capital,140000,0.0,24.5,0.0
2010-10-25,ecija,42000,0.0,25.9,0.0
2010-10-25,granada_capital,55000,0.0,22.2,0.0
2010-10-25,jaen_capital,165000,0.0,23.4,0.0
2010-10-25,linares,45000,0.0,23.4,0.0
2010-10-25,lucena,88000,0.0,22.8,0.0
2010-10-25,martos,68000,0.0,22.4,0.0
2010-10-25,sevilla_capital,75000,0.0,24.6,0.0
2010-10-25,ubeda,98000,0.0,21.0,0.0
2010-11-01,antequera,35000,0.0,21.1,0.0
2010-11-01,baeza,72000,0.0,19.7,0.0
2010-11-01,baza,28000,0.0,20.2,0.0
2010-11-01,cabra,52000,0.0,22.3,0.0
2010-11-01,cordoba_capital,140000,0.0,23.5,0.0
2010-11-01,ecija,42000,0.0,24.4,0.0
2010-11-01,granada_capital,55000,0.0,21.1,0.0
2010-11-01,jaen_capital,165000,0.0,21.7,0.0
2010-11-01,linares,45000,0.0,22.3,0.0
2010-11-01,lucena,88000,0.0,21.6,0.0
2010-11-01,martos,68000,0.0,20.9,0.0
2010-11-01,sevilla_capital,75000,0.0,25.0,0.0
2010-11-01,ubeda,98000,0.0,19.8,0.0
2010-11-08,antequera,35000,0.0,19.9,0.0
2010-11-08,baeza,72000,0.0,15.8,0.0
2010-11-08,baza,28000,0.0,20.6,0.0
2010-11-08,cabra,52000,0.0,18.8,0.0
2010-11-08,cordoba_capital,140000,0.0,19.2,0.0
2010-11-08,ecija,42000,0.0,19.6,0.0
2010-11-08,granada_capital,55000,0.0,19.8,0.0
2010-11-08,jaen_capital,165000,0.0,17.8,0.0
2010-11-08,linares,45000,0.0,17.7,0.0
2010-11-08,lucena,88000,0.0,17.6,0.0
2010-11-08,martos,68000,0.0,17.0,0.0
2010-11-08,sevilla_capital,75000,0.0,20.4,0.0
2010-11-08,ubeda,98000,0.0,16.1,0.0
2010-11-15,antequera,35000,0.0,16.0,0.0
2010-11-15,baeza,72000,0.0,11.4,0.0
2010-11-15,baza,28000,0.0,15.1,0.0
2010-11-15,cabra,52000,0.0,15.0,0.0
2010-11-15,cordoba_capital,140000,0.0,15.7,0.0
2010-11-15,ecija,42000,0.0,16.8,0.0
2010-11-15,granada_capital,55000,0.0,13.9,0.0
2010-11-15,jaen_capital,165000,0.0,13.9,0.0
2010-11-15,linares,45000,0.0,13.9,0.0
2010-11-15,lucena,88000,0.0,14.5,0.0
2010-11-15,martos,68000,0.0,13.2,0.0
2010-11-15,sevilla_capital,75000,0.0,17.0,0.0
2010-11-15,ubeda,98000,0.0,11.5,0.0
2010-11-22,antequera,35000,0.0,16.5,0.0
2010-11-22,baeza,72000,0.0,11.3,0.0
2010-11-22,baza,28000,0.0,14.5,0.0
2010-11-22,cabra,52000,0.0,15.4,0.0
2010-11-22,cordoba_capital,140000,0.0,16.5,0.0
2010-11-22,ecija,42000,0.0,17.7,0.0
2010-11-22,granada_capital,55000,0.0,14.4,0.0
2010-11-22,jaen_capital,165000,0.0,14.8,0.0
2010-11-22,linares,45000,0.0,13.6,0.0
2010-11-22,lucena,88000,0.0,15.1,0.0
2010-11-22,martos,68000,0.0,14.2,0.0
2010-11-22,sevilla_capital,75000,0.0,17.7,0.0
2010-11-22,ubeda,98000,0.0,11.6,0.0
2010-11-29,antequera,35000,0.0,14.3,0.0
2010-11-29,baeza,72000,0.0,13.8,0.0
2010-11-29,baza,28000,0.0,16.5,0.0
2010-11-29,cabra,52000,0.0,16.3,0.0
2010-11-29,cordoba_capital,140000,0.0,16.9,0.0
2010-11-29,ecija,42000,0.0,17.7,0.0
2010-11-29,granada_capital,55000,0.0,15.9,0.0
2010-11-29,jaen_capital,165000,0.0,16.2,0.0
2010-11-29,linares,45000,0.0,16.2,0.0
2010-11-29,lucena,88000,0.0,15.3,0.0
2010-11-29,martos,68000,0.0,15.2,0.0
2010-11-29,sevilla_capital,75000,0.0,18.8,0.0
2010-11-29,ubeda,98000,0.0,14.3,0.0
2010-12-06,antequera,35000,0.0,20.6,0.0
2010-12-06,baeza,72000,0.0,19.6,0.0
2010-12-06,baza,28000,0.0,20.3,0.0
2010-12-06,cabra,52000,0.0,23.3,0.0
2010-12-06,cordoba_capital,140000,0.0,22.7,0.0
2010-12-06,ecija,42000,0.0,24.1,0.0
2010-12-06,granada_capital,55000,0.0,22.9,0.0
2010-12-06,jaen_capital,165000,0.0,22.3,0.0
2010-12-06,linares,45000,0.0,21.9,0.0
2010-12-06,lucena,88000,0.0,22.5,0.0
2010-12-06,martos,68000,0.0,21.7,0.0
2010-12-06,sevilla_capital,75000,0.0,23.3,0.0
2010-12-06,ubeda,98000,0.0,19.9,0.0
2010-12-13,antequera,35000,0.0,15.7,0.0
2010-12-13,baeza,72000,0.0,12.4,0.0
2010-12-13,baza,28000,0.0,13.9,0.0
2010-12-13,cabra,52000,0.0,16.1,0.0
2010-12-13,cordoba_capital,140000,0.0,17.4,0.0
2010-12-13,ecija,42000,0.0,18.2,0.0
2010-12-13,granada_capital,55000,0.0,14.0,0.0
2010-12-13,jaen_capital,165000,0.0,14.9,0.0
2010-12-13,linares,45000,0.0,14.7,0.0
2010-12-13,lucena,88000,0.0,15.6,0.0
2010-12-13,martos,68000,0.0,14.5,0.0
2010-12-13,sevilla_capital,75000,0.0,19.0,0.0
2010-12-13,ubeda,98000,0.0,12.7,0.0
2010-12-20,antequera,35000,0.0,14.1,0.0
2010-12-20,baeza,72000,0.0,11.6,0.0
2010-12-20,baza,28000,0.0,13.3,0.0
2010-12-20,cabra,52000,0.0,14.0,0.0
2010-12-20,cordoba_capital,140000,0.0,14.4,0.0
2010-12-20,ecija,42000,0.0,15.5,0.0
2010-12-20,granada_capital,55000,0.0,12.6,0.0
2010-12-20,jaen_capital,165000,0.0,14.3,0.0
2010-12-20,linares,45000,0.0,13.7,0.0
2010-12-20,lucena,88000,0.0,13.5,0.0
2010-12-20,martos,68000,0.0,13.2,0.0
2010-12-20,sevilla_capital,75000,0.0,16.1,0.0
2010-12-20,ubeda,98000,0.0,12.1,0.0
2010-12-27,antequera,35000,0.0,14.1,0.0
2010-12-27,baeza,72000,0.0,14.9,0.0
2010-12-27,baza,28000,0.0,15.0,0.0
2010-12-27,cabra,52000,0.0,17.7,0.0
2010-12-27,cordoba_capital,140000,0.0,17.5,0.0
2010-12-27,ecija,42000,0.0,19.0,0.0
2010-12-27,granada_capital,55000,0.0,16.1,0.0
2010-12-27,jaen_capital,165000,0.0,17.4,0.0
2010-12-27,linares,45000,0.0,17.2,0.0
2010-12-27,lucena,88000,0.0,16.6,0.0
2010-12-27,martos,68000,0.0,16.8,0.0
2010-12-27,sevilla_capital,75000,0.0,17.7,0.0
2010-12-27,ubeda,98000,0.0,15.1,0.0
2011-01-03,antequera,35000,0.0,15.7,0.0
2011-01-03,baeza,72000,0.0,14.9,0.0
2011-01-03,baza,28000,0.0,16.4,0.0
2011-01-03,cabra,52000,0.0,17.2,0.0
2011-01-03,cordoba_capital,140000,0.0,17.2,0.0
2011-01-03,ecija,42000,0.0,18.4,0.0
2011-01-03,granada_capital,55000,0.0,15.7,0.0
2011-01-03,jaen_capital,165000,0.0,17.4,0.0
2011-01-03,linares,45000,0.0,17.1,0.0
2011-01-03,lucena,88000,0.0,16.6,0.0
2011-01-03,martos,68000,0.0,16.4,0.0
2011-01-03,sevilla_capital,75000,0.0,17.4,0.0
2011-01-03,ubeda,98000,0.0,15.2,0.0
2011-01-10,antequera,35000,0.0,16.6,0.0
2011-01-10,baeza,72000,0.0,15.2,0.0
2011-01-10,baza,28000,0.0,16.1,0.0
2011-01-10,cabra,52000,0.0,18.2,0.0
2011-01-10,cordoba_capital,140000,0.0,17.8,0.0
2011-01-10,ecija,42000,0.0,18.8,0.0
2011-01-10,granada_capital,55000,0.0,16.8,0.0
2011-01-10,jaen_capital,165000,0.0,17.4,0.0
2011-01-10,linares,45000,0.0,17.4,0.0
2011-01-10,lucena,88000,0.0,17.5,0.0
2011-01-10,martos,68000,0.0,16.6,0.0
2011-01-10,sevilla_capital,75000,0.0,18.1,0.0
2011-01-10,ubeda,98000,0.0,15.5,0.0
2011-01-17,antequera,35000,0.0,15.9,0.0
2011-01-17,baeza,72000,0.0,12.6,0.0
2011-01-17,baza,28000,0.0,14.9,0.0
2011-01-17,cabra,52000,0.0,15.4,0.0
2011-01-17,cordoba_capital,140000,0.0,16.1,0.0
2011-01-17,ecija,42000,0.0,16.4,0.0
2011-01-17,granada_capital,55000,0.0,16.2,0.0
2011-01-17,jaen_capital,165000,0.0,14.6,0.0
2011-01-17,linares,45000,0.0,14.9,0.0
2011-01-17,lucena,88000,0.0,14.9,0.0
2011-01-17,martos,68000,0.0,14.2,0.0
2011-01-17,sevilla_capital,75000,0.0,16.5,0.0
2011-01-17,ubeda,98000,0.0,12.9,0.0
2011-01-24,antequera,35000,0.0,11.5,0.0
2011-01-24,baeza,72000,0.0,9.3,0.0
2011-01-24,baza,28000,0.0,9.9,0.0
2011-01-24,cabra,52000,0.0,12.3,0.0
2011-01-24,cordoba_capital,140000,0.0,13.0,0.0
2011-01-24,ecija,42000,0.0,14.2,0.0
2011-01-24,granada_capital,55000,0.0,10.3,0.0
2011-01-24,jaen_capital,165000,0.0,11.8,0.0
2011-01-24,linares,45000,0.0,12.0,0.0
2011-01-24,lucena,88000,0.0,11.9,0.0
2011-01-24,martos,68000,0.0,11.0,0.0
2011-01-24,sevilla_capital,75000,0.0,14.4,0.0
2011-01-24,ubeda,98000,0.0,9.4,0.0
2011-01-31,antequera,35000,0.0,15.5,0.0
2011-01-31,baeza,72000,0.0,13.9,0.0
2011-01-31,baza,28000,0.0,15.5,0.0
2011-01-31,cabra,52000,0.0,16.4,0.0
2011-01-31,cordoba_capital,140000,0.0,17.5,0.0
2011-01-31,ecija,42000,0.0,18.0,0.0
2011-01-31,granada_capital,55000,0.0,15.7,0.0
2011-01-31,jaen_capital,165000,0.0,15.5,0.0
2011-01-31,linares,45000,0.0,16.4,0.0
2011-01-31,lucena,88000,0.0,16.0,0.0
2011-01-31,martos,68000,0.0,14.7,0.0
2011-01-31,sevilla_capital,75000,0.0,18.1,0.0
2011-01-31,ubeda,98000,0.0,14.2,0.0
2011-02-07,antequera,35000,0.0,15.8,0.0
2011-02-07,baeza,72000,0.0,13.4,0.0
2011-02-07,baza,28000,0.0,14.4,0.0
2011-02-07,cabra,52000,0.0,16.1,0.0
2011-02-07,cordoba_capital,140000,0.0,16.9,0.0
2011-02-07,ecija,42000,0.0,17.7,0.0
2011-02-07,granada_capital,55000,0.0,14.8,0.0
2011-02-07,jaen_capital,165000,0.0,15.6,0.0
2011-02-07,linares,45000,0.0,15.9,0.0
2011-02-07,lucena,88000,0.0,15.5,0.0
2011-02-07,martos,68000,0.0,14.8,0.0
2011-02-07,sevilla_capital,75000,0.0,18.1,0.0
2011-02-07,ubeda,98000,0.0,13.7,0.0
2011-02-14,antequera,35000,0.0,13.9,0.0
2011-02-14,baeza,72000,0.0,11.5,0.0
2011-02-14,baza,28000,0.0,13.0,0.0
2011-02-14,cabra,52000,0.0,14.3,0.0
2011-02-14,cordoba_capital,140000,0.0,16.6,0.0
2011-02-14,ecija,42000,0.0,16.9,0.0
2011-02-14,granada_capital,55000,0.0,12.6,0.0
2011-02-14,jaen_capital,165000,0.0,13.7,0.0
2011-02-14,linares,45000,0.0,14.4,0.0
2011-02-14,lucena,88000,0.0,13.8,0.0
2011-02-14,martos,68000,0.0,13.2,0.0
2011-02-14,sevilla_capital,75000,0.0,17.8,0.0
2011-02-14,ubeda,98000,0.0,11.6,0.0
2011-02-21,antequera,35000,0.0,20.9,0.0
2011-02-21,baeza,72000,0.0,17.2,0.0
2011-02-21,baza,28000,0.0,18.7,0.0
2011-02-21,cabra,52000,0.0,20.6,0.0
2011-02-21,cordoba_capital,140000,0.0,22.0,0.0
2011-02-21,ecija,42000,0.0,21.5,0.0
2011-02-21,granada_capital,55000,0.0,19.5,0.0
2011-02-21,jaen_capital,165000,0.0,19.6,0.0
2011-02-21,linares,45000,0.0,19.5,0.0
2011-02-21,lucena,88000,0.0,19.9,0.0
2011-02-21,martos,68000,0.0,19.0,0.0
2011-02-21,sevilla_capital,75000,0.0,22.6,0.0
2011-02-21,ubeda,98000,0.0,17.4,0.0
2011-02-28,antequera,35000,0.0,12.8,0.0
2011-02-28,baeza,72000,0.0,13.3,0.0
2011-02-28,baza,28000,0.0,11.4,0.0
2011-02-28,cabra,52000,0.0,15.3,0.0
2011-02-28,cordoba_capital,140000,0.0,16.4,0.0
2011-02-28,ecija,42000,0.0,16.9,0.0
2011-02-28,granada_capital,55000,0.0,14.1,0.0
2011-02-28,jaen_capital,165000,0.0,15.6,0.0
2011-02-28,linares,45000,0.0,16.1,0.0
2011-02-28,lucena,88000,0.0,14.7,0.0
2011-02-28,martos,68000,0.0,14.7,0.0
2011-02-28,sevilla_capital,75000,0.0,17.0,0.0
2011-02-28,ubeda,98000,0.0,13.3,0.0
2011-03-07,antequera,35000,0.0,14.6,0.0
2011-03-07,baeza,72000,0.0,14.6,0.0
2011-03-07,baza,28000,0.0,14.9,0.0
2011-03-07,cabra,52000,0.0,16.8,0.0
2011-03-07,cordoba_capital,140000,0.0,17.8,0.0
2011-03-07,ecija,42000,0.0,18.5,0.0
2011-03-07,granada_capital,55000,0.0,16.8,0.0
2011-03-07,jaen_capital,165000,0.0,17.1,0.0
2011-03-07,linares,45000,0.0,17.4,0.0
2011-03-07,lucena,88000,0.0,15.8,0.0
2011-03-07,martos,68000,0.0,16.3,0.0
2011-03-07,sevilla_capital,75000,0.0,18.6,0.0
2011-03-07,ubeda,98000,0.0,14.7,0.0
2011-03-14,antequera,35000,0.0,19.8,0.0
2011-03-14,baeza,72000,0.0,18.6,0.0
2011-03-14,baza,28000,0.0,19.6,0.0
2011-03-14,cabra,52000,0.0,21.1,0.0
2011-03-14,cordoba_capital,140000,0.0,22.5,0.0
2011-03-14,ecija,42000,0.0,23.1,0.0
2011-03-14,granada_capital,55000,0.0,19.5,0.0
2011-03-14,jaen_capital,165000,0.0,20.6,0.0
2011-03-14,linares,45000,0.0,21.3,0.0
2011-03-14,lucena,88000,0.0,20.7,0.0
2011-03-14,martos,68000,0.0,19.9,0.0
2011-03-14,sevilla_capital,75000,0.0,23.2,0.0
2011-03-14,ubeda,98000,0.0,18.8,0.0
2011-03-21,antequera,35000,0.0,18.4,0.0
2011-03-21,baeza,72000,0.0,17.4,0.0
2011-03-21,baza,28000,0.0,19.1,0.0
2011-03-21,cabra,52000,0.0,20.8,0.0
2011-03-21,cordoba_capital,140000,0.0,22.0,0.0
2011-03-21,ecija,42000,0.0,22.6,0.0
2011-03-21,granada_capital,55000,0.0,18.9,0.0
2011-03-21,jaen_capital,165000,0.0,19.5,0.0
2011-03-21,linares,45000,0.0,20.1,0.0
2011-03-21,lucena,88000,0.0,20.0,0.0
2011-03-21,martos,68000,0.0,19.5,0.0
2011-03-21,sevilla_capital,75000,0.0,23.2,0.0
2011-03-21,ubeda,98000,0.0,17.6,0.0
2011-03-28,antequera,35000,0.0,22.5,0.0
2011-03-28,baeza,72000,0.0,24.6,0.0
2011-03-28,baza,28000,0.0,26.3,0.0
2011-03-28,cabra,52000,0.0,26.4,0.0
2011-03-28,cordoba_capital,140000,0.0,26.3,0.0
2011-03-28,ecija,42000,0.0,26.9,0.0
2011-03-28,granada_capital,55000,0.0,24.8,0.0
2011-03-28,jaen_capital,165000,0.0,26.7,0.0
2011-03-28,linares,45000,0.0,26.7,0.0
2011-03-28,lucena,88000,0.0,25.2,0.0
2011-03-28,martos,68000,0.0,25.6,0.0
2011-03-28,sevilla_capital,75000,0.0,27.3,0.0
2011-03-28,ubeda,98000,0.0,25.0,0.0
2011-04-04,antequera,35000,0.0,26.1,0.0
2011-04-04,baeza,72000,0.0,27.1,0.0
2011-04-04,baza,28000,0.0,28.7,0.0
2011-04-04,cabra,52000,0.0,29.0,0.0
2011-04-04,cordoba_capital,140000,0.0,29.0,0.0
2011-04-04,ecija,42000,0.0,29.7,0.0
2011-04-04,granada_capital,55000,0.0,27.9,0.0
2011-04-04,jaen_capital,165000,0.0,28.7,0.0
2011-04-04,linares,45000,0.0,29.5,0.0
2011-04-04,lucena,88000,0.0,28.0,0.0
2011-04-04,martos,68000,0.0,27.5,0.0
2011-04-04,sevilla_capital,75000,0.0,28.4,0.0
2011-04-04,ubeda,98000,0.0,27.3,0.0
2011-04-11,antequera,35000,0.0,25.3,0.0
2011-04-11,baeza,72000,0.0,24.4,0.0
2011-04-11,baza,28000,0.0,26.2,0.0
2011-04-11,cabra,52000,0.0,26.5,0.0
2011-04-11,cordoba_capital,140000,0.0,28.4,0.0
2011-04-11,ecija,42000,0.0,29.1,0.0
2011-04-11,granada_capital,55000,0.0,25.7,0.0
2011-04-11,jaen_capital,165000,0.0,26.1,0.0
2011-04-11,linares,45000,0.0,26.9,0.0
2011-04-11,lucena,88000,0.0,26.3,0.0
2011-04-11,martos,68000,0.0,25.2,0.0
2011-04-11,sevilla_capital,75000,0.0,28.9,0.0
2011-04-11,ubeda,98000,0.0,24.7,0.0
2011-04-18,antequera,35000,0.0,18.5,0.0
2011-04-18,baeza,72000,0.0,21.4,0.0
2011-04-18,baza,28000,0.0,22.5,0.0
2011-04-18,cabra,52000,0.0,21.3,0.0
2011-04-18,cordoba_capital,140000,0.0,22.5,0.0
2011-04-18,ecija,42000,0.0,23.3,0.0
2011-04-18,granada_capital,55000,0.0,21.6,0.0
2011-04-18,jaen_capital,165000,0.0,23.0,0.0
2011-04-18,linares,45000,0.0,23.7,0.0
2011-04-18,lucena,88000,0.0,20.2,0.0
2011-04-18,martos,68000,0.0,21.5,0.0
2011-04-18,sevilla_capital,75000,0.0,24.3,0.0
2011-04-18,ubeda,98000,0.0,21.8,0.0
2011-04-25,antequera,35000,0.0,21.3,0.0
2011-04-25,baeza,72000,0.0,20.6,0.0
2011-04-25,baza,28000,0.0,22.2,0.0
2011-04-25,cabra,52000,0.0,23.3,0.0
2011-04-25,cordoba_capital,140000,0.0,25.0,0.0
2011-04-25,ecija,42000,0.0,26.3,0.0
2011-04-25,granada_capital,55000,0.0,22.4,0.0
2011-04-25,jaen_capital,165000,0.0,22.7,0.0
2011-04-25,linares,45000,0.0,23.8,0.0
2011-04-25,lucena,88000,0.0,22.9,0.0
2011-04-25,martos,68000,0.0,21.9,0.0
2011-04-25,sevilla_capital,75000,0.0,25.7,0.0
2011-04-25,ubeda,98000,0.0,20.7,0.0
2011-05-02,antequera,35000,0.0,22.8,0.0
2011-05-02,baeza,72000,0.0,23.2,0.0
2011-05-02,baza,28000,0.0,23.2,0.0
2011-05-02,cabra,52000,0.0,24.3,0.0
2011-05-02,cordoba_capital,140000,0.0,25.1,0.0
2011-05-02,ecija,42000,0.0,25.5,0.0
2011-05-02,granada_capital,55000,0.0,24.6,0.0
2011-05-02,jaen_capital,165000,0.0,24.7,0.0
2011-05-02,linares,45000,0.0,25.6,0.0
2011-05-02,lucena,88000,0.0,24.0,0.0
2011-05-02,martos,68000,0.0,23.2,0.0
2011-05-02,sevilla_capital,75000,0.0,25.3,0.0
2011-05-02,ubeda,98000,0.0,23.7,0.0
2011-05-09,antequera,35000,0.0,25.9,0.0
2011-05-09,baeza,72000,0.0,26.0,0.0
2011-05-09,baza,28000,0.0,26.5,0.0
2011-05-09,cabra,52000,0.0,27.7,0.0
2011-05-09,cordoba_capital,140000,0.0,29.4,0.0
2011-05-09,ecija,42000,0.0,30.5,0.0
2011-05-09,granada_capital,55000,0.0,26.4,0.0
2011-05-09,jaen_capital,165000,0.0,27.8,0.0
2011-05-09,linares,45000,0.0,28.6,0.0
2011-05-09,lucena,88000,0.0,27.4,0.0
2011-05-09,martos,68000,0.0,27.2,0.0
2011-05-09,sevilla_capital,75000,0.0,30.1,0.0
2011-05-09,ubeda,98000,0.0,26.1,0.0
2011-05-16,antequera,35000,0.0,23.7,0.0
2011-05-16,baeza,72000,0.0,24.8,0.0
2011-05-16,baza,28000,0.0,24.9,0.0
2011-05-16,cabra,52000,0.0,26.5,0.0
2011-05-16,cordoba_capital,140000,0.0,29.2,0.0
2011-05-16,ecija,42000,0.0,29.6,0.0
2011-05-16,granada_capital,55000,0.0,25.2,0.0
2011-05-16,jaen_capital,165000,0.0,26.3,0.0
2011-05-16,linares,45000,0.0,27.7,0.0
2011-05-16,lucena,88000,0.0,26.1,0.0
2011-05-16,martos,68000,0.0,25.2,0.0
2011-05-16,sevilla_capital,75000,0.0,28.9,0.0
2011-05-16,ubeda,98000,0.0,25.1,0.0
2011-05-23,antequera,35000,0.0,26.0,0.0
2011-05-23,baeza,72000,0.0,28.1,0.0
2011-05-23,baza,28000,0.0,28.3,0.0
2011-05-23,cabra,52000,0.0,29.5,0.0
2011-05-23,cordoba_capital,140000,0.0,32.1,0.0
2011-05-23,ecija,42000,0.0,32.3,0.0
2011-05-23,granada_capital,55000,0.0,27.4,0.0
2011-05-23,jaen_capital,165000,0.0,29.5,0.0
2011-05-23,linares,45000,0.0,30.7,0.0
2011-05-23,lucena,88000,0.0,28.7,0.0
2011-05-23,martos,68000,0.0,28.2,0.0
2011-05-23,sevilla_capital,75000,0.0,31.8,0.0
2011-05-23,ubeda,98000,0.0,28.5,0.0
2011-05-30,antequera,35000,0.0,24.3,0.0
2011-05-30,baeza,72000,0.0,23.3,0.0
2011-05-30,baza,28000,0.0,24.6,0.0
2011-05-30,cabra,52000,0.0,25.7,0.0
2011-05-30,cordoba_capital,140000,0.0,29.1,0.0
2011-05-30,ecija,42000,0.0,29.6,0.0
2011-05-30,granada_capital,55000,0.0,23.5,0.0
2011-05-30,jaen_capital,165000,0.0,25.0,0.0
2011-05-30,linares,45000,0.0,26.3,0.0
2011-05-30,lucena,88000,0.0,25.0,0.0
2011-05-30,martos,68000,0.0,24.6,0.0
2011-05-30,sevilla_capital,75000,0.0,29.6,0.0
2011-05-30,ubeda,98000,0.0,23.6,0.0
2011-06-06,antequera,35000,0.0,27.2,0.0
2011-06-06,baeza,72000,0.0,27.9,0.0
2011-06-06,baza,28000,0.0,30.2,0.0
2011-06-06,cabra,52000,0.0,29.9,0.0
2011-06-06,cordoba_capital,140000,0.0,33.3,0.0
2011-06-06,ecija,42000,0.0,34.2,0.0
2011-06-06,granada_capital,55000,0.0,28.8,0.0
2011-06-06,jaen_capital,165000,0.0,29.7,0.0
2011-06-06,linares,45000,0.0,30.7,0.0
2011-06-06,lucena,88000,0.0,29.4,0.0
2011-06-06,martos,68000,0.0,28.8,0.0
2011-06-06,sevilla_capital,75000,0.0,33.0,0.0
2011-06-06,ubeda,98000,0.0,28.1,0.0
2011-06-13,antequera,35000,0.0,32.5,0.0
2011-06-13,baeza,72000,0.0,30.8,0.0
2011-06-13,baza,28000,0.0,33.0,0.0
2011-06-13,cabra,52000,0.0,32.4,0.0
2011-06-13,cordoba_capital,140000,0.0,35.6,0.0
2011-06-13,ecija,42000,0.0,35.8,0.0
2011-06-13,granada_capital,55000,0.0,31.3,0.0
2011-06-13,jaen_capital,165000,0.0,32.1,0.0
2011-06-13,linares,45000,0.0,33.5,0.0
2011-06-13,lucena,88000,0.0,31.8,0.0
2011-06-13,martos,68000,0.0,30.8,0.0
2011-06-13,sevilla_capital,75000,0.0,35.3,0.0
2011-06-13,ubeda,98000,0.0,31.3,0.0
2011-06-20,antequera,35000,0.0,33.4,0.0
2011-06-20,baeza,72000,0.0,35.5,0.0
2011-06-20,baza,28000,0.0,35.0,0.0
2011-06-20,cabra,52000,0.0,35.5,0.0
2011-06-20,cordoba_capital,140000,0.0,38.8,0.0
2011-06-20,ecija,42000,0.0,38.5,0.0
2011-06-20,granada_capital,55000,0.0,34.5,0.0
2011-06-20,jaen_capital,165000,0.0,36.6,0.0
2011-06-20,linares,45000,0.0,38.1,0.0
2011-06-20,lucena,88000,0.0,34.1,0.0
2011-06-20,martos,68000,0.0,34.8,0.0
2011-06-20,sevilla_capital,75000,0.0,38.9,0.0
2011-06-20,ubeda,98000,0.0,36.2,0.0
2011-06-27,antequera,35000,0.0,35.9,0.0
2011-06-27,baeza,72000,0.0,34.8,0.0
2011-06-27,baza,28000,0.0,36.6,0.0
2011-06-27,cabra,52000,0.0,36.3,0.0
2011-06-27,cordoba_capital,140000,0.0,39.2,0.0
2011-06-27,ecija,42000,0.0,39.5,0.0
2011-06-27,granada_capital,55000,0.0,34.9,0.0
2011-06-27,jaen_capital,165000,0.0,36.1,0.0
2011-06-27,linares,45000,0.0,37.0,0.0
2011-06-27,lucena,88000,0.0,36.0,0.0
2011-06-27,martos,68000,0.0,34.5,0.0
2011-06-27,sevilla_capital,75000,0.0,38.3,0.0
2011-06-27,ubeda,98000,0.0,35.4,0.0
2011-07-04,antequera,35000,0.0,34.6,0.0
2011-07-04,baeza,72000,0.0,32.8,0.0
2011-07-04,baza,28000,0.0,35.6,0.0
2011-07-04,cabra,52000,0.0,34.1,0.0
2011-07-04,cordoba_capital,140000,0.0,36.6,0.0
2011-07-04,ecija,42000,0.0,36.8,0.0
2011-07-04,granada_capital,55000,0.0,33.8,0.0
2011-07-04,jaen_capital,165000,0.0,34.3,0.0
2011-07-04,linares,45000,0.0,34.9,0.0
2011-07-04,lucena,88000,0.0,33.9,0.0
2011-07-04,martos,68000,0.0,32.8,0.0
2011-07-04,sevilla_capital,75000,0.0,36.4,0.0
2011-07-04,ubeda,98000,0.0,33.3,0.0
2011-07-11,antequera,35000,0.0,33.0,0.0
2011-07-11,baeza,72000,0.0,34.1,0.0
2011-07-11,baza,28000,0.0,37.3,0.0
2011-07-11,cabra,52000,0.0,34.6,0.0
2011-07-11,cordoba_capital,140000,0.0,37.0,0.0
2011-07-11,ecija,42000,0.0,37.0,0.0
2011-07-11,granada_capital,55000,0.0,34.0,0.0
2011-07-11,jaen_capital,165000,0.0,35.5,0.0
2011-07-11,linares,45000,0.0,35.8,0.0
2011-07-11,lucena,88000,0.0,33.8,0.0
2011-07-11,martos,68000,0.0,33.6,0.0
2011-07-11,sevilla_capital,75000,0.0,36.4,0.0
2011-07-11,ubeda,98000,0.0,34.8,0.0
2011-07-18,antequera,35000,0.0,31.7,0.0
2011-07-18,baeza,72000,0.0,33.2,0.0
2011-07-18,baza,28000,0.0,34.6,0.0
2011-07-18,cabra,52000,0.0,34.5,0.0
2011-07-18,cordoba_capital,140000,0.0,37.4,0.0
2011-07-18,ecija,42000,0.0,37.1,0.0
2011-07-18,granada_capital,55000,0.0,33.7,0.0
2011-07-18,jaen_capital,165000,0.0,34.6,0.0
2011-07-18,linares,45000,0.0,35.5,0.0
2011-07-18,lucena,88000,0.0,34.1,0.0
2011-07-18,martos,68000,0.0,33.2,0.0
2011-07-18,sevilla_capital,75000,0.0,36.6,0.0
2011-07-18,ubeda,98000,0.0,33.6,0.0
2011-07-25,antequera,35000,0.0,33.8,0.0
2011-07-25,baeza,72000,0.0,34.5,0.0
2011-07-25,baza,28000,0.0,34.5,0.0
2011-07-25,cabra,52000,0.0,36.6,0.0
2011-07-25,cordoba_capital,140000,0.0,39.4,0.0
2011-07-25,ecija,42000,0.0,39.6,0.0
2011-07-25,granada_capital,55000,0.0,34.4,0.0
2011-07-25,jaen_capital,165000,0.0,36.3,0.0
2011-07-25,linares,45000,0.0,36.9,0.0
2011-07-25,lucena,88000,0.0,36.0,0.0
2011-07-25,martos,68000,0.0,35.1,0.0
2011-07-25,sevilla_capital,75000,0.0,38.6,0.0
2011-07-25,ubeda,98000,0.0,34.7,0.0
2011-08-01,antequera,35000,0.0,35.1,0.0
2011-08-01,baeza,72000,0.0,35.3,0.0
2011-08-01,baza,28000,0.0,35.7,0.0
2011-08-01,cabra,52000,0.0,35.9,0.0
2011-08-01,cordoba_capital,140000,0.0,37.2,0.0
2011-08-01,ecija,42000,0.0,37.0,0.0
2011-08-01,granada_capital,55000,0.0,34.9,0.0
2011-08-01,jaen_capital,165000,0.0,35.9,0.0
2011-08-01,linares,45000,0.0,37.7,0.0
2011-08-01,lucena,88000,0.0,34.2,0.0
2011-08-01,martos,68000,0.0,34.3,0.0
2011-08-01,sevilla_capital,75000,0.0,36.7,0.0
2011-08-01,ubeda,98000,0.0,35.8,0.0
2011-08-08,antequera,35000,0.0,36.7,0.0
2011-08-08,baeza,72000,0.0,35.6,0.0
2011-08-08,baza,28000,0.0,37.1,0.0
2011-08-08,cabra,52000,0.0,36.4,0.0
2011-08-08,cordoba_capital,140000,0.0,38.8,0.0
2011-08-08,ecija,42000,0.0,39.0,0.0
2011-08-08,granada_capital,55000,0.0,36.2,0.0
2011-08-08,jaen_capital,165000,0.0,36.7,0.0
2011-08-08,linares,45000,0.0,37.7,0.0
2011-08-08,lucena,88000,0.0,36.3,0.0
2011-08-08,martos,68000,0.0,35.4,0.0
2011-08-08,sevilla_capital,75000,0.0,39.0,0.0
2011-08-08,ubeda,98000,0.0,36.1,0.0
2011-08-15,antequera,35000,0.0,35.5,0.0
2011-08-15,baeza,72000,0.0,37.6,0.0
2011-08-15,baza,28000,0.0,37.0,0.0
2011-08-15,cabra,52000,0.0,39.1,0.0
2011-08-15,cordoba_capital,140000,0.0,42.1,0.0
2011-08-15,ecija,42000,0.0,40.6,0.0
2011-08-15,granada_capital,55000,0.0,37.6,0.0
2011-08-15,jaen_capital,165000,0.0,39.8,0.0
2011-08-15,linares,45000,0.0,40.2,0.0
2011-08-15,lucena,88000,0.0,37.5,0.0
2011-08-15,martos,68000,0.0,38.7,0.0
2011-08-15,sevilla_capital,75000,0.0,41.6,0.0
2011-08-15,ubeda,98000,0.0,37.9,0.0
2011-08-22,antequera,35000,0.0,32.8,0.0
2011-08-22,baeza,72000,0.0,32.0,0.0
2011-08-22,baza,28000,0.0,35.0,0.0
2011-08-22,cabra,52000,0.0,33.3,0.0
2011-08-22,cordoba_capital,140000,0.0,34.9,0.0
2011-08-22,ecija,42000,0.0,35.4,0.0
2011-08-22,granada_capital,55000,0.0,33.0,0.0
2011-08-22,jaen_capital,165000,0.0,33.5,0.0
2011-08-22,linares,45000,0.0,34.1,0.0
2011-08-22,lucena,88000,0.0,32.9,0.0
2011-08-22,martos,68000,0.0,32.2,0.0
2011-08-22,sevilla_capital,75000,0.0,34.7,0.0
2011-08-22,ubeda,98000,0.0,32.5,0.0
2011-08-29,antequera,35000,0.0,31.3,0.0
2011-08-29,baeza,72000,0.0,29.8,0.0
2011-08-29,baza,28000,0.0,31.3,0.0
2011-08-29,cabra,52000,0.0,32.9,0.0
2011-08-29,cordoba_capital,140000,0.0,34.0,0.0
2011-08-29,ecija,42000,0.0,34.8,0.0
2011-08-29,granada_capital,55000,0.0,31.2,0.0
2011-08-29,jaen_capital,165000,0.0,32.3,0.0
2011-08-29,linares,45000,0.0,32.7,0.0
2011-08-29,lucena,88000,0.0,32.2,0.0
2011-08-29,martos,68000,0.0,31.2,0.0
2011-08-29,sevilla_capital,75000,0.0,33.3,0.0
2011-08-29,ubeda,98000,0.0,30.2,0.0
2011-09-05,antequera,35000,0.0,31.6,0.0
2011-09-05,baeza,72000,0.0,33.0,0.0
2011-09-05,baza,28000,0.0,33.1,0.0
2011-09-05,cabra,52000,0.0,34.5,0.0
2011-09-05,cordoba_capital,140000,0.0,37.5,0.0
2011-09-05,ecija,42000,0.0,37.9,0.0
2011-09-05,granada_capital,55000,0.0,34.0,0.0
2011-09-05,jaen_capital,165000,0.0,34.7,0.0
2011-09-05,linares,45000,0.0,35.9,0.0
2011-09-05,lucena,88000,0.0,33.0,0.0
2011-09-05,martos,68000,0.0,33.7,0.0
2011-09-05,sevilla_capital,75000,0.0,35.5,0.0
2011-09-05,ubeda,98000,0.0,33.6,0.0
2011-09-12,antequera,35000,0.0,32.1,0.0
2011-09-12,baeza,72000,0.0,32.0,0.0
2011-09-12,baza,28000,0.0,33.1,0.0
2011-09-12,cabra,52000,0.0,33.8,0.0
2011-09-12,cordoba_capital,140000,0.0,36.5,0.0
2011-09-12,ecija,42000,0.0,36.8,0.0
2011-09-12,granada_capital,55000,0.0,33.1,0.0
2011-09-12,jaen_capital,165000,0.0,33.9,0.0
2011-09-12,linares,45000,0.0,34.9,0.0
2011-09-12,lucena,88000,0.0,32.8,0.0
2011-09-12,martos,68000,0.0,33.0,0.0
2011-09-12,sevilla_capital,75000,0.0,35.7,0.0
2011-09-12,ubeda,98000,0.0,32.6,0.0
2011-09-19,antequera,35000,0.0,27.8,0.0
2011-09-19,baeza,72000,0.0,29.8,0.0
2011-09-19,baza,28000,0.0,30.2,0.0
2011-09-19,cabra,52000,0.0,31.6,0.0
2011-09-19,cordoba_capital,140000,0.0,33.4,0.0
2011-09-19,ecija,42000,0.0,33.8,0.0
2011-09-19,granada_capital,55000,0.0,31.2,0.0
2011-09-19,jaen_capital,165000,0.0,31.9,0.0
2011-09-19,linares,45000,0.0,32.3,0.0
2011-09-19,lucena,88000,0.0,30.1,0.0
2011-09-19,martos,68000,0.0,30.8,0.0
2011-09-19,sevilla_capital,75000,0.0,33.6,0.0
2011-09-19,ubeda,98000,0.0,30.3,0.0
2011-09-26,antequera,35000,0.0,26.9,0.0
2011-09-26,baeza,72000,0.0,29.0,0.0
2011-09-26,baza,28000,0.0,27.8,0.0
2011-09-26,cabra,52000,0.0,30.4,0.0
2011-09-26,cordoba_capital,140000,0.0,33.0,0.0
2011-09-26,ecija,42000,0.0,32.7,0.0
2011-09-26,granada_capital,55000,0.0,29.8,0.0
2011-09-26,jaen_capital,165000,0.0,30.8,0.0
2011-09-26,linares,45000,0.0,31.6,0.0
2011-09-26,lucena,88000,0.0,29.1,0.0
2011-09-26,martos,68000,0.0,30.0,0.0
2011-09-26,sevilla_capital,75000,0.0,32.8,0.0
2011-09-26,ubeda,98000,0.0,29.3,0.0
2011-10-03,antequera,35000,0.0,30.2,0.0
2011-10-03,baeza,72000,0.0,28.2,0.0
2011-10-03,baza,28000,0.0,28.4,0.0
2011-10-03,cabra,52000,0.0,30.7,0.0
2011-10-03,cordoba_capital,140000,0.0,33.3,0.0
2011-10-03,ecija,42000,0.0,33.4,0.0
2011-10-03,granada_capital,55000,0.0,29.7,0.0
2011-10-03,jaen_capital,165000,0.0,29.7,0.0
2011-10-03,linares,45000,0.0,31.1,0.0
2011-10-03,lucena,88000,0.0,29.9,0.0
2011-10-03,martos,68000,0.0,29.1,0.0
2011-10-03,sevilla_capital,75000,0.0,33.6,0.0
2011-10-03,ubeda,98000,0.0,28.4,0.0
2011-10-10,antequera,35000,0.0,29.2,0.0
2011-10-10,baeza,72000,0.0,29.4,0.0
2011-10-10,baza,28000,0.0,29.2,0.0
2011-10-10,cabra,52000,0.0,31.4,0.0
2011-10-10,cordoba_capital,140000,0.0,33.8,0.0
2011-10-10,ecija,42000,0.0,34.2,0.0
2011-10-10,granada_capital,55000,0.0,30.2,0.0
2011-10-10,jaen_capital,165000,0.0,31.2,0.0
2011-10-10,linares,45000,0.0,32.0,0.0
2011-10-10,lucena,88000,0.0,30.8,0.0
2011-10-10,martos,68000,0.0,30.2,0.0
2011-10-10,sevilla_capital,75000,0.0,34.1,0.0
2011-10-10,ubeda,98000,0.0,29.6,0.0
2011-10-17,antequera,35000,0.0,25.2,0.0
2011-10-17,baeza,72000,0.0,23.6,0.0
2011-10-17,baza,28000,0.0,22.6,0.0
2011-10-17,cabra,52000,0.0,26.6,0.0
2011-10-17,cordoba_capital,140000,0.0,28.5,0.0
2011-10-17,ecija,42000,0.0,29.4,0.0
2011-10-17,granada_capital,55000,0.0,24.5,0.0
2011-10-17,jaen_capital,165000,0.0,25.8,0.0
2011-10-17,linares,45000,0.0,26.3,0.0
2011-10-17,lucena,88000,0.0,25.9,0.0
2011-10-17,martos,68000,0.0,25.0,0.0
2011-10-17,sevilla_capital,75000,0.0,29.3,0.0
2011-10-17,ubeda,98000,0.0,23.7,0.0
2011-10-24,antequera,35000,0.0,21.3,0.0
2011-10-24,baeza,72000,0.0,19.9,0.0
2011-10-24,baza,28000,0.0,18.7,0.0
2011-10-24,cabra,52000,0.0,22.4,0.0
2011-10-24,cordoba_capital,140000,0.0,23.7,0.0
2011-10-24,ecija,42000,0.0,24.1,0.0
2011-10-24,granada_capital,55000,0.0,21.2,0.0
2011-10-24,jaen_capital,165000,0.0,22.1,0.0
2011-10-24,linares,45000,0.0,22.7,0.0
2011-10-24,lucena,88000,0.0,21.8,0.0
2011-10-24,martos,68000,0.0,21.6,0.0
2011-10-24,sevilla_capital,75000,0.0,24.0,0.0
2011-10-24,ubeda,98000,0.0,20.1,0.0
2011-10-31,antequera,35000,0.0,20.5,0.0
2011-10-31,baeza,72000,0.0,19.5,0.0
2011-10-31,baza,28000,0.0,21.7,0.0
2011-10-31,cabra,52000,0.0,21.8,0.0
2011-10-31,cordoba_capital,140000,0.0,22.9,0.0
2011-10-31,ecija,42000,0.0,24.4,0.0
2011-10-31,granada_capital,55000,0.0,21.2,0.0
2011-10-31,jaen_capital,165000,0.0,21.6,0.0
2011-10-31,linares,45000,0.0,21.8,0.0
2011-10-31,lucena,88000,0.0,21.3,0.0
2011-10-31,martos,68000,0.0,20.9,0.0
2011-10-31,sevilla_capital,75000,0.0,24.4,0.0
2011-10-31,ubeda,98000,0.0,20.0,0.0
2011-11-07,antequera,35000,0.0,20.4,0.0
2011-11-07,baeza,72000,0.0,20.4,0.0
2011-11-07,baza,28000,0.0,20.9,0.0
2011-11-07,cabra,52000,0.0,23.9,0.0
2011-11-07,cordoba_capital,140000,0.0,23.8,0.0
2011-11-07,ecija,42000,0.0,25.1,0.0
2011-11-07,granada_capital,55000,0.0,23.2,0.0
2011-11-07,jaen_capital,165000,0.0,23.1,0.0
2011-11-07,linares,45000,0.0,22.9,0.0
2011-11-07,lucena,88000,0.0,22.8,0.0
2011-11-07,martos,68000,0.0,22.7,0.0
2011-11-07,sevilla_capital,75000,0.0,25.1,0.0
2011-11-07,ubeda,98000,0.0,20.4,0.0
2011-11-14,antequera,35000,0.0,16.5,0.0
2011-11-14,baeza,72000,0.0,16.9,0.0
2011-11-14,baza,28000,0.0,17.0,0.0
2011-11-14,cabra,52000,0.0,17.8,0.0
2011-11-14,cordoba_capital,140000,0.0,18.4,0.0
2011-11-14,ecija,42000,0.0,19.7,0.0
2011-11-14,granada_capital,55000,0.0,18.7,0.0
2011-11-14,jaen_capital,165000,0.0,18.7,0.0
2011-11-14,linares,45000,0.0,19.2,0.0
2011-11-14,lucena,88000,0.0,17.1,0.0
2011-11-14,martos,68000,0.0,17.5,0.0
2011-11-14,sevilla_capital,75000,0.0,19.3,0.0
2011-11-14,ubeda,98000,0.0,17.0,0.0
2011-11-21,antequera,35000,0.0,16.7,0.0
2011-11-21,baeza,72000,0.0,14.1,0.0
2011-11-21,baza,28000,0.0,13.9,0.0
2011-11-21,cabra,52000,0.0,17.2,0.0
2011-11-21,cordoba_capital,140000,0.0,18.4,0.0
2011-11-21,ecija,42000,0.0,18.8,0.0
2011-11-21,granada_capital,55000,0.0,15.9,0.0
2011-11-21,jaen_capital,165000,0.0,16.1,0.0
2011-11-21,linares,45000,0.0,16.7,0.0
2011-11-21,lucena,88000,0.0,16.6,0.0
2011-11-21,martos,68000,0.0,15.6,0.0
2011-11-21,sevilla_capital,75000,0.0,19.2,0.0
2011-11-21,ubeda,98000,0.0,14.3,0.0
2011-11-28,antequera,35000,0.0,15.9,0.0
2011-11-28,baeza,72000,0.0,14.3,0.0
2011-11-28,baza,28000,0.0,15.3,0.0
2011-11-28,cabra,52000,0.0,17.3,0.0
2011-11-28,cordoba_capital,140000,0.0,17.8,0.0
2011-11-28,ecija,42000,0.0,19.1,0.0
2011-11-28,granada_capital,55000,0.0,16.1,0.0
2011-11-28,jaen_capital,165000,0.0,16.4,0.0
2011-11-28,linares,45000,0.0,16.6,0.0
2011-11-28,lucena,88000,0.0,16.5,0.0
2011-11-28,martos,68000,0.0,15.8,0.0
2011-11-28,sevilla_capital,75000,0.0,18.2,0.0
2011-11-28,ubeda,98000,0.0,14.6,0.0
2011-12-05,antequera,35000,0.0,16.7,0.0
2011-12-05,baeza,72000,0.0,15.1,0.0
2011-12-05,baza,28000,0.0,17.4,0.0
2011-12-05,cabra,52000,0.0,18.4,0.0
2011-12-05,cordoba_capital,140000,0.0,18.0,0.0
2011-12-05,ecija,42000,0.0,18.1,0.0
2011-12-05,granada_capital,55000,0.0,17.4,0.0
2011-12-05,jaen_capital,165000,0.0,17.1,0.0
2011-12-05,linares,45000,0.0,17.0,0.0
2011-12-05,lucena,88000,0.0,17.4,0.0
2011-12-05,martos,68000,0.0,16.5,0.0
2011-12-05,sevilla_capital,75000,0.0,17.2,0.0
2011-12-05,ubeda,98000,0.0,15.4,0.0
2011-12-12,antequera,35000,0.0,15.0,0.0
2011-12-12,baeza,72000,0.0,10.3,0.0
2011-12-12,baza,28000,0.0,12.8,0.0
2011-12-12,cabra,52000,0.0,14.4,0.0
2011-12-12,cordoba_capital,140000,0.0,15.0,0.0
2011-12-12,ecija,42000,0.0,16.2,0.0
2011-12-12,granada_capital,55000,0.0,13.3,0.0
2011-12-12,jaen_capital,165000,0.0,13.3,0.0
2011-12-12,linares,45000,0.0,12.6,0.0
2011-12-12,lucena,88000,0.0,13.9,0.0
2011-12-12,martos,68000,0.0,12.9,0.0
2011-12-12,sevilla_capital,75000,0.0,16.9,0.0
2011-12-12,ubeda,98000,0.0,10.4,0.0
2011-12-19,antequera,35000,0.0,18.3,0.0
2011-12-19,baeza,72000,0.0,13.8,0.0
2011-12-19,baza,28000,0.0,17.4,0.0
2011-12-19,cabra,52000,0.0,18.0,0.0
2011-12-19,cordoba_capital,140000,0.0,18.8,0.0
2011-12-19,ecija,42000,0.0,19.0,0.0
2011-12-19,granada_capital,55000,0.0,18.8,0.0
2011-12-19,jaen_capital,165000,0.0,15.8,0.0
2011-12-19,linares,45000,0.0,15.9,0.0
2011-12-19,lucena,88000,0.0,17.1,0.0
2011-12-19,martos,68000,0.0,15.7,0.0
2011-12-19,sevilla_capital,75000,0.0,20.1,0.0
2011-12-19,ubeda,98000,0.0,14.1,0.0
2011-12-26,antequera,35000,0.0,15.9,0.0
2011-12-26,baeza,72000,0.0,13.0,0.0
2011-12-26,baza,28000,0.0,16.9,0.0
2011-12-26,cabra,52000,0.0,15.1,0.0
2011-12-26,cordoba_capital,140000,0.0,15.9,0.0
2011-12-26,ecija,42000,0.0,16.7,0.0
2011-12-26,granada_capital,55000,0.0,17.1,0.0
2011-12-26,jaen_capital,165000,0.0,15.1,0.0
2011-12-26,linares,45000,0.0,15.0,0.0
2011-12-26,lucena,88000,0.0,14.2,0.0
2011-12-26,martos,68000,0.0,14.3,0.0
2011-12-26,sevilla_capital,75000,0.0,17.2,0.0
2011-12-26,ubeda,98000,0.0,13.3,0.0
2012-01-02,antequera,35000,0.0,19.4,0.0
2012-01-02,baeza,72000,0.0,13.8,0.0
2012-01-02,baza,28000,0.0,16.6,0.0
2012-01-02,cabra,52000,0.0,19.0,0.0
2012-01-02,cordoba_capital,140000,0.0,18.9,0.0
2012-01-02,ecija,42000,0.0,19.6,0.0
2012-01-02,granada_capital,55000,0.0,18.7,0.0
2012-01-02,jaen_capital,165000,0.0,16.2,0.0
2012-01-02,linares,45000,0.0,16.2,0.0
2012-01-02,lucena,88000,0.0,17.9,0.0
2012-01-02,martos,68000,0.0,16.1,0.0
2012-01-02,sevilla_capital,75000,0.0,20.1,0.0
2012-01-02,ubeda,98000,0.0,14.0,0.0
2012-01-09,antequera,35000,0.0,14.6,0.0
2012-01-09,baeza,72000,0.0,13.3,0.0
2012-01-09,baza,28000,0.0,15.4,0.0
2012-01-09,cabra,52000,0.0,16.7,0.0
2012-01-09,cordoba_capital,140000,0.0,16.9,0.0
2012-01-09,ecija,42000,0.0,18.0,0.0
2012-01-09,granada_capital,55000,0.0,15.7,0.0
2012-01-09,jaen_capital,165000,0.0,15.2,0.0
2012-01-09,linares,45000,0.0,15.4,0.0
2012-01-09,lucena,88000,0.0,15.6,0.0
2012-01-09,martos,68000,0.0,14.6,0.0
2012-01-09,sevilla_capital,75000,0.0,17.6,0.0
2012-01-09,ubeda,98000,0.0,13.7,0.0
2012-01-16,antequera,35000,0.0,15.0,0.0
2012-01-16,baeza,72000,0.0,11.9,0.0
2012-01-16,baza,28000,0.0,14.0,0.0
2012-01-16,cabra,52000,0.0,15.0,0.0
2012-01-16,cordoba_capital,140000,0.0,16.7,0.0
2012-01-16,ecija,42000,0.0,17.1,0.0
2012-01-16,granada_capital,55000,0.0,14.8,0.0
2012-01-16,jaen_capital,165000,0.0,13.9,0.0
2012-01-16,linares,45000,0.0,14.5,0.0
2012-01-16,lucena,88000,0.0,14.5,0.0
2012-01-16,martos,68000,0.0,13.5,0.0
2012-01-16,sevilla_capital,75000,0.0,18.0,0.0
2012-01-16,ubeda,98000,0.0,12.1,0.0
2012-01-23,antequera,35000,0.0,14.5,0.0
2012-01-23,baeza,72000,0.0,12.7,0.0
2012-01-23,baza,28000,0.0,14.8,0.0
2012-01-23,cabra,52000,0.0,14.8,0.0
2012-01-23,cordoba_capital,140000,0.0,16.2,0.0
2012-01-23,ecija,42000,0.0,16.9,0.0
2012-01-23,granada_capital,55000,0.0,15.1,0.0
2012-01-23,jaen_capital,165000,0.0,14.4,0.0
2012-01-23,linares,45000,0.0,15.1,0.0
2012-01-23,lucena,88000,0.0,14.4,0.0
2012-01-23,martos,68000,0.0,13.7,0.0
2012-01-23,sevilla_capital,75000,0.0,16.9,0.0
2012-01-23,ubeda,98000,0.0,13.0,0.0
2012-01-30,antequera,35000,0.0,14.3,0.0
2012-01-30,baeza,72000,0.0,10.6,0.0
2012-01-30,baza,28000,0.0,13.4,0.0
2012-01-30,cabra,52000,0.0,13.7,0.0
2012-01-30,cordoba_capital,140000,0.0,15.2,0.0
2012-01-30,ecija,42000,0.0,16.1,0.0
2012-01-30,granada_capital,55000,0.0,13.3,0.0
2012-01-30,jaen_capital,165000,0.0,13.0,0.0
2012-01-30,linares,45000,0.0,13.0,0.0
2012-01-30,lucena,88000,0.0,13.1,0.0
2012-01-30,martos,68000,0.0,12.2,0.0
2012-01-30,sevilla_capital,75000,0.0,16.5,0.0
2012-01-30,ubeda,98000,0.0,10.8,0.0
2012-02-06,antequera,35000,0.0,14.4,0.0
2012-02-06,baeza,72000,0.0,9.7,0.0
2012-02-06,baza,28000,0.0,9.7,0.0
2012-02-06,cabra,52000,0.0,14.3,0.0
2012-02-06,cordoba_capital,140000,0.0,17.8,0.0
2012-02-06,ecija,42000,0.0,18.6,0.0
2012-02-06,granada_capital,55000,0.0,11.5,0.0
2012-02-06,jaen_capital,165000,0.0,13.0,0.0
2012-02-06,linares,45000,0.0,12.9,0.0
2012-02-06,lucena,88000,0.0,14.0,0.0
2012-02-06,martos,68000,0.0,12.6,0.0
2012-02-06,sevilla_capital,75000,0.0,19.8,0.0
2012-02-06,ubeda,98000,0.0,9.8,0.0
2012-02-13,antequera,35000,0.0,14.5,0.0
2012-02-13,baeza,72000,0.0,11.5,0.0
2012-02-13,baza,28000,0.0,13.1,0.0
2012-02-13,cabra,52000,0.0,14.1,0.0
2012-02-13,cordoba_capital,140000,0.0,17.6,0.0
2012-02-13,ecija,42000,0.0,18.1,0.0
2012-02-13,granada_capital,55000,0.0,13.9,0.0
2012-02-13,jaen_capital,165000,0.0,13.6,0.0
2012-02-13,linares,45000,0.0,14.6,0.0
2012-02-13,lucena,88000,0.0,13.9,0.0
2012-02-13,martos,68000,0.0,13.1,0.0
2012-02-13,sevilla_capital,75000,0.0,19.1,0.0
2012-02-13,ubeda,98000,0.0,11.6,0.0
2012-02-20,antequera,35000,0.0,17.4,0.0
2012-02-20,baeza,72000,0.0,15.0,0.0
2012-02-20,baza,28000,0.0,16.3,0.0
2012-02-20,cabra,52000,0.0,17.6,0.0
2012-02-20,cordoba_capital,140000,0.0,21.6,0.0
2012-02-20,ecija,42000,0.0,21.5,0.0
2012-02-20,granada_capital,55000,0.0,17.3,0.0
2012-02-20,jaen_capital,165000,0.0,17.0,0.0
2012-02-20,linares,45000,0.0,17.8,0.0
2012-02-20,lucena,88000,0.0,17.1,0.0
2012-02-20,martos,68000,0.0,16.5,0.0
2012-02-20,sevilla_capital,75000,0.0,22.1,0.0
2012-02-20,ubeda,98000,0.0,15.3,0.0
2012-02-27,antequera,35000,0.0,19.4,0.0
2012-02-27,baeza,72000,0.0,18.2,0.0
2012-02-27,baza,28000,0.0,19.8,0.0
2012-02-27,cabra,52000,0.0,20.2,0.0
2012-02-27,cordoba_capital,140000,0.0,22.5,0.0
2012-02-27,ecija,42000,0.0,22.6,0.0
2012-02-27,granada_capital,55000,0.0,20.2,0.0
2012-02-27,jaen_capital,165000,0.0,19.9,0.0
2012-02-27,linares,45000,0.0,20.9,0.0
2012-02-27,lucena,88000,0.0,19.7,0.0
2012-02-27,martos,68000,0.0,19.2,0.0
2012-02-27,sevilla_capital,75000,0.0,22.8,0.0
2012-02-27,ubeda,98000,0.0,18.6,0.0
2012-03-05,antequera,35000,0.0,18.6,0.0
2012-03-05,baeza,72000,0.0,16.8,0.0
2012-03-05,baza,28000,0.0,17.6,0.0
2012-03-05,cabra,52000,0.0,19.1,0.0
2012-03-05,cordoba_capital,140000,0.0,23.1,0.0
2012-03-05,ecija,42000,0.0,23.4,0.0
2012-03-05,granada_capital,55000,0.0,18.8,0.0
2012-03-05,jaen_capital,165000,0.0,18.5,0.0
2012-03-05,linares,45000,0.0,19.8,0.0
2012-03-05,lucena,88000,0.0,18.4,0.0
2012-03-05,martos,68000,0.0,17.9,0.0
2012-03-05,sevilla_capital,75000,0.0,25.2,0.0
2012-03-05,ubeda,98000,0.0,17.1,0.0
2012-03-12,antequera,35000,0.0,20.2,0.0
2012-03-12,baeza,72000,0.0,22.5,0.0
2012-03-12,baza,28000,0.0,22.6,0.0
2012-03-12,cabra,52000,0.0,23.7,0.0
2012-03-12,cordoba_capital,140000,0.0,26.5,0.0
2012-03-12,ecija,42000,0.0,27.3,0.0
2012-03-12,granada_capital,55000,0.0,23.6,0.0
2012-03-12,jaen_capital,165000,0.0,24.5,0.0
2012-03-12,linares,45000,0.0,25.3,0.0
2012-03-12,lucena,88000,0.0,22.7,0.0
2012-03-12,martos,68000,0.0,23.3,0.0
2012-03-12,sevilla_capital,75000,0.0,27.9,0.0
2012-03-12,ubeda,98000,0.0,22.9,0.0
2012-03-19,antequera,35000,0.0,18.9,0.0
2012-03-19,baeza,72000,0.0,21.2,0.0
2012-03-19,baza,28000,0.0,19.8,0.0
2012-03-19,cabra,52000,0.0,25.1,0.0
2012-03-19,cordoba_capital,140000,0.0,25.8,0.0
2012-03-19,ecija,42000,0.0,26.2,0.0
2012-03-19,granada_capital,55000,0.0,25.1,0.0
2012-03-19,jaen_capital,165000,0.0,24.7,0.0
2012-03-19,linares,45000,0.0,23.9,0.0
2012-03-19,lucena,88000,0.0,22.7,0.0
2012-03-19,martos,68000,0.0,24.5,0.0
2012-03-19,sevilla_capital,75000,0.0,27.8,0.0
2012-03-19,ubeda,98000,0.0,21.2,0.0
2012-03-26,antequera,35000,0.0,18.7,0.0
2012-03-26,baeza,72000,0.0,20.1,0.0
2012-03-26,baza,28000,0.0,20.9,0.0
2012-03-26,cabra,52000,0.0,23.3,0.0
2012-03-26,cordoba_capital,140000,0.0,24.9,0.0
2012-03-26,ecija,42000,0.0,25.3,0.0
2012-03-26,granada_capital,55000,0.0,21.0,0.0
2012-03-26,jaen_capital,165000,0.0,22.2,0.0
2012-03-26,linares,45000,0.0,22.7,0.0
2012-03-26,lucena,88000,0.0,22.0,0.0
2012-03-26,martos,68000,0.0,21.5,0.0
2012-03-26,sevilla_capital,75000,0.0,25.5,0.0
2012-03-26,ubeda,98000,0.0,20.4,0.0
2012-04-02,antequera,35000,0.0,19.8,0.0
2012-04-02,baeza,72000,0.0,17.0,0.0
2012-04-02,baza,28000,0.0,19.2,0.0
2012-04-02,cabra,52000,0.0,20.1,0.0
2012-04-02,cordoba_capital,140000,0.0,21.8,0.0
2012-04-02,ecija,42000,0.0,23.1,0.0
2012-04-02,granada_capital,55000,0.0,19.9,0.0
2012-04-02,jaen_capital,165000,0.0,19.3,0.0
2012-04-02,linares,45000,0.0,20.1,0.0
2012-04-02,lucena,88000,0.0,19.9,0.0
2012-04-02,martos,68000,0.0,18.9,0.0
2012-04-02,sevilla_capital,75000,0.0,23.1,0.0
2012-04-02,ubeda,98000,0.0,17.2,0.0
2012-04-09,antequera,35000,0.0,22.8,0.0
2012-04-09,baeza,72000,0.0,21.7,0.0
2012-04-09,baza,28000,0.0,24.4,0.0
2012-04-09,cabra,52000,0.0,24.9,0.0
2012-04-09,cordoba_capital,140000,0.0,26.7,0.0
2012-04-09,ecija,42000,0.0,28.6,0.0
2012-04-09,granada_capital,55000,0.0,23.7,0.0
2012-04-09,jaen_capital,165000,0.0,24.3,0.0
2012-04-09,linares,45000,0.0,24.5,0.0
2012-04-09,lucena,88000,0.0,24.3,0.0
2012-04-09,martos,68000,0.0,23.6,0.0
2012-04-09,sevilla_capital,75000,0.0,27.1,0.0
2012-04-09,ubeda,98000,0.0,21.9,0.0
2012-04-16,antequera,35000,0.0,21.4,0.0
2012-04-16,baeza,72000,0.0,17.5,0.0
2012-04-16,baza,28000,0.0,19.5,0.0
2012-04-16,cabra,52000,0.0,21.1,0.0
2012-04-16,cordoba_capital,140000,0.0,24.5,0.0
2012-04-16,ecija,42000,0.0,25.3,0.0
2012-04-16,granada_capital,55000,0.0,19.6,0.0
2012-04-16,jaen_capital,165000,0.0,20.4,0.0
2012-04-16,linares,45000,0.0,20.8,0.0
2012-04-16,lucena,88000,0.0,20.7,0.0
2012-04-16,martos,68000,0.0,19.8,0.0
2012-04-16,sevilla_capital,75000,0.0,24.9,0.0
2012-04-16,ubeda,98000,0.0,17.5,0.0
2012-04-23,antequera,35000,0.0,23.2,0.0
2012-04-23,baeza,72000,0.0,22.0,0.0
2012-04-23,baza,28000,0.0,26.5,0.0
2012-04-23,cabra,52000,0.0,23.9,0.0
2012-04-23,cordoba_capital,140000,0.0,24.7,0.0
2012-04-23,ecija,42000,0.0,25.7,0.0
2012-04-23,granada_capital,55000,0.0,23.3,0.0
2012-04-23,jaen_capital,165000,0.0,24.1,0.0
2012-04-23,linares,45000,0.0,24.0,0.0
2012-04-23,lucena,88000,0.0,23.1,0.0
2012-04-23,martos,68000,0.0,22.8,0.0
2012-04-23,sevilla_capital,75000,0.0,25.2,0.0
2012-04-23,ubeda,98000,0.0,22.4,0.0
2012-04-30,antequera,35000,0.0,18.7,0.0
2012-04-30,baeza,72000,0.0,18.0,0.0
2012-04-30,baza,28000,0.0,20.3,0.0
2012-04-30,cabra,52000,0.0,19.4,0.0
2012-04-30,cordoba_capital,140000,0.0,20.9,0.0
2012-04-30,ecija,42000,0.0,21.5,0.0
2012-04-30,granada_capital,55000,0.0,18.2,0.0
2012-04-30,jaen_capital,165000,0.0,19.9,0.0
2012-04-30,linares,45000,0.0,20.5,0.0
2012-04-30,lucena,88000,0.0,18.7,0.0
2012-04-30,martos,68000,0.0,18.8,0.0
2012-04-30,sevilla_capital,75000,0.0,20.7,0.0
2012-04-30,ubeda,98000,0.0,18.3,0.0
2012-05-07,antequera,35000,0.0,31.3,0.0
2012-05-07,baeza,72000,0.0,30.7,0.0
2012-05-07,baza,28000,0.0,32.2,0.0
2012-05-07,cabra,52000,0.0,32.4,0.0
2012-05-07,cordoba_capital,140000,0.0,35.3,0.0
2012-05-07,ecija,42000,0.0,36.5,0.0
2012-05-07,granada_capital,55000,0.0,32.0,0.0
2012-05-07,jaen_capital,165000,0.0,32.8,0.0
2012-05-07,linares,45000,0.0,33.6,0.0
2012-05-07,lucena,88000,0.0,32.1,0.0
2012-05-07,martos,68000,0.0,31.9,0.0
2012-05-07,sevilla_capital,75000,0.0,35.6,0.0
2012-05-07,ubeda,98000,0.0,30.9,0.0
2012-05-14,antequera,35000,0.0,32.6,0.0
2012-05-14,baeza,72000,0.0,30.8,0.0
2012-05-14,baza,28000,0.0,33.3,0.0
2012-05-14,cabra,52000,0.0,32.2,0.0
2012-05-14,cordoba_capital,140000,0.0,35.7,0.0
2012-05-14,ecija,42000,0.0,36.9,0.0
2012-05-14,granada_capital,55000,0.0,31.6,0.0
2012-05-14,jaen_capital,165000,0.0,32.6,0.0
2012-05-14,linares,45000,0.0,33.6,0.0
2012-05-14,lucena,88000,0.0,31.9,0.0
2012-05-14,martos,68000,0.0,31.6,0.0
2012-05-14,sevilla_capital,75000,0.0,36.6,0.0
2012-05-14,ubeda,98000,0.0,31.1,0.0
2012-05-21,antequera,35000,0.0,28.9,0.0
2012-05-21,baeza,72000,0.0,28.1,0.0
2012-05-21,baza,28000,0.0,30.7,0.0
2012-05-21,cabra,52000,0.0,30.1,0.0
2012-05-21,cordoba_capital,140000,0.0,33.4,0.0
2012-05-21,ecija,42000,0.0,34.2,0.0
2012-05-21,granada_capital,55000,0.0,29.5,0.0
2012-05-21,jaen_capital,165000,0.0,29.9,0.0
2012-05-21,linares,45000,0.0,31.1,0.0
2012-05-21,lucena,88000,0.0,29.3,0.0
2012-05-21,martos,68000,0.0,28.9,0.0
2012-05-21,sevilla_capital,75000,0.0,34.2,0.0
2012-05-21,ubeda,98000,0.0,28.4,0.0
2012-05-28,antequera,35000,0.0,30.3,0.0
2012-05-28,baeza,72000,0.0,32.1,0.0
2012-05-28,baza,28000,0.0,33.1,0.0
2012-05-28,cabra,52000,0.0,33.5,0.0
2012-05-28,cordoba_capital,140000,0.0,36.3,0.0
2012-05-28,ecija,42000,0.0,36.8,0.0
2012-05-28,granada_capital,55000,0.0,33.3,0.0
2012-05-28,jaen_capital,165000,0.0,34.3,0.0
2012-05-28,linares,45000,0.0,35.1,0.0
2012-05-28,lucena,88000,0.0,32.4,0.0
2012-05-28,martos,68000,0.0,33.1,0.0
2012-05-28,sevilla_capital,75000,0.0,36.7,0.0
2012-05-28,ubeda,98000,0.0,32.5,0.0
2012-06-04,antequera,35000,0.0,32.9,0.0
2012-06-04,baeza,72000,0.0,30.5,0.0
2012-06-04,baza,28000,0.0,33.9,0.0
2012-06-04,cabra,52000,0.0,32.5,0.0
2012-06-04,cordoba_capital,140000,0.0,35.1,0.0
2012-06-04,ecija,42000,0.0,35.4,0.0
2012-06-04,granada_capital,55000,0.0,32.9,0.0
2012-06-04,jaen_capital,165000,0.0,32.6,0.0
2012-06-04,linares,45000,0.0,33.2,0.0
2012-06-04,lucena,88000,0.0,32.1,0.0
2012-06-04,martos,68000,0.0,31.1,0.0
2012-06-04,sevilla_capital,75000,0.0,35.5,0.0
2012-06-04,ubeda,98000,0.0,31.1,0.0
2012-06-11,antequera,35000,0.0,32.5,0.0
2012-06-11,baeza,72000,0.0,32.5,0.0
2012-06-11,baza,28000,0.0,33.6,0.0
2012-06-11,cabra,52000,0.0,33.3,0.0
2012-06-11,cordoba_capital,140000,0.0,36.2,0.0
2012-06-11,ecija,42000,0.0,36.6,0.0
2012-06-11,granada_capital,55000,0.0,33.5,0.0
2012-06-11,jaen_capital,165000,0.0,34.4,0.0
2012-06-11,linares,45000,0.0,35.0,0.0
2012-06-11,lucena,88000,0.0,32.8,0.0
2012-06-11,martos,68000,0.0,32.7,0.0
2012-06-11,sevilla_capital,75000,0.0,36.0,0.0
2012-06-11,ubeda,98000,0.0,33.0,0.0
2012-06-18,antequera,35000,0.0,34.7,0.0
2012-06-18,baeza,72000,0.0,36.3,0.0
2012-06-18,baza,28000,0.0,38.6,0.0
2012-06-18,cabra,52000,0.0,38.5,0.0
2012-06-18,cordoba_capital,140000,0.0,40.8,0.0
2012-06-18,ecija,42000,0.0,41.2,0.0
2012-06-18,granada_capital,55000,0.0,37.6,0.0
2012-06-18,jaen_capital,165000,0.0,37.7,0.0
2012-06-18,linares,45000,0.0,39.0,0.0
2012-06-18,lucena,88000,0.0,37.8,0.0
2012-06-18,martos,68000,0.0,36.5,0.0
2012-06-18,sevilla_capital,75000,0.0,40.2,0.0
2012-06-18,ubeda,98000,0.0,36.8,0.0
2012-06-25,antequera,35000,0.0,36.8,0.0
2012-06-25,baeza,72000,0.0,38.2,0.0
2012-06-25,baza,28000,0.0,38.1,0.0
2012-06-25,cabra,52000,0.0,38.9,0.0
2012-06-25,cordoba_capital,140000,0.0,41.9,0.0
2012-06-25,ecija,42000,0.0,42.0,0.0
2012-06-25,granada_capital,55000,0.0,37.7,0.0
2012-06-25,jaen_capital,165000,0.0,39.9,0.0
2012-06-25,linares,45000,0.0,40.7,0.0
2012-06-25,lucena,88000,0.0,37.8,0.0
2012-06-25,martos,68000,0.0,38.3,0.0
2012-06-25,sevilla_capital,75000,0.0,41.6,0.0
2012-06-25,ubeda,98000,0.0,38.6,0.0
2012-07-02,antequera,35000,0.0,34.4,0.0
2012-07-02,baeza,72000,0.0,32.9,0.0
2012-07-02,baza,28000,0.0,36.3,0.0
2012-07-02,cabra,52000,0.0,34.3,0.0
2012-07-02,cordoba_capital,140000,0.0,36.8,0.0
2012-07-02,ecija,42000,0.0,37.3,0.0
2012-07-02,granada_capital,55000,0.0,34.6,0.0
2012-07-02,jaen_capital,165000,0.0,34.6,0.0
2012-07-02,linares,45000,0.0,35.1,0.0
2012-07-02,lucena,88000,0.0,33.9,0.0
2012-07-02,martos,68000,0.0,33.0,0.0
2012-07-02,sevilla_capital,75000,0.0,36.3,0.0
2012-07-02,ubeda,98000,0.0,33.4,0.0
2012-07-09,antequera,35000,0.0,36.2,0.0
2012-07-09,baeza,72000,0.0,35.8,0.0
2012-07-09,baza,28000,0.0,38.9,0.0
2012-07-09,cabra,52000,0.0,37.8,0.0
2012-07-09,cordoba_capital,140000,0.0,39.7,0.0
2012-07-09,ecija,42000,0.0,40.0,0.0
2012-07-09,granada_capital,55000,0.0,37.5,0.0
2012-07-09,jaen_capital,165000,0.0,37.6,0.0
2012-07-09,linares,45000,0.0,38.1,0.0
2012-07-09,lucena,88000,0.0,37.2,0.0
2012-07-09,martos,68000,0.0,36.2,0.0
2012-07-09,sevilla_capital,75000,0.0,38.8,0.0
2012-07-09,ubeda,98000,0.0,36.1,0.0
2012-07-16,antequera,35000,0.0,37.0,0.0
2012-07-16,baeza,72000,0.0,35.5,0.0
2012-07-16,baza,28000,0.0,36.1,0.0
2012-07-16,cabra,52000,0.0,37.9,0.0
2012-07-16,cordoba_capital,140000,0.0,40.6,0.0
2012-07-16,ecija,42000,0.0,40.8,0.0
2012-07-16,granada_capital,55000,0.0,36.6,0.0
2012-07-16,jaen_capital,165000,0.0,37.4,0.0
2012-07-16,linares,45000,0.0,38.2,0.0
2012-07-16,lucena,88000,0.0,37.5,0.0
2012-07-16,martos,68000,0.0,36.1,0.0
2012-07-16,sevilla_capital,75000,0.0,40.1,0.0
2012-07-16,ubeda,98000,0.0,35.7,0.0
2012-07-23,antequera,35000,0.0,32.8,0.0
2012-07-23,baeza,72000,0.0,33.3,0.0
2012-07-23,baza,28000,0.0,34.9,0.0
2012-07-23,cabra,52000,0.0,34.2,0.0
2012-07-23,cordoba_capital,140000,0.0,36.6,0.0
2012-07-23,ecija,42000,0.0,36.7,0.0
2012-07-23,granada_capital,55000,0.0,34.4,0.0
2012-07-23,jaen_capital,165000,0.0,34.6,0.0
2012-07-23,linares,45000,0.0,35.8,0.0
2012-07-23,lucena,88000,0.0,33.7,0.0
2012-07-23,martos,68000,0.0,33.3,0.0
2012-07-23,sevilla_capital,75000,0.0,35.8,0.0
2012-07-23,ubeda,98000,0.0,33.7,0.0
2012-07-30,antequera,35000,0.0,38.7,0.0
2012-07-30,baeza,72000,0.0,37.1,0.0
2012-07-30,baza,28000,0.0,39.7,0.0
2012-07-30,cabra,52000,0.0,38.7,0.0
2012-07-30,cordoba_capital,140000,0.0,40.2,0.0
2012-07-30,ecija,42000,0.0,40.6,0.0
2012-07-30,granada_capital,55000,0.0,39.2,0.0
2012-07-30,jaen_capital,165000,0.0,38.7,0.0
2012-07-30,linares,45000,0.0,39.5,0.0
2012-07-30,lucena,88000,0.0,38.0,0.0
2012-07-30,martos,68000,0.0,37.3,0.0
2012-07-30,sevilla_capital,75000,0.0,39.7,0.0
2012-07-30,ubeda,98000,0.0,37.4,0.0
2012-08-06,antequera,35000,0.0,39.3,0.0
2012-08-06,baeza,72000,0.0,39.7,0.0
2012-08-06,baza,28000,0.0,39.8,0.0
2012-08-06,cabra,52000,0.0,42.1,0.0
2012-08-06,cordoba_capital,140000,0.0,44.1,0.0
2012-08-06,ecija,42000,0.0,44.6,0.0
2012-08-06,granada_capital,55000,0.0,40.7,0.0
2012-08-06,jaen_capital,165000,0.0,41.4,0.0
2012-08-06,linares,45000,0.0,42.4,0.0
2012-08-06,lucena,88000,0.0,41.4,0.0
2012-08-06,martos,68000,0.0,40.3,0.0
2012-08-06,sevilla_capital,75000,0.0,43.2,0.0
2012-08-06,ubeda,98000,0.0,39.9,0.0
2012-08-13,antequera,35000,0.0,35.6,0.0
2012-08-13,baeza,72000,0.0,37.9,0.0
2012-08-13,baza,28000,0.0,39.7,0.0
2012-08-13,cabra,52000,0.0,39.2,0.0
2012-08-13,cordoba_capital,140000,0.0,39.8,0.0
2012-08-13,ecija,42000,0.0,39.9,0.0
2012-08-13,granada_capital,55000,0.0,38.8,0.0
2012-08-13,jaen_capital,165000,0.0,39.6,0.0
2012-08-13,linares,45000,0.0,40.8,0.0
2012-08-13,lucena,88000,0.0,38.0,0.0
2012-08-13,martos,68000,0.0,38.1,0.0
2012-08-13,sevilla_capital,75000,0.0,37.4,0.0
2012-08-13,ubeda,98000,0.0,38.9,0.0
2012-08-20,antequera,35000,0.0,36.4,0.0
2012-08-20,baeza,72000,0.0,36.5,0.0
2012-08-20,baza,28000,0.0,37.1,0.0
2012-08-20,cabra,52000,0.0,38.9,0.0
2012-08-20,cordoba_capital,140000,0.0,41.6,0.0
2012-08-20,ecija,42000,0.0,41.9,0.0
2012-08-20,granada_capital,55000,0.0,37.7,0.0
2012-08-20,jaen_capital,165000,0.0,38.5,0.0
2012-08-20,linares,45000,0.0,39.6,0.0
2012-08-20,lucena,88000,0.0,38.3,0.0
2012-08-20,martos,68000,0.0,37.5,0.0
2012-08-20,sevilla_capital,75000,0.0,41.6,0.0
2012-08-20,ubeda,98000,0.0,36.9,0.0
2012-08-27,antequera,35000,0.0,34.0,0.0
2012-08-27,baeza,72000,0.0,33.1,0.0
2012-08-27,baza,28000,0.0,35.0,0.0
2012-08-27,cabra,52000,0.0,34.7,0.0
2012-08-27,cordoba_capital,140000,0.0,36.2,0.0
2012-08-27,ecija,42000,0.0,36.2,0.0
2012-08-27,granada_capital,55000,0.0,34.7,0.0
2012-08-27,jaen_capital,165000,0.0,34.7,0.0
2012-08-27,linares,45000,0.0,35.7,0.0
2012-08-27,lucena,88000,0.0,34.1,0.0
2012-08-27,martos,68000,0.0,33.5,0.0
2012-08-27,sevilla_capital,75000,0.0,35.3,0.0
2012-08-27,ubeda,98000,0.0,33.4,0.0
2012-09-03,antequera,35000,0.0,29.6,0.0
2012-09-03,baeza,72000,0.0,31.6,0.0
2012-09-03,baza,28000,0.0,30.2,0.0
2012-09-03,cabra,52000,0.0,34.0,0.0
2012-09-03,cordoba_capital,140000,0.0,35.8,0.0
2012-09-03,ecija,42000,0.0,35.6,0.0
2012-09-03,granada_capital,55000,0.0,33.3,0.0
2012-09-03,jaen_capital,165000,0.0,34.4,0.0
2012-09-03,linares,45000,0.0,34.4,0.0
2012-09-03,lucena,88000,0.0,33.1,0.0
2012-09-03,martos,68000,0.0,33.6,0.0
2012-09-03,sevilla_capital,75000,0.0,35.5,0.0
2012-09-03,ubeda,98000,0.0,31.6,0.0
2012-09-10,antequera,35000,0.0,33.0,0.0
2012-09-10,baeza,72000,0.0,31.2,0.0
2012-09-10,baza,28000,0.0,33.3,0.0
2012-09-10,cabra,52000,0.0,33.3,0.0
2012-09-10,cordoba_capital,140000,0.0,36.6,0.0
2012-09-10,ecija,42000,0.0,36.6,0.0
2012-09-10,granada_capital,55000,0.0,33.1,0.0
2012-09-10,jaen_capital,165000,0.0,33.3,0.0
2012-09-10,linares,45000,0.0,33.9,0.0
2012-09-10,lucena,88000,0.0,32.8,0.0
2012-09-10,martos,68000,0.0,32.4,0.0
2012-09-10,sevilla_capital,75000,0.0,36.9,0.0
2012-09-10,ubeda,98000,0.0,31.7,0.0
2012-09-17,antequera,35000,0.0,33.0,0.0
2012-09-17,baeza,72000,0.0,30.5,0.0
2012-09-17,baza,28000,0.0,32.8,0.0
2012-09-17,cabra,52000,0.0,33.4,0.0
2012-09-17,cordoba_capital,140000,0.0,34.0,0.0
2012-09-17,ecija,42000,0.0,34.8,0.0
2012-09-17,granada_capital,55000,0.0,33.1,0.0
2012-09-17,jaen_capital,165000,0.0,32.7,0.0
2012-09-17,linares,45000,0.0,33.0,0.0
2012-09-17,lucena,88000,0.0,32.6,0.0
2012-09-17,martos,68000,0.0,31.9,0.0
2012-09-17,sevilla_capital,75000,0.0,33.6,0.0
2012-09-17,ubeda,98000,0.0,30.8,0.0
2012-09-24,antequera,35000,0.0,25.9,0.0
2012-09-24,baeza,72000,0.0,23.0,0.0
2012-09-24,baza,28000,0.0,25.1,0.0
2012-09-24,cabra,52000,0.0,25.3,0.0
2012-09-24,cordoba_capital,140000,0.0,26.8,0.0
2012-09-24,ecija,42000,0.0,27.5,0.0
2012-09-24,granada_capital,55000,0.0,24.7,0.0
2012-09-24,jaen_capital,165000,0.0,25.4,0.0
2012-09-24,linares,45000,0.0,25.4,0.0
2012-09-24,lucena,88000,0.0,24.7,0.0
2012-09-24,martos,68000,0.0,24.3,0.0
2012-09-24,sevilla_capital,75000,0.0,27.1,0.0
2012-09-24,ubeda,98000,0.0,23.3,0.0
2012-10-01,antequera,35000,0.0,26.1,0.0
2012-10-01,baeza,72000,0.0,25.9,0.0
2012-10-01,baza,28000,0.0,27.2,0.0
2012-10-01,cabra,52000,0.0,28.2,0.0
2012-10-01,cordoba_capital,140000,0.0,29.2,0.0
2012-10-01,ecija,42000,0.0,29.4,0.0
2012-10-01,granada_capital,55000,0.0,27.2,0.0
2012-10-01,jaen_capital,165000,0.0,27.7,0.0
2012-10-01,linares,45000,0.0,28.8,0.0
2012-10-01,lucena,88000,0.0,27.5,0.0
2012-10-01,martos,68000,0.0,26.8,0.0
2012-10-01,sevilla_capital,75000,0.0,29.0,0.0
2012-10-01,ubeda,98000,0.0,26.1,0.0
2012-10-08,antequera,35000,0.0,29.7,0.0
2012-10-08,baeza,72000,0.0,27.8,0.0
2012-10-08,baza,28000,0.0,28.5,0.0
2012-10-08,cabra,52000,0.0,30.2,0.0
2012-10-08,cordoba_capital,140000,0.0,31.7,0.0
2012-10-08,ecija,42000,0.0,31.6,0.0
2012-10-08,granada_capital,55000,0.0,29.6,0.0
2012-10-08,jaen_capital,165000,0.0,29.9,0.0
2012-10-08,linares,45000,0.0,30.6,0.0
2012-10-08,lucena,88000,0.0,29.5,0.0
2012-10-08,martos,68000,0.0,29.2,0.0
2012-10-08,sevilla_capital,75000,0.0,31.5,0.0
2012-10-08,ubeda,98000,0.0,27.9,0.0
2012-10-15,antequera,35000,0.0,22.7,0.0
2012-10-15,baeza,72000,0.0,23.8,0.0
2012-10-15,baza,28000,0.0,26.5,0.0
2012-10-15,cabra,52000,0.0,25.7,0.0
2012-10-15,cordoba_capital,140000,0.0,26.1,0.0
2012-10-15,ecija,42000,0.0,27.2,0.0
2012-10-15,granada_capital,55000,0.0,24.7,0.0
2012-10-15,jaen_capital,165000,0.0,26.1,0.0
2012-10-15,linares,45000,0.0,26.2,0.0
2012-10-15,lucena,88000,0.0,24.1,0.0
2012-10-15,martos,68000,0.0,24.8,0.0
2012-10-15,sevilla_capital,75000,0.0,25.2,0.0
2012-10-15,ubeda,98000,0.0,24.1,0.0
2012-10-22,antequera,35000,0.0,22.1,0.0
2012-10-22,baeza,72000,0.0,21.9,0.0
2012-10-22,baza,28000,0.0,22.1,0.0
2012-10-22,cabra,52000,0.0,25.2,0.0
2012-10-22,cordoba_capital,140000,0.0,27.2,0.0
2012-10-22,ecija,42000,0.0,28.3,0.0
2012-10-22,granada_capital,55000,0.0,23.0,0.0
2012-10-22,jaen_capital,165000,0.0,24.6,0.0
2012-10-22,linares,45000,0.0,24.6,0.0
2012-10-22,lucena,88000,0.0,23.9,0.0
2012-10-22,martos,68000,0.0,24.0,0.0
2012-10-22,sevilla_capital,75000,0.0,27.2,0.0
2012-10-22,ubeda,98000,0.0,22.1,0.0
2012-10-29,antequera,35000,0.0,19.7,0.0
2012-10-29,baeza,72000,0.0,16.6,0.0
2012-10-29,baza,28000,0.0,20.3,0.0
2012-10-29,cabra,52000,0.0,18.8,0.0
2012-10-29,cordoba_capital,140000,0.0,19.8,0.0
2012-10-29,ecija,42000,0.0,20.8,0.0
2012-10-29,granada_capital,55000,0.0,18.7,0.0
2012-10-29,jaen_capital,165000,0.0,18.9,0.0
2012-10-29,linares,45000,0.0,18.6,0.0
2012-10-29,lucena,88000,0.0,18.2,0.0
2012-10-29,martos,68000,0.0,17.9,0.0
2012-10-29,sevilla_capital,75000,0.0,21.4,0.0
2012-10-29,ubeda,98000,0.0,17.1,0.0
2012-11-05,antequera,35000,0.0,18.8,0.0
2012-11-05,baeza,72000,0.0,17.2,0.0
2012-11-05,baza,28000,0.0,18.2,0.0
2012-11-05,cabra,52000,0.0,23.0,0.0
2012-11-05,cordoba_capital,140000,0.0,22.1,0.0
2012-11-05,ecija,42000,0.0,22.4,0.0
2012-11-05,granada_capital,55000,0.0,22.0,0.0
2012-11-05,jaen_capital,165000,0.0,20.6,0.0
2012-11-05,linares,45000,0.0,19.8,0.0
2012-11-05,lucena,88000,0.0,21.2,0.0
2012-11-05,martos,68000,0.0,21.4,0.0
2012-11-05,sevilla_capital,75000,0.0,22.3,0.0
2012-11-05,ubeda,98000,0.0,17.0,0.0
2012-11-12,antequera,35000,0.0,17.2,0.0
2012-11-12,baeza,72000,0.0,18.0,0.0
2012-11-12,baza,28000,0.0,16.9,0.0
2012-11-12,cabra,52000,0.0,20.1,0.0
2012-11-12,cordoba_capital,140000,0.0,20.8,0.0
2012-11-12,ecija,42000,0.0,21.8,0.0
2012-11-12,granada_capital,55000,0.0,18.9,0.0
2012-11-12,jaen_capital,165000,0.0,20.9,0.0
2012-11-12,linares,45000,0.0,20.7,0.0
2012-11-12,lucena,88000,0.0,19.0,0.0
2012-11-12,martos,68000,0.0,19.7,0.0
2012-11-12,sevilla_capital,75000,0.0,21.7,0.0
2012-11-12,ubeda,98000,0.0,17.9,0.0
2012-11-19,antequera,35000,0.0,18.0,0.0
2012-11-19,baeza,72000,0.0,17.1,0.0
2012-11-19,baza,28000,0.0,18.4,0.0
2012-11-19,cabra,52000,0.0,19.8,0.0
2012-11-19,cordoba_capital,140000,0.0,19.8,0.0
2012-11-19,ecija,42000,0.0,21.0,0.0
2012-11-19,granada_capital,55000,0.0,18.8,0.0
2012-11-19,jaen_capital,165000,0.0,19.2,0.0
2012-11-19,linares,45000,0.0,19.3,0.0
2012-11-19,lucena,88000,0.0,19.2,0.0
2012-11-19,martos,68000,0.0,18.4,0.0
2012-11-19,sevilla_capital,75000,0.0,20.5,0.0
2012-11-19,ubeda,98000,0.0,17.3,0.0
2012-11-26,antequera,35000,0.0,18.1,0.0
2012-11-26,baeza,72000,0.0,15.0,0.0
2012-11-26,baza,28000,0.0,16.0,0.0
2012-11-26,cabra,52000,0.0,17.8,0.0
2012-11-26,cordoba_capital,140000,0.0,18.4,0.0
2012-11-26,ecija,42000,0.0,19.4,0.0
2012-11-26,granada_capital,55000,0.0,16.9,0.0
2012-11-26,jaen_capital,165000,0.0,17.2,0.0
2012-11-26,linares,45000,0.0,17.4,0.0
2012-11-26,lucena,88000,0.0,17.6,0.0
2012-11-26,martos,68000,0.0,16.5,0.0
2012-11-26,sevilla_capital,75000,0.0,19.2,0.0
2012-11-26,ubeda,98000,0.0,15.4,0.0
2012-12-03,antequera,35000,0.0,14.5,0.0
2012-12-03,baeza,72000,0.0,9.7,0.0
2012-12-03,baza,28000,0.0,12.4,0.0
2012-12-03,cabra,52000,0.0,14.5,0.0
2012-12-03,cordoba_capital,140000,0.0,14.2,0.0
2012-12-03,ecija,42000,0.0,15.7,0.0
2012-12-03,granada_capital,55000,0.0,12.3,0.0
2012-12-03,jaen_capital,165000,0.0,12.0,0.0
2012-12-03,linares,45000,0.0,11.9,0.0
2012-12-03,lucena,88000,0.0,13.8,0.0
2012-12-03,martos,68000,0.0,11.9,0.0
2012-12-03,sevilla_capital,75000,0.0,17.6,0.0
2012-12-03,ubeda,98000,0.0,9.9,0.0
2012-12-10,antequera,35000,0.0,16.4,0.0
2012-12-10,baeza,72000,0.0,12.2,0.0
2012-12-10,baza,28000,0.0,13.9,0.0
2012-12-10,cabra,52000,0.0,15.6,0.0
2012-12-10,cordoba_capital,140000,0.0,16.3,0.0
2012-12-10,ecija,42000,0.0,17.2,0.0
2012-12-10,granada_capital,55000,0.0,13.6,0.0
2012-12-10,jaen_capital,165000,0.0,15.0,0.0
2012-12-10,linares,45000,0.0,14.3,0.0
2012-12-10,lucena,88000,0.0,15.1,0.0
2012-12-10,martos,68000,0.0,14.2,0.0
2012-12-10,sevilla_capital,75000,0.0,17.4,0.0
2012-12-10,ubeda,98000,0.0,12.4,0.0
2012-12-17,antequera,35000,0.0,19.9,0.0
2012-12-17,baeza,72000,0.0,18.3,0.0
2012-12-17,baza,28000,0.0,20.5,0.0
2012-12-17,cabra,52000,0.0,21.6,0.0
2012-12-17,cordoba_capital,140000,0.0,20.3,0.0
2012-12-17,ecija,42000,0.0,20.3,0.0
2012-12-17,granada_capital,55000,0.0,21.2,0.0
2012-12-17,jaen_capital,165000,0.0,20.8,0.0
2012-12-17,linares,45000,0.0,20.1,0.0
2012-12-17,lucena,88000,0.0,20.7,0.0
2012-12-17,martos,68000,0.0,19.9,0.0
2012-12-17,sevilla_capital,75000,0.0,19.2,0.0
2012-12-17,ubeda,98000,0.0,18.7,0.0
2012-12-24,antequera,35000,0.0,19.9,0.0
2012-12-24,baeza,72000,0.0,17.0,0.0
2012-12-24,baza,28000,0.0,19.2,0.0
2012-12-24,cabra,52000,0.0,20.9,0.0
2012-12-24,cordoba_capital,140000,0.0,19.0,0.0
2012-12-24,ecija,42000,0.0,20.3,0.0
2012-12-24,granada_capital,55000,0.0,20.0,0.0
2012-12-24,jaen_capital,165000,0.0,19.6,0.0
2012-12-24,linares,45000,0.0,18.9,0.0
2012-12-24,lucena,88000,0.0,20.4,0.0
2012-12-24,martos,68000,0.0,19.0,0.0
2012-12-24,sevilla_capital,75000,0.0,18.7,0.0
2012-12-24,ubeda,98000,0.0,17.2,0.0
2012-12-31,antequera,35000,0.0,15.1,0.0
2012-12-31,baeza,72000,0.0,11.3,0.0
2012-12-31,baza,28000,0.0,14.3,0.0
2012-12-31,cabra,52000,0.0,14.9,0.0
2012-12-31,cordoba_capital,140000,0.0,15.2,0.0
2012-12-31,ecija,42000,0.0,15.7,0.0
2012-12-31,granada_capital,55000,0.0,15.5,0.0
2012-12-31,jaen_capital,165000,0.0,13.5,0.0
2012-12-31,linares,45000,0.0,13.5,0.0
2012-12-31,lucena,88000,0.0,14.0,0.0
2012-12-31,martos,68000,0.0,13.1,0.0
2012-12-31,sevilla_capital,75000,0.0,15.9,0.0
2012-12-31,ubeda,98000,0.0,11.5,0.0
2013-01-07,antequera,35000,0.0,14.4,0.0
2013-01-07,baeza,72000,0.0,11.4,0.0
2013-01-07,baza,28000,0.0,14.8,0.0
2013-01-07,cabra,52000,0.0,14.5,0.0
2013-01-07,cordoba_capital,140000,0.0,15.9,0.0
2013-01-07,ecija,42000,0.0,16.1,0.0
2013-01-07,granada_capital,55000,0.0,16.4,0.0
2013-01-07,jaen_capital,165000,0.0,13.0,0.0
2013-01-07,linares,45000,0.0,13.4,0.0
2013-01-07,lucena,88000,0.0,13.8,0.0
2013-01-07,martos,68000,0.0,12.5,0.0
2013-01-07,sevilla_capital,75000,0.0,17.5,0.0
2013-01-07,ubeda,98000,0.0,11.8,0.0
2013-01-14,antequera,35000,0.0,13.4,0.0
2013-01-14,baeza,72000,0.0,9.3,0.0
2013-01-14,baza,28000,0.0,10.8,0.0
2013-01-14,cabra,52000,0.0,12.5,0.0
2013-01-14,cordoba_capital,140000,0.0,14.4,0.0
2013-01-14,ecija,42000,0.0,16.0,0.0
2013-01-14,granada_capital,55000,0.0,11.9,0.0
2013-01-14,jaen_capital,165000,0.0,11.9,0.0
2013-01-14,linares,45000,0.0,11.7,0.0
2013-01-14,lucena,88000,0.0,12.0,0.0
2013-01-14,martos,68000,0.0,11.2,0.0
2013-01-14,sevilla_capital,75000,0.0,17.2,0.0
2013-01-14,ubeda,98000,0.0,9.6,0.0
2013-01-21,antequera,35000,0.0,15.1,0.0
2013-01-21,baeza,72000,0.0,11.5,0.0
2013-01-21,baza,28000,0.0,13.8,0.0
2013-01-21,cabra,52000,0.0,15.3,0.0
2013-01-21,cordoba_capital,140000,0.0,17.4,0.0
2013-01-21,ecija,42000,0.0,17.7,0.0
2013-01-21,granada_capital,55000,0.0,13.5,0.0
2013-01-21,jaen_capital,165000,0.0,13.4,0.0
2013-01-21,linares,45000,0.0,14.3,0.0
2013-01-21,lucena,88000,0.0,14.3,0.0
2013-01-21,martos,68000,0.0,13.1,0.0
2013-01-21,sevilla_capital,75000,0.0,18.5,0.0
2013-01-21,ubeda,98000,0.0,11.5,0.0
2013-01-28,antequera,35000,0.0,19.7,0.0
2013-01-28,baeza,72000,0.0,16.2,0.0
2013-01-28,baza,28000,0.0,18.3,0.0
2013-01-28,cabra,52000,0.0,19.5,0.0
2013-01-28,cordoba_capital,140000,0.0,19.5,0.0
2013-01-28,ecija,42000,0.0,19.3,0.0
2013-01-28,granada_capital,55000,0.0,19.2,0.0
2013-01-28,jaen_capital,165000,0.0,18.4,0.0
2013-01-28,linares,45000,0.0,18.3,0.0
2013-01-28,lucena,88000,0.0,18.8,0.0
2013-01-28,martos,68000,0.0,17.9,0.0
2013-01-28,sevilla_capital,75000,0.0,19.7,0.0
2013-01-28,ubeda,98000,0.0,16.4,0.0
2013-02-04,antequera,35000,0.0,16.7,0.0
2013-02-04,baeza,72000,0.0,12.6,0.0
2013-02-04,baza,28000,0.0,14.6,0.0
2013-02-04,cabra,52000,0.0,16.0,0.0
2013-02-04,cordoba_capital,140000,0.0,17.7,0.0
2013-02-04,ecija,42000,0.0,17.5,0.0
2013-02-04,granada_capital,55000,0.0,14.9,0.0
2013-02-04,jaen_capital,165000,0.0,14.9,0.0
2013-02-04,linares,45000,0.0,15.1,0.0
2013-02-04,lucena,88000,0.0,15.4,0.0
2013-02-04,martos,68000,0.0,14.4,0.0
2013-02-04,sevilla_capital,75000,0.0,18.3,0.0
2013-02-04,ubeda,98000,0.0,12.7,0.0
2013-02-11,antequera,35000,0.0,17.5,0.0
2013-02-11,baeza,72000,0.0,15.0,0.0
2013-02-11,baza,28000,0.0,16.5,0.0
2013-02-11,cabra,52000,0.0,18.1,0.0
2013-02-11,cordoba_capital,140000,0.0,18.9,0.0
2013-02-11,ecija,42000,0.0,19.6,0.0
2013-02-11,granada_capital,55000,0.0,16.7,0.0
2013-02-11,jaen_capital,165000,0.0,17.2,0.0
2013-02-11,linares,45000,0.0,17.5,0.0
2013-02-11,lucena,88000,0.0,17.8,0.0
2013-02-11,martos,68000,0.0,16.7,0.0
2013-02-11,sevilla_capital,75000,0.0,20.0,0.0
2013-02-11,ubeda,98000,0.0,15.2,0.0
2013-02-18,antequera,35000,0.0,15.2,0.0
2013-02-18,baeza,72000,0.0,12.3,0.0
2013-02-18,baza,28000,0.0,14.5,0.0
2013-02-18,cabra,52000,0.0,15.9,0.0
2013-02-18,cordoba_capital,140000,0.0,15.3,0.0
2013-02-18,ecija,42000,0.0,17.2,0.0
2013-02-18,granada_capital,55000,0.0,14.6,0.0
2013-02-18,jaen_capital,165000,0.0,14.7,0.0
2013-02-18,linares,45000,0.0,14.4,0.0
2013-02-18,lucena,88000,0.0,15.5,0.0
2013-02-18,martos,68000,0.0,14.0,0.0
2013-02-18,sevilla_capital,75000,0.0,17.3,0.0
2013-02-18,ubeda,98000,0.0,12.7,0.0
2013-02-25,antequera,35000,0.0,12.4,0.0
2013-02-25,baeza,72000,0.0,12.6,0.0
2013-02-25,baza,28000,0.0,11.2,0.0
2013-02-25,cabra,52000,0.0,14.9,0.0
2013-02-25,cordoba_capital,140000,0.0,15.8,0.0
2013-02-25,ecija,42000,0.0,17.1,0.0
2013-02-25,granada_capital,55000,0.0,13.9,0.0
2013-02-25,jaen_capital,165000,0.0,15.0,0.0
2013-02-25,linares,45000,0.0,15.3,0.0
2013-02-25,lucena,88000,0.0,14.4,0.0
2013-02-25,martos,68000,0.0,14.0,0.0
2013-02-25,sevilla_capital,75000,0.0,17.1,0.0
2013-02-25,ubeda,98000,0.0,12.8,0.0
2013-03-04,antequera,35000,0.0,17.7,0.0
2013-03-04,baeza,72000,0.0,13.9,0.0
2013-03-04,baza,28000,0.0,16.2,0.0
2013-03-04,cabra,52000,0.0,17.5,0.0
2013-03-04,cordoba_capital,140000,0.0,17.6,0.0
2013-03-04,ecija,42000,0.0,18.8,0.0
2013-03-04,granada_capital,55000,0.0,15.7,0.0
2013-03-04,jaen_capital,165000,0.0,16.4,0.0
2013-03-04,linares,45000,0.0,16.7,0.0
2013-03-04,lucena,88000,0.0,17.2,0.0
2013-03-04,martos,68000,0.0,15.8,0.0
2013-03-04,sevilla_capital,75000,0.0,18.2,0.0
2013-03-04,ubeda,98000,0.0,14.4,0.0
2013-03-11,antequera,35000,0.0,16.9,0.0
2013-03-11,baeza,72000,0.0,16.3,0.0
2013-03-11,baza,28000,0.0,18.4,0.0
2013-03-11,cabra,52000,0.0,17.7,0.0
2013-03-11,cordoba_capital,140000,0.0,18.1,0.0
2013-03-11,ecija,42000,0.0,18.9,0.0
2013-03-11,granada_capital,55000,0.0,17.6,0.0
2013-03-11,jaen_capital,165000,0.0,18.7,0.0
2013-03-11,linares,45000,0.0,18.3,0.0
2013-03-11,lucena,88000,0.0,17.1,0.0
2013-03-11,martos,68000,0.0,17.4,0.0
2013-03-11,sevilla_capital,75000,0.0,19.3,0.0
2013-03-11,ubeda,98000,0.0,16.6,0.0
2013-03-18,antequera,35000,0.0,16.1,0.0
2013-03-18,baeza,72000,0.0,18.4,0.0
2013-03-18,baza,28000,0.0,19.1,0.0
2013-03-18,cabra,52000,0.0,20.8,0.0
2013-03-18,cordoba_capital,140000,0.0,20.5,0.0
2013-03-18,ecija,42000,0.0,21.2,0.0
2013-03-18,granada_capital,55000,0.0,18.9,0.0
2013-03-18,jaen_capital,165000,0.0,20.7,0.0
2013-03-18,linares,45000,0.0,20.4,0.0
2013-03-18,lucena,88000,0.0,19.0,0.0
2013-03-18,martos,68000,0.0,19.7,0.0
2013-03-18,sevilla_capital,75000,0.0,20.2,0.0
2013-03-18,ubeda,98000,0.0,18.8,0.0
2013-03-25,antequera,35000,0.0,18.9,0.0
2013-03-25,baeza,72000,0.0,14.9,0.0
2013-03-25,baza,28000,0.0,17.4,0.0
2013-03-25,cabra,52000,0.0,18.4,0.0
2013-03-25,cordoba_capital,140000,0.0,19.7,0.0
2013-03-25,ecija,42000,0.0,19.9,0.0
2013-03-25,granada_capital,55000,0.0,17.0,0.0
2013-03-25,jaen_capital,165000,0.0,17.2,0.0
2013-03-25,linares,45000,0.0,17.6,0.0
2013-03-25,lucena,88000,0.0,17.7,0.0
2013-03-25,martos,68000,0.0,16.6,0.0
2013-03-25,sevilla_capital,75000,0.0,20.4,0.0
2013-03-25,ubeda,98000,0.0,15.0,0.0
2013-04-01,antequera,35000,0.0,16.4,0.0
2013-04-01,baeza,72000,0.0,14.5,0.0
2013-04-01,baza,28000,0.0,18.2,0.0
2013-04-01,cabra,52000,0.0,16.0,0.0
2013-04-01,cordoba_capital,140000,0.0,17.9,0.0
2013-04-01,ecija,42000,0.0,18.0,0.0
2013-04-01,granada_capital,55000,0.0,15.7,0.0
2013-04-01,jaen_capital,165000,0.0,16.3,0.0
2013-04-01,linares,45000,0.0,16.6,0.0
2013-04-01,lucena,88000,0.0,15.7,0.0
2013-04-01,martos,68000,0.0,15.2,0.0
2013-04-01,sevilla_capital,75000,0.0,18.5,0.0
2013-04-01,ubeda,98000,0.0,14.9,0.0
2013-04-08,antequera,35000,0.0,21.0,0.0
2013-04-08,baeza,72000,0.0,24.9,0.0
2013-04-08,baza,28000,0.0,25.0,0.0
2013-04-08,cabra,52000,0.0,26.6,0.0
2013-04-08,cordoba_capital,140000,0.0,26.1,0.0
2013-04-08,ecija,42000,0.0,26.8,0.0
2013-04-08,granada_capital,55000,0.0,25.6,0.0
2013-04-08,jaen_capital,165000,0.0,27.0,0.0
2013-04-08,linares,45000,0.0,27.6,0.0
2013-04-08,lucena,88000,0.0,24.9,0.0
2013-04-08,martos,68000,0.0,25.8,0.0
2013-04-08,sevilla_capital,75000,0.0,25.6,0.0
2013-04-08,ubeda,98000,0.0,25.1,0.0
2013-04-15,antequera,35000,0.0,25.3,0.0
2013-04-15,baeza,72000,0.0,26.5,0.0
2013-04-15,baza,28000,0.0,27.7,0.0
2013-04-15,cabra,52000,0.0,28.3,0.0
2013-04-15,cordoba_capital,140000,0.0,28.7,0.0
2013-04-15,ecija,42000,0.0,29.5,0.0
2013-04-15,granada_capital,55000,0.0,27.6,0.0
2013-04-15,jaen_capital,165000,0.0,28.4,0.0
2013-04-15,linares,45000,0.0,29.0,0.0
2013-04-15,lucena,88000,0.0,27.6,0.0
2013-04-15,martos,68000,0.0,27.4,0.0
2013-04-15,sevilla_capital,75000,0.0,29.2,0.0
2013-04-15,ubeda,98000,0.0,26.7,0.0
2013-04-22,antequera,35000,0.0,20.7,0.0
2013-04-22,baeza,72000,0.0,19.0,0.0
2013-04-22,baza,28000,0.0,18.6,0.0
2013-04-22,cabra,52000,0.0,20.7,0.0
2013-04-22,cordoba_capital,140000,0.0,24.2,0.0
2013-04-22,ecija,42000,0.0,23.6,0.0
2013-04-22,granada_capital,55000,0.0,20.2,0.0
2013-04-22,jaen_capital,165000,0.0,20.6,0.0
2013-04-22,linares,45000,0.0,22.1,0.0
2013-04-22,lucena,88000,0.0,20.6,0.0
2013-04-22,martos,68000,0.0,19.8,0.0
2013-04-22,sevilla_capital,75000,0.0,25.4,0.0
2013-04-22,ubeda,98000,0.0,19.2,0.0
2013-04-29,antequera,35000,0.0,21.3,0.0
2013-04-29,baeza,72000,0.0,19.6,0.0
2013-04-29,baza,28000,0.0,20.8,0.0
2013-04-29,cabra,52000,0.0,22.6,0.0
2013-04-29,cordoba_capital,140000,0.0,25.5,0.0
2013-04-29,ecija,42000,0.0,25.7,0.0
2013-04-29,granada_capital,55000,0.0,21.4,0.0
2013-04-29,jaen_capital,165000,0.0,21.6,0.0
2013-04-29,linares,45000,0.0,22.3,0.0
2013-04-29,lucena,88000,0.0,22.4,0.0
2013-04-29,martos,68000,0.0,21.0,0.0
2013-04-29,sevilla_capital,75000,0.0,26.3,0.0
2013-04-29,ubeda,98000,0.0,19.8,0.0
2013-05-06,antequera,35000,0.0,27.5,0.0
2013-05-06,baeza,72000,0.0,24.1,0.0
2013-05-06,baza,28000,0.0,26.4,0.0
2013-05-06,cabra,52000,0.0,26.9,0.0
2013-05-06,cordoba_capital,140000,0.0,29.6,0.0
2013-05-06,ecija,42000,0.0,29.8,0.0
2013-05-06,granada_capital,55000,0.0,26.2,0.0
2013-05-06,jaen_capital,165000,0.0,26.4,0.0
2013-05-06,linares,45000,0.0,26.5,0.0
2013-05-06,lucena,88000,0.0,26.5,0.0
2013-05-06,martos,68000,0.0,25.4,0.0
2013-05-06,sevilla_capital,75000,0.0,30.4,0.0
2013-05-06,ubeda,98000,0.0,24.3,0.0
2013-05-13,antequera,35000,0.0,23.7,0.0
2013-05-13,baeza,72000,0.0,23.4,0.0
2013-05-13,baza,28000,0.0,24.8,0.0
2013-05-13,cabra,52000,0.0,25.4,0.0
2013-05-13,cordoba_capital,140000,0.0,27.6,0.0
2013-05-13,ecija,42000,0.0,28.0,0.0
2013-05-13,granada_capital,55000,0.0,24.2,0.0
2013-05-13,jaen_capital,165000,0.0,25.4,0.0
2013-05-13,linares,45000,0.0,26.1,0.0
2013-05-13,lucena,88000,0.0,24.2,0.0
2013-05-13,martos,68000,0.0,24.6,0.0
2013-05-13,sevilla_capital,75000,0.0,28.8,0.0
2013-05-13,ubeda,98000,0.0,23.8,0.0
2013-05-20,antequera,35000,0.0,24.9,0.0
2013-05-20,baeza,72000,0.0,21.3,0.0
2013-05-20,baza,28000,0.0,22.6,0.0
2013-05-20,cabra,52000,0.0,24.7,0.0
2013-05-20,cordoba_capital,140000,0.0,27.8,0.0
2013-05-20,ecija,42000,0.0,28.3,0.0
2013-05-20,granada_capital,55000,0.0,23.4,0.0
2013-05-20,jaen_capital,165000,0.0,23.9,0.0
2013-05-20,linares,45000,0.0,24.4,0.0
2013-05-20,lucena,88000,0.0,24.3,0.0
2013-05-20,martos,68000,0.0,23.3,0.0
2013-05-20,sevilla_capital,75000,0.0,28.6,0.0
2013-05-20,ubeda,98000,0.0,21.4,0.0
2013-05-27,antequera,35000,0.0,25.1,0.0
2013-05-27,baeza,72000,0.0,23.3,0.0
2013-05-27,baza,28000,0.0,25.6,0.0
2013-05-27,cabra,52000,0.0,26.8,0.0
2013-05-27,cordoba_capital,140000,0.0,29.8,0.0
2013-05-27,ecija,42000,0.0,30.4,0.0
2013-05-27,granada_capital,55000,0.0,25.3,0.0
2013-05-27,jaen_capital,165000,0.0,25.5,0.0
2013-05-27,linares,45000,0.0,26.3,0.0
2013-05-27,lucena,88000,0.0,26.6,0.0
2013-05-27,martos,68000,0.0,25.1,0.0
2013-05-27,sevilla_capital,75000,0.0,31.2,0.0
2013-05-27,ubeda,98000,0.0,23.5,0.0
2013-06-03,antequera,35000,0.0,25.8,0.0
2013-06-03,baeza,72000,0.0,25.8,0.0
2013-06-03,baza,28000,0.0,28.2,0.0
2013-06-03,cabra,52000,0.0,28.9,0.0
2013-06-03,cordoba_capital,140000,0.0,31.8,0.0
2013-06-03,ecija,42000,0.0,32.4,0.0
2013-06-03,granada_capital,55000,0.0,27.5,0.0
2013-06-03,jaen_capital,165000,0.0,28.1,0.0
2013-06-03,linares,45000,0.0,28.7,0.0
2013-06-03,lucena,88000,0.0,28.3,0.0
2013-06-03,martos,68000,0.0,27.6,0.0
2013-06-03,sevilla_capital,75000,0.0,32.1,0.0
2013-06-03,ubeda,98000,0.0,26.0,0.0
2013-06-10,antequera,35000,0.0,32.3,0.0
2013-06-10,baeza,72000,0.0,32.1,0.0
2013-06-10,baza,28000,0.0,34.8,0.0
2013-06-10,cabra,52000,0.0,34.2,0.0
2013-06-10,cordoba_capital,140000,0.0,36.3,0.0
2013-06-10,ecija,42000,0.0,36.4,0.0
2013-06-10,granada_capital,55000,0.0,33.2,0.0
2013-06-10,jaen_capital,165000,0.0,34.5,0.0
2013-06-10,linares,45000,0.0,34.3,0.0
2013-06-10,lucena,88000,0.0,33.6,0.0
2013-06-10,martos,68000,0.0,33.1,0.0
2013-06-10,sevilla_capital,75000,0.0,35.9,0.0
2013-06-10,ubeda,98000,0.0,32.8,0.0
2013-06-17,antequera,35000,0.0,28.6,0.0
2013-06-17,baeza,72000,0.0,30.3,0.0
2013-06-17,baza,28000,0.0,31.5,0.0
2013-06-17,cabra,52000,0.0,32.2,0.0
2013-06-17,cordoba_capital,140000,0.0,35.5,0.0
2013-06-17,ecija,42000,0.0,35.0,0.0
2013-06-17,granada_capital,55000,0.0,31.4,0.0
2013-06-17,jaen_capital,165000,0.0,32.1,0.0
2013-06-17,linares,45000,0.0,33.1,0.0
2013-06-17,lucena,88000,0.0,31.4,0.0
2013-06-17,martos,68000,0.0,31.2,0.0
2013-06-17,sevilla_capital,75000,0.0,35.9,0.0
2013-06-17,ubeda,98000,0.0,30.9,0.0
2013-06-24,antequera,35000,0.0,30.3,0.0
2013-06-24,baeza,72000,0.0,32.1,0.0
2013-06-24,baza,28000,0.0,30.6,0.0
2013-06-24,cabra,52000,0.0,34.0,0.0
2013-06-24,cordoba_capital,140000,0.0,36.6,0.0
2013-06-24,ecija,42000,0.0,36.5,0.0
2013-06-24,granada_capital,55000,0.0,32.9,0.0
2013-06-24,jaen_capital,165000,0.0,34.1,0.0
2013-06-24,linares,45000,0.0,34.4,0.0
2013-06-24,lucena,88000,0.0,33.5,0.0
2013-06-24,martos,68000,0.0,32.9,0.0
2013-06-24,sevilla_capital,75000,0.0,37.2,0.0
2013-06-24,ubeda,98000,0.0,32.5,0.0
2013-07-01,antequera,35000,0.0,32.7,0.0
2013-07-01,baeza,72000,0.0,34.6,0.0
2013-07-01,baza,28000,0.0,33.1,0.0
2013-07-01,cabra,52000,0.0,36.6,0.0
2013-07-01,cordoba_capital,140000,0.0,39.5,0.0
2013-07-01,ecija,42000,0.0,38.5,0.0
2013-07-01,granada_capital,55000,0.0,34.1,0.0
2013-07-01,jaen_capital,165000,0.0,36.0,0.0
2013-07-01,linares,45000,0.0,36.9,0.0
2013-07-01,lucena,88000,0.0,35.1,0.0
2013-07-01,martos,68000,0.0,35.3,0.0
2013-07-01,sevilla_capital,75000,0.0,39.4,0.0
2013-07-01,ubeda,98000,0.0,34.9,0.0
2013-07-08,antequera,35000,0.0,34.8,0.0
2013-07-08,baeza,72000,0.0,34.5,0.0
2013-07-08,baza,28000,0.0,34.9,0.0
2013-07-08,cabra,52000,0.0,36.3,0.0
2013-07-08,cordoba_capital,140000,0.0,39.6,0.0
2013-07-08,ecija,42000,0.0,40.0,0.0
2013-07-08,granada_capital,55000,0.0,34.5,0.0
2013-07-08,jaen_capital,165000,0.0,36.3,0.0
2013-07-08,linares,45000,0.0,36.9,0.0
2013-07-08,lucena,88000,0.0,36.2,0.0
2013-07-08,martos,68000,0.0,35.3,0.0
2013-07-08,sevilla_capital,75000,0.0,40.4,0.0
2013-07-08,ubeda,98000,0.0,34.8,0.0
2013-07-15,antequera,35000,0.0,31.9,0.0
2013-07-15,baeza,72000,0.0,34.2,0.0
2013-07-15,baza,28000,0.0,33.5,0.0
2013-07-15,cabra,52000,0.0,34.9,0.0
2013-07-15,cordoba_capital,140000,0.0,37.2,0.0
2013-07-15,ecija,42000,0.0,37.4,0.0
2013-07-15,granada_capital,55000,0.0,34.5,0.0
2013-07-15,jaen_capital,165000,0.0,35.6,0.0
2013-07-15,linares,45000,0.0,36.2,0.0
2013-07-15,lucena,88000,0.0,34.4,0.0
2013-07-15,martos,68000,0.0,34.0,0.0
2013-07-15,sevilla_capital,75000,0.0,36.3,0.0
2013-07-15,ubeda,98000,0.0,34.7,0.0
2013-07-22,antequera,35000,0.0,33.3,0.0
2013-07-22,baeza,72000,0.0,34.2,0.0
2013-07-22,baza,28000,0.0,36.6,0.0
2013-07-22,cabra,52000,0.0,35.6,0.0
2013-07-22,cordoba_capital,140000,0.0,37.3,0.0
2013-07-22,ecija,42000,0.0,37.3,0.0
2013-07-22,granada_capital,55000,0.0,35.1,0.0
2013-07-22,jaen_capital,165000,0.0,36.2,0.0
2013-07-22,linares,45000,0.0,36.0,0.0
2013-07-22,lucena,88000,0.0,35.1,0.0
2013-07-22,martos,68000,0.0,34.7,0.0
2013-07-22,sevilla_capital,75000,0.0,36.5,0.0
2013-07-22,ubeda,98000,0.0,34.6,0.0
2013-07-29,antequera,35000,0.0,34.5,0.0
2013-07-29,baeza,72000,0.0,37.3,0.0
2013-07-29,baza,28000,0.0,38.4,0.0
2013-07-29,cabra,52000,0.0,38.3,0.0
2013-07-29,cordoba_capital,140000,0.0,40.2,0.0
2013-07-29,ecija,42000,0.0,40.3,0.0
2013-07-29,granada_capital,55000,0.0,37.3,0.0
2013-07-29,jaen_capital,165000,0.0,39.0,0.0
2013-07-29,linares,45000,0.0,38.9,0.0
2013-07-29,lucena,88000,0.0,36.5,0.0
2013-07-29,martos,68000,0.0,37.7,0.0
2013-07-29,sevilla_capital,75000,0.0,39.4,0.0
2013-07-29,ubeda,98000,0.0,37.8,0.0
2013-08-05,antequera,35000,0.0,35.0,0.0
2013-08-05,baeza,72000,0.0,35.3,0.0
2013-08-05,baza,28000,0.0,35.9,0.0
2013-08-05,cabra,52000,0.0,36.6,0.0
2013-08-05,cordoba_capital,140000,0.0,39.1,0.0
2013-08-05,ecija,42000,0.0,39.3,0.0
2013-08-05,granada_capital,55000,0.0,35.6,0.0
2013-08-05,jaen_capital,165000,0.0,36.7,0.0
2013-08-05,linares,45000,0.0,37.5,0.0
2013-08-05,lucena,88000,0.0,35.6,0.0
2013-08-05,martos,68000,0.0,35.6,0.0
2013-08-05,sevilla_capital,75000,0.0,39.4,0.0
2013-08-05,ubeda,98000,0.0,35.6,0.0
2013-08-12,antequera,35000,0.0,32.2,0.0
2013-08-12,baeza,72000,0.0,34.4,0.0
2013-08-12,baza,28000,0.0,36.3,0.0
2013-08-12,cabra,52000,0.0,35.7,0.0
2013-08-12,cordoba_capital,140000,0.0,38.4,0.0
2013-08-12,ecija,42000,0.0,39.0,0.0
2013-08-12,granada_capital,55000,0.0,34.8,0.0
2013-08-12,jaen_capital,165000,0.0,36.3,0.0
2013-08-12,linares,45000,0.0,36.4,0.0
2013-08-12,lucena,88000,0.0,34.9,0.0
2013-08-12,martos,68000,0.0,35.0,0.0
2013-08-12,sevilla_capital,75000,0.0,38.5,0.0
2013-08-12,ubeda,98000,0.0,34.8,0.0
2013-08-19,antequera,35000,0.0,34.9,0.0
2013-08-19,baeza,72000,0.0,35.8,0.0
2013-08-19,baza,28000,0.0,36.0,0.0
2013-08-19,cabra,52000,0.0,37.4,0.0
2013-08-19,cordoba_capital,140000,0.0,40.4,0.0
2013-08-19,ecija,42000,0.0,40.3,0.0
2013-08-19,granada_capital,55000,0.0,36.1,0.0
2013-08-19,jaen_capital,165000,0.0,37.6,0.0
2013-08-19,linares,45000,0.0,38.2,0.0
2013-08-19,lucena,88000,0.0,37.0,0.0
2013-08-19,martos,68000,0.0,36.6,0.0
2013-08-19,sevilla_capital,75000,0.0,40.3,0.0
2013-08-19,ubeda,98000,0.0,36.1,0.0
2013-08-26,antequera,35000,0.0,29.8,0.0
2013-08-26,baeza,72000,0.0,30.1,0.0
2013-08-26,baza,28000,0.0,30.7,0.0
2013-08-26,cabra,52000,0.0,31.2,0.0
2013-08-26,cordoba_capital,140000,0.0,33.2,0.0
2013-08-26,ecija,42000,0.0,33.0,0.0
2013-08-26,granada_capital,55000,0.0,30.8,0.0
2013-08-26,jaen_capital,165000,0.0,31.5,0.0
2013-08-26,linares,45000,0.0,32.7,0.0
2013-08-26,lucena,88000,0.0,30.8,0.0
2013-08-26,martos,68000,0.0,30.4,0.0
2013-08-26,sevilla_capital,75000,0.0,33.3,0.0
2013-08-26,ubeda,98000,0.0,30.5,0.0
2013-09-02,antequera,35000,0.0,27.4,0.0
2013-09-02,baeza,72000,0.0,29.2,0.0
2013-09-02,baza,28000,0.0,28.6,0.0
2013-09-02,cabra,52000,0.0,30.8,0.0
2013-09-02,cordoba_capital,140000,0.0,33.3,0.0
2013-09-02,ecija,42000,0.0,33.2,0.0
2013-09-02,granada_capital,55000,0.0,29.9,0.0
2013-09-02,jaen_capital,165000,0.0,31.4,0.0
2013-09-02,linares,45000,0.0,32.3,0.0
2013-09-02,lucena,88000,0.0,29.5,0.0
2013-09-02,martos,68000,0.0,30.7,0.0
2013-09-02,sevilla_capital,75000,0.0,34.9,0.0
2013-09-02,ubeda,98000,0.0,29.4,0.0
2013-09-09,antequera,35000,0.0,27.9,0.0
2013-09-09,baeza,72000,0.0,29.0,0.0
2013-09-09,baza,28000,0.0,28.0,0.0
2013-09-09,cabra,52000,0.0,30.6,0.0
2013-09-09,cordoba_capital,140000,0.0,33.6,0.0
2013-09-09,ecija,42000,0.0,34.3,0.0
2013-09-09,granada_capital,55000,0.0,30.0,0.0
2013-09-09,jaen_capital,165000,0.0,31.1,0.0
2013-09-09,linares,45000,0.0,31.7,0.0
2013-09-09,lucena,88000,0.0,29.9,0.0
2013-09-09,martos,68000,0.0,30.2,0.0
2013-09-09,sevilla_capital,75000,0.0,34.6,0.0
2013-09-09,ubeda,98000,0.0,29.3,0.0
2013-09-16,antequera,35000,0.0,29.8,0.0
2013-09-16,baeza,72000,0.0,29.9,0.0
2013-09-16,baza,28000,0.0,29.6,0.0
2013-09-16,cabra,52000,0.0,30.8,0.0
2013-09-16,cordoba_capital,140000,0.0,34.1,0.0
2013-09-16,ecija,42000,0.0,34.2,0.0
2013-09-16,granada_capital,55000,0.0,29.9,0.0
2013-09-16,jaen_capital,165000,0.0,31.7,0.0
2013-09-16,linares,45000,0.0,32.5,0.0
2013-09-16,lucena,88000,0.0,30.3,0.0
2013-09-16,martos,68000,0.0,30.6,0.0
2013-09-16,sevilla_capital,75000,0.0,34.8,0.0
2013-09-16,ubeda,98000,0.0,30.2,0.0
2013-09-23,antequera,35000,0.0,27.4,0.0
2013-09-23,baeza,72000,0.0,29.8,0.0
2013-09-23,baza,28000,0.0,31.0,0.0
2013-09-23,cabra,52000,0.0,30.5,0.0
2013-09-23,cordoba_capital,140000,0.0,32.9,0.0
2013-09-23,ecija,42000,0.0,33.7,0.0
2013-09-23,granada_capital,55000,0.0,31.2,0.0
2013-09-23,jaen_capital,165000,0.0,31.4,0.0
2013-09-23,linares,45000,0.0,32.0,0.0
2013-09-23,lucena,88000,0.0,29.4,0.0
2013-09-23,martos,68000,0.0,30.0,0.0
2013-09-23,sevilla_capital,75000,0.0,34.0,0.0
2013-09-23,ubeda,98000,0.0,30.8,0.0
2013-09-30,antequera,35000,0.0,29.1,0.0
2013-09-30,baeza,72000,0.0,27.7,0.0
2013-09-30,baza,28000,0.0,31.7,0.0
2013-09-30,cabra,52000,0.0,30.1,0.0
2013-09-30,cordoba_capital,140000,0.0,29.1,0.0
2013-09-30,ecija,42000,0.0,29.9,0.0
2013-09-30,granada_capital,55000,0.0,30.0,0.0
2013-09-30,jaen_capital,165000,0.0,29.9,0.0
2013-09-30,linares,45000,0.0,29.8,0.0
2013-09-30,lucena,88000,0.0,29.1,0.0
2013-09-30,martos,68000,0.0,28.9,0.0
2013-09-30,sevilla_capital,75000,0.0,28.5,0.0
2013-09-30,ubeda,98000,0.0,28.1,0.0
2013-10-07,antequera,35000,0.0,26.8,0.0
2013-10-07,baeza,72000,0.0,23.7,0.0
2013-10-07,baza,28000,0.0,25.9,0.0
2013-10-07,cabra,52000,0.0,26.6,0.0
2013-10-07,cordoba_capital,140000,0.0,28.7,0.0
2013-10-07,ecija,42000,0.0,29.4,0.0
2013-10-07,granada_capital,55000,0.0,26.0,0.0
2013-10-07,jaen_capital,165000,0.0,25.8,0.0
2013-10-07,linares,45000,0.0,26.7,0.0
2013-10-07,lucena,88000,0.0,26.2,0.0
2013-10-07,martos,68000,0.0,25.2,0.0
2013-10-07,sevilla_capital,75000,0.0,29.8,0.0
2013-10-07,ubeda,98000,0.0,23.9,0.0
2013-10-14,antequera,35000,0.0,28.6,0.0
2013-10-14,baeza,72000,0.0,25.1,0.0
2013-10-14,baza,28000,0.0,29.3,0.0
2013-10-14,cabra,52000,0.0,28.0,0.0
2013-10-14,cordoba_capital,140000,0.0,29.1,0.0
2013-10-14,ecija,42000,0.0,29.4,0.0
2013-10-14,granada_capital,55000,0.0,28.6,0.0
2013-10-14,jaen_capital,165000,0.0,26.7,0.0
2013-10-14,linares,45000,0.0,27.6,0.0
2013-10-14,lucena,88000,0.0,27.0,0.0
2013-10-14,martos,68000,0.0,25.8,0.0
2013-10-14,sevilla_capital,75000,0.0,30.4,0.0
2013-10-14,ubeda,98000,0.0,25.5,0.0
2013-10-21,antequera,35000,0.0,24.3,0.0
2013-10-21,baeza,72000,0.0,24.9,0.0
2013-10-21,baza,28000,0.0,27.2,0.0
2013-10-21,cabra,52000,0.0,25.9,0.0
2013-10-21,cordoba_capital,140000,0.0,25.6,0.0
2013-10-21,ecija,42000,0.0,26.7,0.0
2013-10-21,granada_capital,55000,0.0,26.1,0.0
2013-10-21,jaen_capital,165000,0.0,26.1,0.0
2013-10-21,linares,45000,0.0,27.1,0.0
2013-10-21,lucena,88000,0.0,25.2,0.0
2013-10-21,martos,68000,0.0,24.6,0.0
2013-10-21,sevilla_capital,75000,0.0,25.4,0.0
2013-10-21,ubeda,98000,0.0,25.5,0.0
2013-10-28,antequera,35000,0.0,25.7,0.0
2013-10-28,baeza,72000,0.0,22.8,0.0
2013-10-28,baza,28000,0.0,27.1,0.0
2013-10-28,cabra,52000,0.0,25.4,0.0
2013-10-28,cordoba_capital,140000,0.0,26.1,0.0
2013-10-28,ecija,42000,0.0,26.4,0.0
2013-10-28,granada_capital,55000,0.0,26.1,0.0
2013-10-28,jaen_capital,165000,0.0,24.6,0.0
2013-10-28,linares,45000,0.0,25.3,0.0
2013-10-28,lucena,88000,0.0,24.8,0.0
2013-10-28,martos,68000,0.0,23.8,0.0
2013-10-28,sevilla_capital,75000,0.0,26.2,0.0
2013-10-28,ubeda,98000,0.0,23.1,0.0
2013-11-04,antequera,35000,0.0,24.3,0.0
2013-11-04,baeza,72000,0.0,21.3,0.0
2013-11-04,baza,28000,0.0,25.6,0.0
2013-11-04,cabra,52000,0.0,23.8,0.0
2013-11-04,cordoba_capital,140000,0.0,24.1,0.0
2013-11-04,ecija,42000,0.0,24.0,0.0
2013-11-04,granada_capital,55000,0.0,24.9,0.0
2013-11-04,jaen_capital,165000,0.0,23.2,0.0
2013-11-04,linares,45000,0.0,23.6,0.0
2013-11-04,lucena,88000,0.0,22.7,0.0
2013-11-04,martos,68000,0.0,22.5,0.0
2013-11-04,sevilla_capital,75000,0.0,23.3,0.0
2013-11-04,ubeda,98000,0.0,21.6,0.0
2013-11-11,antequera,35000,0.0,23.1,0.0
2013-11-11,baeza,72000,0.0,18.0,0.0
2013-11-11,baza,28000,0.0,20.6,0.0
2013-11-11,cabra,52000,0.0,21.6,0.0
2013-11-11,cordoba_capital,140000,0.0,23.5,0.0
2013-11-11,ecija,42000,0.0,23.6,0.0
2013-11-11,granada_capital,55000,0.0,20.7,0.0
2013-11-11,jaen_capital,165000,0.0,19.8,0.0
2013-11-11,linares,45000,0.0,20.8,0.0
2013-11-11,lucena,88000,0.0,20.7,0.0
2013-11-11,martos,68000,0.0,19.5,0.0
2013-11-11,sevilla_capital,75000,0.0,24.3,0.0
2013-11-11,ubeda,98000,0.0,18.2,0.0
2013-11-18,antequera,35000,0.0,13.8,0.0
2013-11-18,baeza,72000,0.0,10.4,0.0
2013-11-18,baza,28000,0.0,11.6,0.0
2013-11-18,cabra,52000,0.0,13.0,0.0
2013-11-18,cordoba_capital,140000,0.0,16.0,0.0
2013-11-18,ecija,42000,0.0,16.8,0.0
2013-11-18,granada_capital,55000,0.0,12.6,0.0
2013-11-18,jaen_capital,165000,0.0,12.3,0.0
2013-11-18,linares,45000,0.0,13.5,0.0
2013-11-18,lucena,88000,0.0,12.6,0.0
2013-11-18,martos,68000,0.0,11.9,0.0
2013-11-18,sevilla_capital,75000,0.0,18.0,0.0
2013-11-18,ubeda,98000,0.0,10.6,0.0
2013-11-25,antequera,35000,0.0,13.4,0.0
2013-11-25,baeza,72000,0.0,9.7,0.0
2013-11-25,baza,28000,0.0,11.1,0.0
2013-11-25,cabra,52000,0.0,13.0,0.0
2013-11-25,cordoba_capital,140000,0.0,14.9,0.0
2013-11-25,ecija,42000,0.0,15.5,0.0
2013-11-25,granada_capital,55000,0.0,12.2,0.0
2013-11-25,jaen_capital,165000,0.0,12.3,0.0
2013-11-25,linares,45000,0.0,12.4,0.0
2013-11-25,lucena,88000,0.0,12.7,0.0
2013-11-25,martos,68000,0.0,11.7,0.0
2013-11-25,sevilla_capital,75000,0.0,16.4,0.0
2013-11-25,ubeda,98000,0.0,9.9,0.0
2013-12-02,antequera,35000,0.0,15.6,0.0
2013-12-02,baeza,72000,0.0,13.2,0.0
2013-12-02,baza,28000,0.0,15.1,0.0
2013-12-02,cabra,52000,0.0,17.0,0.0
2013-12-02,cordoba_capital,140000,0.0,18.3,0.0
2013-12-02,ecija,42000,0.0,19.0,0.0
2013-12-02,granada_capital,55000,0.0,15.3,0.0
2013-12-02,jaen_capital,165000,0.0,15.9,0.0
2013-12-02,linares,45000,0.0,15.7,0.0
2013-12-02,lucena,88000,0.0,16.2,0.0
2013-12-02,martos,68000,0.0,14.9,0.0
2013-12-02,sevilla_capital,75000,0.0,19.8,0.0
2013-12-02,ubeda,98000,0.0,13.4,0.0
2013-12-09,antequera,35000,0.0,15.4,0.0
2013-12-09,baeza,72000,0.0,13.4,0.0
2013-12-09,baza,28000,0.0,14.6,0.0
2013-12-09,cabra,52000,0.0,17.3,0.0
2013-12-09,cordoba_capital,140000,0.0,18.0,0.0
2013-12-09,ecija,42000,0.0,19.0,0.0
2013-12-09,granada_capital,55000,0.0,17.1,0.0
2013-12-09,jaen_capital,165000,0.0,15.8,0.0
2013-12-09,linares,45000,0.0,16.0,0.0
2013-12-09,lucena,88000,0.0,16.4,0.0
2013-12-09,martos,68000,0.0,15.7,0.0
2013-12-09,sevilla_capital,75000,0.0,19.5,0.0
2013-12-09,ubeda,98000,0.0,13.6,0.0
2013-12-16,antequera,35000,0.0,15.1,0.0
2013-12-16,baeza,72000,0.0,13.1,0.0
2013-12-16,baza,28000,0.0,13.7,0.0
2013-12-16,cabra,52000,0.0,16.9,0.0
2013-12-16,cordoba_capital,140000,0.0,17.3,0.0
2013-12-16,ecija,42000,0.0,18.7,0.0
2013-12-16,granada_capital,55000,0.0,16.1,0.0
2013-12-16,jaen_capital,165000,0.0,15.4,0.0
2013-12-16,linares,45000,0.0,15.4,0.0
2013-12-16,lucena,88000,0.0,15.5,0.0
2013-12-16,martos,68000,0.0,14.9,0.0
2013-12-16,sevilla_capital,75000,0.0,18.6,0.0
2013-12-16,ubeda,98000,0.0,13.3,0.0
2013-12-23,antequera,35000,0.0,15.0,0.0
2013-12-23,baeza,72000,0.0,11.1,0.0
2013-12-23,baza,28000,0.0,13.5,0.0
2013-12-23,cabra,52000,0.0,15.4,0.0
2013-12-23,cordoba_capital,140000,0.0,15.3,0.0
2013-12-23,ecija,42000,0.0,16.4,0.0
2013-12-23,granada_capital,55000,0.0,13.8,0.0
2013-12-23,jaen_capital,165000,0.0,13.8,0.0
2013-12-23,linares,45000,0.0,13.3,0.0
2013-12-23,lucena,88000,0.0,14.6,0.0
2013-12-23,martos,68000,0.0,13.3,0.0
2013-12-23,sevilla_capital,75000,0.0,16.4,0.0
2013-12-23,ubeda,98000,0.0,11.3,0.0
2013-12-30,antequera,35000,0.0,15.9,0.0
2013-12-30,baeza,72000,0.0,12.3,0.0
2013-12-30,baza,28000,0.0,14.3,0.0
2013-12-30,cabra,52000,0.0,15.5,0.0
2013-12-30,cordoba_capital,140000,0.0,16.6,0.0
2013-12-30,ecija,42000,0.0,17.7,0.0
2013-12-30,granada_capital,55000,0.0,13.8,0.0
2013-12-30,jaen_capital,165000,0.0,15.1,0.0
2013-12-30,linares,45000,0.0,14.7,0.0
2013-12-30,lucena,88000,0.0,15.2,0.0
2013-12-30,martos,68000,0.0,14.5,0.0
2013-12-30,sevilla_capital,75000,0.0,18.1,0.0
2013-12-30,ubeda,98000,0.0,12.5,0.0
2014-01-06,antequera,35000,0.0,17.1,0.0
2014-01-06,baeza,72000,0.0,16.3,0.0
2014-01-06,baza,28000,0.0,17.5,0.0
2014-01-06,cabra,52000,0.0,19.3,0.0
2014-01-06,cordoba_capital,140000,0.0,18.4,0.0
2014-01-06,ecija,42000,0.0,20.9,0.0
2014-01-06,granada_capital,55000,0.0,19.0,0.0
2014-01-06,jaen_capital,165000,0.0,19.1,0.0
2014-01-06,linares,45000,0.0,18.3,0.0
2014-01-06,lucena,88000,0.0,18.5,0.0
2014-01-06,martos,68000,0.0,18.3,0.0
2014-01-06,sevilla_capital,75000,0.0,19.3,0.0
2014-01-06,ubeda,98000,0.0,16.5,0.0
2014-01-13,antequera,35000,0.0,15.7,0.0
2014-01-13,baeza,72000,0.0,10.3,0.0
2014-01-13,baza,28000,0.0,14.2,0.0
2014-01-13,cabra,52000,0.0,14.1,0.0
2014-01-13,cordoba_capital,140000,0.0,13.7,0.0
2014-01-13,ecija,42000,0.0,14.5,0.0
2014-01-13,granada_capital,55000,0.0,14.1,0.0
2014-01-13,jaen_capital,165000,0.0,13.2,0.0
2014-01-13,linares,45000,0.0,12.0,0.0
2014-01-13,lucena,88000,0.0,13.3,0.0
2014-01-13,martos,68000,0.0,12.5,0.0
2014-01-13,sevilla_capital,75000,0.0,14.8,0.0
2014-01-13,ubeda,98000,0.0,10.6,0.0
2014-01-20,antequera,35000,0.0,17.7,0.0
2014-01-20,baeza,72000,0.0,13.3,0.0
2014-01-20,baza,28000,0.0,15.3,0.0
2014-01-20,cabra,52000,0.0,16.9,0.0
2014-01-20,cordoba_capital,140000,0.0,18.7,0.0
2014-01-20,ecija,42000,0.0,18.6,0.0
2014-01-20,granada_capital,55000,0.0,15.7,0.0
2014-01-20,jaen_capital,165000,0.0,15.7,0.0
2014-01-20,linares,45000,0.0,16.0,0.0
2014-01-20,lucena,88000,0.0,16.2,0.0
2014-01-20,martos,68000,0.0,15.3,0.0
2014-01-20,sevilla_capital,75000,0.0,20.2,0.0
2014-01-20,ubeda,98000,0.0,13.4,0.0
2014-01-27,antequera,35000,0.0,12.7,0.0
2014-01-27,baeza,72000,0.0,9.4,0.0
2014-01-27,baza,28000,0.0,11.0,0.0
2014-01-27,cabra,52000,0.0,12.3,0.0
2014-01-27,cordoba_capital,140000,0.0,14.2,0.0
2014-01-27,ecija,42000,0.0,15.2,0.0
2014-01-27,granada_capital,55000,0.0,10.3,0.0
2014-01-27,jaen_capital,165000,0.0,11.7,0.0
2014-01-27,linares,45000,0.0,12.0,0.0
2014-01-27,lucena,88000,0.0,11.7,0.0
2014-01-27,martos,68000,0.0,10.9,0.0
2014-01-27,sevilla_capital,75000,0.0,16.6,0.0
2014-01-27,ubeda,98000,0.0,9.6,0.0
2014-02-03,antequera,35000,0.0,16.5,0.0
2014-02-03,baeza,72000,0.0,14.9,0.0
2014-02-03,baza,28000,0.0,18.6,0.0
2014-02-03,cabra,52000,0.0,16.9,0.0
2014-02-03,cordoba_capital,140000,0.0,16.3,0.0
2014-02-03,ecija,42000,0.0,17.8,0.0
2014-02-03,granada_capital,55000,0.0,16.2,0.0
2014-02-03,jaen_capital,165000,0.0,17.2,0.0
2014-02-03,linares,45000,0.0,16.7,0.0
2014-02-03,lucena,88000,0.0,16.4,0.0
2014-02-03,martos,68000,0.0,16.2,0.0
2014-02-03,sevilla_capital,75000,0.0,17.5,0.0
2014-02-03,ubeda,98000,0.0,15.4,0.0
2014-02-10,antequera,35000,0.0,18.5,0.0
2014-02-10,baeza,72000,0.0,15.8,0.0
2014-02-10,baza,28000,0.0,19.4,0.0
2014-02-10,cabra,52000,0.0,19.0,0.0
2014-02-10,cordoba_capital,140000,0.0,17.7,0.0
2014-02-10,ecija,42000,0.0,19.1,0.0
2014-02-10,granada_capital,55000,0.0,17.3,0.0
2014-02-10,jaen_capital,165000,0.0,18.4,0.0
2014-02-10,linares,45000,0.0,17.6,0.0
2014-02-10,lucena,88000,0.0,18.4,0.0
2014-02-10,martos,68000,0.0,17.5,0.0
2014-02-10,sevilla_capital,75000,0.0,18.0,0.0
2014-02-10,ubeda,98000,0.0,16.3,0.0
2014-02-17,antequera,35000,0.0,14.7,0.0
2014-02-17,baeza,72000,0.0,14.6,0.0
2014-02-17,baza,28000,0.0,14.3,0.0
2014-02-17,cabra,52000,0.0,17.2,0.0
2014-02-17,cordoba_capital,140000,0.0,17.6,0.0
2014-02-17,ecija,42000,0.0,18.4,0.0
2014-02-17,granada_capital,55000,0.0,15.9,0.0
2014-02-17,jaen_capital,165000,0.0,17.3,0.0
2014-02-17,linares,45000,0.0,16.9,0.0
2014-02-17,lucena,88000,0.0,15.7,0.0
2014-02-17,martos,68000,0.0,16.4,0.0
2014-02-17,sevilla_capital,75000,0.0,18.9,0.0
2014-02-17,ubeda,98000,0.0,14.7,0.0
2014-02-24,antequera,35000,0.0,15.2,0.0
2014-02-24,baeza,72000,0.0,12.3,0.0
2014-02-24,baza,28000,0.0,13.1,0.0
2014-02-24,cabra,52000,0.0,15.5,0.0
2014-02-24,cordoba_capital,140000,0.0,17.5,0.0
2014-02-24,ecija,42000,0.0,18.1,0.0
2014-02-24,granada_capital,55000,0.0,13.0,0.0
2014-02-24,jaen_capital,165000,0.0,14.4,0.0
2014-02-24,linares,45000,0.0,15.2,0.0
2014-02-24,lucena,88000,0.0,14.5,0.0
2014-02-24,martos,68000,0.0,13.8,0.0
2014-02-24,sevilla_capital,75000,0.0,18.8,0.0
2014-02-24,ubeda,98000,0.0,12.3,0.0
2014-03-03,antequera,35000,0.0,18.2,0.0
2014-03-03,baeza,72000,0.0,18.0,0.0
2014-03-03,baza,28000,0.0,18.0,0.0
2014-03-03,cabra,52000,0.0,21.3,0.0
2014-03-03,cordoba_capital,140000,0.0,21.1,0.0
2014-03-03,ecija,42000,0.0,22.0,0.0
2014-03-03,granada_capital,55000,0.0,20.1,0.0
2014-03-03,jaen_capital,165000,0.0,20.5,0.0
2014-03-03,linares,45000,0.0,20.2,0.0
2014-03-03,lucena,88000,0.0,19.6,0.0
2014-03-03,martos,68000,0.0,20.0,0.0
2014-03-03,sevilla_capital,75000,0.0,22.9,0.0
2014-03-03,ubeda,98000,0.0,18.1,0.0
2014-03-10,antequera,35000,0.0,20.6,0.0
2014-03-10,baeza,72000,0.0,17.1,0.0
2014-03-10,baza,28000,0.0,19.0,0.0
2014-03-10,cabra,52000,0.0,20.2,0.0
2014-03-10,cordoba_capital,140000,0.0,22.5,0.0
2014-03-10,ecija,42000,0.0,23.3,0.0
2014-03-10,granada_capital,55000,0.0,20.0,0.0
2014-03-10,jaen_capital,165000,0.0,19.5,0.0
2014-03-10,linares,45000,0.0,19.9,0.0
2014-03-10,lucena,88000,0.0,20.1,0.0
2014-03-10,martos,68000,0.0,19.0,0.0
2014-03-10,sevilla_capital,75000,0.0,24.6,0.0
2014-03-10,ubeda,98000,0.0,17.3,0.0
2014-03-17,antequera,35000,0.0,21.2,0.0
2014-03-17,baeza,72000,0.0,19.9,0.0
2014-03-17,baza,28000,0.0,21.4,0.0
2014-03-17,cabra,52000,0.0,21.9,0.0
2014-03-17,cordoba_capital,140000,0.0,24.0,0.0
2014-03-17,ecija,42000,0.0,25.2,0.0
2014-03-17,granada_capital,55000,0.0,21.0,0.0
2014-03-17,jaen_capital,165000,0.0,21.7,0.0
2014-03-17,linares,45000,0.0,22.6,0.0
2014-03-17,lucena,88000,0.0,21.6,0.0
2014-03-17,martos,68000,0.0,20.9,0.0
2014-03-17,sevilla_capital,75000,0.0,26.1,0.0
2014-03-17,ubeda,98000,0.0,20.1,0.0
2014-03-24,antequera,35000,0.0,19.0,0.0
2014-03-24,baeza,72000,0.0,16.3,0.0
2014-03-24,baza,28000,0.0,17.0,0.0
2014-03-24,cabra,52000,0.0,17.7,0.0
2014-03-24,cordoba_capital,140000,0.0,20.5,0.0
2014-03-24,ecija,42000,0.0,21.8,0.0
2014-03-24,granada_capital,55000,0.0,18.0,0.0
2014-03-24,jaen_capital,165000,0.0,18.8,0.0
2014-03-24,linares,45000,0.0,19.2,0.0
2014-03-24,lucena,88000,0.0,17.3,0.0
2014-03-24,martos,68000,0.0,17.5,0.0
2014-03-24,sevilla_capital,75000,0.0,22.5,0.0
2014-03-24,ubeda,98000,0.0,16.4,0.0
2014-03-31,antequera,35000,0.0,22.1,0.0
2014-03-31,baeza,72000,0.0,21.0,0.0
2014-03-31,baza,28000,0.0,23.0,0.0
2014-03-31,cabra,52000,0.0,24.1,0.0
2014-03-31,cordoba_capital,140000,0.0,24.9,0.0
2014-03-31,ecija,42000,0.0,26.2,0.0
2014-03-31,granada_capital,55000,0.0,22.6,0.0
2014-03-31,jaen_capital,165000,0.0,23.1,0.0
2014-03-31,linares,45000,0.0,23.5,0.0
2014-03-31,lucena,88000,0.0,23.6,0.0
2014-03-31,martos,68000,0.0,22.5,0.0
2014-03-31,sevilla_capital,75000,0.0,25.9,0.0
2014-03-31,ubeda,98000,0.0,21.2,0.0
2014-04-07,antequera,35000,0.0,24.5,0.0
2014-04-07,baeza,72000,0.0,26.3,0.0
2014-04-07,baza,28000,0.0,26.9,0.0
2014-04-07,cabra,52000,0.0,27.1,0.0
2014-04-07,cordoba_capital,140000,0.0,28.7,0.0
2014-04-07,ecija,42000,0.0,29.5,0.0
2014-04-07,granada_capital,55000,0.0,25.9,0.0
2014-04-07,jaen_capital,165000,0.0,28.5,0.0
2014-04-07,linares,45000,0.0,28.7,0.0
2014-04-07,lucena,88000,0.0,26.5,0.0
2014-04-07,martos,68000,0.0,27.0,0.0
2014-04-07,sevilla_capital,75000,0.0,29.4,0.0
2014-04-07,ubeda,98000,0.0,26.5,0.0
2014-04-14,antequera,35000,0.0,25.5,0.0
2014-04-14,baeza,72000,0.0,24.6,0.0
2014-04-14,baza,28000,0.0,26.6,0.0
2014-04-14,cabra,52000,0.0,26.5,0.0
2014-04-14,cordoba_capital,140000,0.0,29.0,0.0
2014-04-14,ecija,42000,0.0,30.0,0.0
2014-04-14,granada_capital,55000,0.0,25.4,0.0
2014-04-14,jaen_capital,165000,0.0,26.5,0.0
2014-04-14,linares,45000,0.0,27.3,0.0
2014-04-14,lucena,88000,0.0,26.1,0.0
2014-04-14,martos,68000,0.0,25.8,0.0
2014-04-14,sevilla_capital,75000,0.0,30.2,0.0
2014-04-14,ubeda,98000,0.0,24.8,0.0
2014-04-21,antequera,35000,0.0,22.7,0.0
2014-04-21,baeza,72000,0.0,19.2,0.0
2014-04-21,baza,28000,0.0,22.3,0.0
2014-04-21,cabra,52000,0.0,22.1,0.0
2014-04-21,cordoba_capital,140000,0.0,24.5,0.0
2014-04-21,ecija,42000,0.0,25.3,0.0
2014-04-21,granada_capital,55000,0.0,21.2,0.0
2014-04-21,jaen_capital,165000,0.0,21.3,0.0
2014-04-21,linares,45000,0.0,22.1,0.0
2014-04-21,lucena,88000,0.0,21.2,0.0
2014-04-21,martos,68000,0.0,20.6,0.0
2014-04-21,sevilla_capital,75000,0.0,26.1,0.0
2014-04-21,ubeda,98000,0.0,19.1,0.0
2014-04-28,antequera,35000,0.0,28.7,0.0
2014-04-28,baeza,72000,0.0,24.3,0.0
2014-04-28,baza,28000,0.0,27.2,0.0
2014-04-28,cabra,52000,0.0,27.2,0.0
2014-04-28,cordoba_capital,140000,0.0,30.7,0.0
2014-04-28,ecija,42000,0.0,31.6,0.0
2014-04-28,granada_capital,55000,0.0,27.3,0.0
2014-04-28,jaen_capital,165000,0.0,26.3,0.0
2014-04-28,linares,45000,0.0,27.3,0.0
2014-04-28,lucena,88000,0.0,27.3,0.0
2014-04-28,martos,68000,0.0,25.7,0.0
2014-04-28,sevilla_capital,75000,0.0,32.2,0.0
2014-04-28,ubeda,98000,0.0,24.6,0.0
2014-05-05,antequera,35000,0.0,31.4,0.0
2014-05-05,baeza,72000,0.0,28.4,0.0
2014-05-05,baza,28000,0.0,30.7,0.0
2014-05-05,cabra,52000,0.0,30.2,0.0
2014-05-05,cordoba_capital,140000,0.0,34.0,0.0
2014-05-05,ecija,42000,0.0,34.4,0.0
2014-05-05,granada_capital,55000,0.0,29.7,0.0
2014-05-05,jaen_capital,165000,0.0,30.7,0.0
2014-05-05,linares,45000,0.0,31.2,0.0
2014-05-05,lucena,88000,0.0,30.0,0.0
2014-05-05,martos,68000,0.0,29.5,0.0
2014-05-05,sevilla_capital,75000,0.0,34.7,0.0
2014-05-05,ubeda,98000,0.0,28.7,0.0
2014-05-12,antequera,35000,0.0,27.5,0.0
2014-05-12,baeza,72000,0.0,28.9,0.0
2014-05-12,baza,28000,0.0,31.3,0.0
2014-05-12,cabra,52000,0.0,30.3,0.0
2014-05-12,cordoba_capital,140000,0.0,34.2,0.0
2014-05-12,ecija,42000,0.0,35.1,0.0
2014-05-12,granada_capital,55000,0.0,29.6,0.0
2014-05-12,jaen_capital,165000,0.0,31.0,0.0
2014-05-12,linares,45000,0.0,31.4,0.0
2014-05-12,lucena,88000,0.0,29.7,0.0
2014-05-12,martos,68000,0.0,29.6,0.0
2014-05-12,sevilla_capital,75000,0.0,34.2,0.0
2014-05-12,ubeda,98000,0.0,29.4,0.0
2014-05-19,antequera,35000,0.0,23.7,0.0
2014-05-19,baeza,72000,0.0,23.5,0.0
2014-05-19,baza,28000,0.0,25.4,0.0
2014-05-19,cabra,52000,0.0,24.9,0.0
2014-05-19,cordoba_capital,140000,0.0,27.4,0.0
2014-05-19,ecija,42000,0.0,27.9,0.0
2014-05-19,granada_capital,55000,0.0,23.5,0.0
2014-05-19,jaen_capital,165000,0.0,25.7,0.0
2014-05-19,linares,45000,0.0,25.7,0.0
2014-05-19,lucena,88000,0.0,24.4,0.0
2014-05-19,martos,68000,0.0,24.1,0.0
2014-05-19,sevilla_capital,75000,0.0,25.7,0.0
2014-05-19,ubeda,98000,0.0,24.1,0.0
2014-05-26,antequera,35000,0.0,26.8,0.0
2014-05-26,baeza,72000,0.0,23.9,0.0
2014-05-26,baza,28000,0.0,25.4,0.0
2014-05-26,cabra,52000,0.0,25.9,0.0
2014-05-26,cordoba_capital,140000,0.0,28.7,0.0
2014-05-26,ecija,42000,0.0,29.6,0.0
2014-05-26,granada_capital,55000,0.0,25.3,0.0
2014-05-26,jaen_capital,165000,0.0,26.1,0.0
2014-05-26,linares,45000,0.0,26.8,0.0
2014-05-26,lucena,88000,0.0,25.2,0.0
2014-05-26,martos,68000,0.0,24.8,0.0
2014-05-26,sevilla_capital,75000,0.0,30.3,0.0
2014-05-26,ubeda,98000,0.0,24.2,0.0
2014-06-02,antequera,35000,0.0,29.4,0.0
2014-06-02,baeza,72000,0.0,30.9,0.0
2014-06-02,baza,28000,0.0,32.7,0.0
2014-06-02,cabra,52000,0.0,30.2,0.0
2014-06-02,cordoba_capital,140000,0.0,31.8,0.0
2014-06-02,ecija,42000,0.0,32.1,0.0
2014-06-02,granada_capital,55000,0.0,30.8,0.0
2014-06-02,jaen_capital,165000,0.0,32.8,0.0
2014-06-02,linares,45000,0.0,33.0,0.0
2014-06-02,lucena,88000,0.0,29.0,0.0
2014-06-02,martos,68000,0.0,30.7,0.0
2014-06-02,sevilla_capital,75000,0.0,32.2,0.0
2014-06-02,ubeda,98000,0.0,31.6,0.0
2014-06-09,antequera,35000,0.0,34.8,0.0
2014-06-09,baeza,72000,0.0,32.5,0.0
2014-06-09,baza,28000,0.0,31.4,0.0
2014-06-09,cabra,52000,0.0,34.8,0.0
2014-06-09,cordoba_capital,140000,0.0,38.6,0.0
2014-06-09,ecija,42000,0.0,38.6,0.0
2014-06-09,granada_capital,55000,0.0,32.9,0.0
2014-06-09,jaen_capital,165000,0.0,34.8,0.0
2014-06-09,linares,45000,0.0,35.1,0.0
2014-06-09,lucena,88000,0.0,34.5,0.0
2014-06-09,martos,68000,0.0,33.5,0.0
2014-06-09,sevilla_capital,75000,0.0,39.0,0.0
2014-06-09,ubeda,98000,0.0,32.9,0.0
2014-06-16,antequera,35000,0.0,29.8,0.0
2014-06-16,baeza,72000,0.0,28.7,0.0
2014-06-16,baza,28000,0.0,30.1,0.0
2014-06-16,cabra,52000,0.0,30.4,0.0
2014-06-16,cordoba_capital,140000,0.0,32.3,0.0
2014-06-16,ecija,42000,0.0,32.3,0.0
2014-06-16,granada_capital,55000,0.0,30.0,0.0
2014-06-16,jaen_capital,165000,0.0,30.8,0.0
2014-06-16,linares,45000,0.0,30.8,0.0
2014-06-16,lucena,88000,0.0,29.9,0.0
2014-06-16,martos,68000,0.0,29.5,0.0
2014-06-16,sevilla_capital,75000,0.0,31.4,0.0
2014-06-16,ubeda,98000,0.0,29.4,0.0
2014-06-23,antequera,35000,0.0,32.1,0.0
2014-06-23,baeza,72000,0.0,29.2,0.0
2014-06-23,baza,28000,0.0,31.3,0.0
2014-06-23,cabra,52000,0.0,30.9,0.0
2014-06-23,cordoba_capital,140000,0.0,34.3,0.0
2014-06-23,ecija,42000,0.0,34.5,0.0
2014-06-23,granada_capital,55000,0.0,30.6,0.0
2014-06-23,jaen_capital,165000,0.0,31.2,0.0
2014-06-23,linares,45000,0.0,32.4,0.0
2014-06-23,lucena,88000,0.0,30.5,0.0
2014-06-23,martos,68000,0.0,29.8,0.0
2014-06-23,sevilla_capital,75000,0.0,33.5,0.0
2014-06-23,ubeda,98000,0.0,29.5,0.0
2014-06-30,antequera,35000,0.0,31.7,0.0
2014-06-30,baeza,72000,0.0,30.2,0.0
2014-06-30,baza,28000,0.0,32.2,0.0
2014-06-30,cabra,52000,0.0,31.8,0.0
2014-06-30,cordoba_capital,140000,0.0,34.5,0.0
2014-06-30,ecija,42000,0.0,34.7,0.0
2014-06-30,granada_capital,55000,0.0,31.0,0.0
2014-06-30,jaen_capital,165000,0.0,32.2,0.0
2014-06-30,linares,45000,0.0,32.8,0.0
2014-06-30,lucena,88000,0.0,31.4,0.0
2014-06-30,martos,68000,0.0,30.8,0.0
2014-06-30,sevilla_capital,75000,0.0,34.0,0.0
2014-06-30,ubeda,98000,0.0,30.7,0.0
2014-07-07,antequera,35000,0.0,33.6,0.0
2014-07-07,baeza,72000,0.0,32.1,0.0
2014-07-07,baza,28000,0.0,33.6,0.0
2014-07-07,cabra,52000,0.0,33.6,0.0
2014-07-07,cordoba_capital,140000,0.0,37.3,0.0
2014-07-07,ecija,42000,0.0,37.0,0.0
2014-07-07,granada_capital,55000,0.0,32.6,0.0
2014-07-07,jaen_capital,165000,0.0,33.9,0.0
2014-07-07,linares,45000,0.0,34.7,0.0
2014-07-07,lucena,88000,0.0,33.2,0.0
2014-07-07,martos,68000,0.0,32.6,0.0
2014-07-07,sevilla_capital,75000,0.0,36.2,0.0
2014-07-07,ubeda,98000,0.0,32.5,0.0
2014-07-14,antequera,35000,0.0,34.8,0.0
2014-07-14,baeza,72000,0.0,36.5,0.0
2014-07-14,baza,28000,0.0,37.8,0.0
2014-07-14,cabra,52000,0.0,37.5,0.0
2014-07-14,cordoba_capital,140000,0.0,40.2,0.0
2014-07-14,ecija,42000,0.0,40.4,0.0
2014-07-14,granada_capital,55000,0.0,37.2,0.0
2014-07-14,jaen_capital,165000,0.0,38.1,0.0
2014-07-14,linares,45000,0.0,38.7,0.0
2014-07-14,lucena,88000,0.0,36.4,0.0
2014-07-14,martos,68000,0.0,36.6,0.0
2014-07-14,sevilla_capital,75000,0.0,39.3,0.0
2014-07-14,ubeda,98000,0.0,37.0,0.0
2014-07-21,antequera,35000,0.0,34.0,0.0
2014-07-21,baeza,72000,0.0,33.8,0.0
2014-07-21,baza,28000,0.0,35.6,0.0
2014-07-21,cabra,52000,0.0,35.1,0.0
2014-07-21,cordoba_capital,140000,0.0,37.4,0.0
2014-07-21,ecija,42000,0.0,37.4,0.0
2014-07-21,granada_capital,55000,0.0,34.7,0.0
2014-07-21,jaen_capital,165000,0.0,35.6,0.0
2014-07-21,linares,45000,0.0,36.2,0.0
2014-07-21,lucena,88000,0.0,34.7,0.0
2014-07-21,martos,68000,0.0,34.1,0.0
2014-07-21,sevilla_capital,75000,0.0,36.7,0.0
2014-07-21,ubeda,98000,0.0,34.2,0.0
2014-07-28,antequera,35000,0.0,34.1,0.0
2014-07-28,baeza,72000,0.0,33.0,0.0
2014-07-28,baza,28000,0.0,34.3,0.0
2014-07-28,cabra,52000,0.0,33.5,0.0
2014-07-28,cordoba_capital,140000,0.0,35.5,0.0
2014-07-28,ecija,42000,0.0,34.4,0.0
2014-07-28,granada_capital,55000,0.0,34.2,0.0
2014-07-28,jaen_capital,165000,0.0,34.1,0.0
2014-07-28,linares,45000,0.0,35.4,0.0
2014-07-28,lucena,88000,0.0,32.6,0.0
2014-07-28,martos,68000,0.0,32.5,0.0
2014-07-28,sevilla_capital,75000,0.0,33.1,0.0
2014-07-28,ubeda,98000,0.0,33.3,0.0
2014-08-04,antequera,35000,0.0,34.6,0.0
2014-08-04,baeza,72000,0.0,33.9,0.0
2014-08-04,baza,28000,0.0,36.0,0.0
2014-08-04,cabra,52000,0.0,35.0,0.0
2014-08-04,cordoba_capital,140000,0.0,37.7,0.0
2014-08-04,ecija,42000,0.0,37.3,0.0
2014-08-04,granada_capital,55000,0.0,34.5,0.0
2014-08-04,jaen_capital,165000,0.0,35.4,0.0
2014-08-04,linares,45000,0.0,36.4,0.0
2014-08-04,lucena,88000,0.0,34.8,0.0
2014-08-04,martos,68000,0.0,34.0,0.0
2014-08-04,sevilla_capital,75000,0.0,36.9,0.0
2014-08-04,ubeda,98000,0.0,34.2,0.0
2014-08-11,antequera,35000,0.0,33.9,0.0
2014-08-11,baeza,72000,0.0,32.9,0.0
2014-08-11,baza,28000,0.0,35.4,0.0
2014-08-11,cabra,52000,0.0,34.4,0.0
2014-08-11,cordoba_capital,140000,0.0,36.9,0.0
2014-08-11,ecija,42000,0.0,36.0,0.0
2014-08-11,granada_capital,55000,0.0,34.6,0.0
2014-08-11,jaen_capital,165000,0.0,34.9,0.0
2014-08-11,linares,45000,0.0,35.4,0.0
2014-08-11,lucena,88000,0.0,33.0,0.0
2014-08-11,martos,68000,0.0,33.7,0.0
2014-08-11,sevilla_capital,75000,0.0,36.2,0.0
2014-08-11,ubeda,98000,0.0,33.2,0.0
2014-08-18,antequera,35000,0.0,33.2,0.0
2014-08-18,baeza,72000,0.0,31.4,0.0
2014-08-18,baza,28000,0.0,35.5,0.0
2014-08-18,cabra,52000,0.0,32.9,0.0
2014-08-18,cordoba_capital,140000,0.0,35.1,0.0
2014-08-18,ecija,42000,0.0,35.3,0.0
2014-08-18,granada_capital,55000,0.0,33.3,0.0
2014-08-18,jaen_capital,165000,0.0,33.1,0.0
2014-08-18,linares,45000,0.0,33.8,0.0
2014-08-18,lucena,88000,0.0,32.4,0.0
2014-08-18,martos,68000,0.0,31.8,0.0
2014-08-18,sevilla_capital,75000,0.0,34.6,0.0
2014-08-18,ubeda,98000,0.0,32.1,0.0
2014-08-25,antequera,35000,0.0,36.3,0.0
2014-08-25,baeza,72000,0.0,34.6,0.0
2014-08-25,baza,28000,0.0,36.4,0.0
2014-08-25,cabra,52000,0.0,36.2,0.0
2014-08-25,cordoba_capital,140000,0.0,38.9,0.0
2014-08-25,ecija,42000,0.0,38.9,0.0
2014-08-25,granada_capital,55000,0.0,36.0,0.0
2014-08-25,jaen_capital,165000,0.0,36.5,0.0
2014-08-25,linares,45000,0.0,37.1,0.0
2014-08-25,lucena,88000,0.0,35.9,0.0
2014-08-25,martos,68000,0.0,35.1,0.0
2014-08-25,sevilla_capital,75000,0.0,38.8,0.0
2014-08-25,ubeda,98000,0.0,34.8,0.0
2014-09-01,antequera,35000,0.0,34.1,0.0
2014-09-01,baeza,72000,0.0,35.6,0.0
2014-09-01,baza,28000,0.0,37.0,0.0
2014-09-01,cabra,52000,0.0,36.7,0.0
2014-09-01,cordoba_capital,140000,0.0,38.6,0.0
2014-09-01,ecija,42000,0.0,38.9,0.0
2014-09-01,granada_capital,55000,0.0,36.0,0.0
2014-09-01,jaen_capital,165000,0.0,37.3,0.0
2014-09-01,linares,45000,0.0,37.9,0.0
2014-09-01,lucena,88000,0.0,35.8,0.0
2014-09-01,martos,68000,0.0,35.8,0.0
2014-09-01,sevilla_capital,75000,0.0,37.6,0.0
2014-09-01,ubeda,98000,0.0,35.8,0.0
2014-09-08,antequera,35000,0.0,30.4,0.0
2014-09-08,baeza,72000,0.0,30.0,0.0
2014-09-08,baza,28000,0.0,32.0,0.0
2014-09-08,cabra,52000,0.0,31.5,0.0
2014-09-08,cordoba_capital,140000,0.0,32.8,0.0
2014-09-08,ecija,42000,0.0,32.8,0.0
2014-09-08,granada_capital,55000,0.0,30.7,0.0
2014-09-08,jaen_capital,165000,0.0,32.1,0.0
2014-09-08,linares,45000,0.0,32.3,0.0
2014-09-08,lucena,88000,0.0,30.9,0.0
2014-09-08,martos,68000,0.0,30.7,0.0
2014-09-08,sevilla_capital,75000,0.0,31.5,0.0
2014-09-08,ubeda,98000,0.0,30.4,0.0
2014-09-15,antequera,35000,0.0,28.3,0.0
2014-09-15,baeza,72000,0.0,28.4,0.0
2014-09-15,baza,28000,0.0,29.8,0.0
2014-09-15,cabra,52000,0.0,29.1,0.0
2014-09-15,cordoba_capital,140000,0.0,29.0,0.0
2014-09-15,ecija,42000,0.0,29.9,0.0
2014-09-15,granada_capital,55000,0.0,28.7,0.0
2014-09-15,jaen_capital,165000,0.0,30.4,0.0
2014-09-15,linares,45000,0.0,30.6,0.0
2014-09-15,lucena,88000,0.0,28.4,0.0
2014-09-15,martos,68000,0.0,28.9,0.0
2014-09-15,sevilla_capital,75000,0.0,29.1,0.0
2014-09-15,ubeda,98000,0.0,28.9,0.0
2014-09-22,antequera,35000,0.0,23.7,0.0
2014-09-22,baeza,72000,0.0,23.2,0.0
2014-09-22,baza,28000,0.0,22.7,0.0
2014-09-22,cabra,52000,0.0,24.8,0.0
2014-09-22,cordoba_capital,140000,0.0,27.1,0.0
2014-09-22,ecija,42000,0.0,27.3,0.0
2014-09-22,granada_capital,55000,0.0,24.4,0.0
2014-09-22,jaen_capital,165000,0.0,24.9,0.0
2014-09-22,linares,45000,0.0,26.4,0.0
2014-09-22,lucena,88000,0.0,24.1,0.0
2014-09-22,martos,68000,0.0,24.0,0.0
2014-09-22,sevilla_capital,75000,0.0,26.6,0.0
2014-09-22,ubeda,98000,0.0,23.5,0.0
2014-09-29,antequera,35000,0.0,26.6,0.0
2014-09-29,baeza,72000,0.0,24.9,0.0
2014-09-29,baza,28000,0.0,24.5,0.0
2014-09-29,cabra,52000,0.0,27.7,0.0
2014-09-29,cordoba_capital,140000,0.0,29.8,0.0
2014-09-29,ecija,42000,0.0,29.9,0.0
2014-09-29,granada_capital,55000,0.0,27.0,0.0
2014-09-29,jaen_capital,165000,0.0,26.7,0.0
2014-09-29,linares,45000,0.0,28.3,0.0
2014-09-29,lucena,88000,0.0,27.3,0.0
2014-09-29,martos,68000,0.0,26.3,0.0
2014-09-29,sevilla_capital,75000,0.0,30.0,0.0
2014-09-29,ubeda,98000,0.0,25.0,0.0
2014-10-06,antequera,35000,0.0,26.7,0.0
2014-10-06,baeza,72000,0.0,24.5,0.0
2014-10-06,baza,28000,0.0,27.1,0.0
2014-10-06,cabra,52000,0.0,26.7,0.0
2014-10-06,cordoba_capital,140000,0.0,27.8,0.0
2014-10-06,ecija,42000,0.0,28.1,0.0
2014-10-06,granada_capital,55000,0.0,26.7,0.0
2014-10-06,jaen_capital,165000,0.0,26.0,0.0
2014-10-06,linares,45000,0.0,27.3,0.0
2014-10-06,lucena,88000,0.0,25.4,0.0
2014-10-06,martos,68000,0.0,24.9,0.0
2014-10-06,sevilla_capital,75000,0.0,27.1,0.0
2014-10-06,ubeda,98000,0.0,24.8,0.0
2014-10-13,antequera,35000,0.0,27.7,0.0
2014-10-13,baeza,72000,0.0,27.6,0.0
2014-10-13,baza,28000,0.0,28.6,0.0
2014-10-13,cabra,52000,0.0,30.6,0.0
2014-10-13,cordoba_capital,140000,0.0,31.1,0.0
2014-10-13,ecija,42000,0.0,31.9,0.0
2014-10-13,granada_capital,55000,0.0,29.4,0.0
2014-10-13,jaen_capital,165000,0.0,29.6,0.0
2014-10-13,linares,45000,0.0,30.4,0.0
2014-10-13,lucena,88000,0.0,29.4,0.0
2014-10-13,martos,68000,0.0,28.8,0.0
2014-10-13,sevilla_capital,75000,0.0,30.5,0.0
2014-10-13,ubeda,98000,0.0,27.8,0.0
2014-10-20,antequera,35000,0.0,30.6,0.0
2014-10-20,baeza,72000,0.0,28.4,0.0
2014-10-20,baza,28000,0.0,29.2,0.0
2014-10-20,cabra,52000,0.0,30.5,0.0
2014-10-20,cordoba_capital,140000,0.0,31.3,0.0
2014-10-20,ecija,42000,0.0,31.7,0.0
2014-10-20,granada_capital,55000,0.0,30.3,0.0
2014-10-20,jaen_capital,165000,0.0,30.0,0.0
2014-10-20,linares,45000,0.0,31.1,0.0
2014-10-20,lucena,88000,0.0,29.3,0.0
2014-10-20,martos,68000,0.0,29.2,0.0
2014-10-20,sevilla_capital,75000,0.0,31.9,0.0
2014-10-20,ubeda,98000,0.0,28.6,0.0
2014-10-27,antequera,35000,0.0,23.8,0.0
2014-10-27,baeza,72000,0.0,24.4,0.0
2014-10-27,baza,28000,0.0,24.4,0.0
2014-10-27,cabra,52000,0.0,26.4,0.0
2014-10-27,cordoba_capital,140000,0.0,27.9,0.0
2014-10-27,ecija,42000,0.0,28.7,0.0
2014-10-27,granada_capital,55000,0.0,25.3,0.0
2014-10-27,jaen_capital,165000,0.0,25.8,0.0
2014-10-27,linares,45000,0.0,27.4,0.0
2014-10-27,lucena,88000,0.0,25.3,0.0
2014-10-27,martos,68000,0.0,24.9,0.0
2014-10-27,sevilla_capital,75000,0.0,28.5,0.0
2014-10-27,ubeda,98000,0.0,24.8,0.0
2014-11-03,antequera,35000,0.0,20.7,0.0
2014-11-03,baeza,72000,0.0,17.1,0.0
2014-11-03,baza,28000,0.0,19.0,0.0
2014-11-03,cabra,52000,0.0,19.9,0.0
2014-11-03,cordoba_capital,140000,0.0,21.9,0.0
2014-11-03,ecija,42000,0.0,22.5,0.0
2014-11-03,granada_capital,55000,0.0,19.0,0.0
2014-11-03,jaen_capital,165000,0.0,19.4,0.0
2014-11-03,linares,45000,0.0,19.9,0.0
2014-11-03,lucena,88000,0.0,19.4,0.0
2014-11-03,martos,68000,0.0,18.7,0.0
2014-11-03,sevilla_capital,75000,0.0,22.2,0.0
2014-11-03,ubeda,98000,0.0,17.4,0.0
2014-11-10,antequera,35000,0.0,18.3,0.0
2014-11-10,baeza,72000,0.0,15.3,0.0
2014-11-10,baza,28000,0.0,18.2,0.0
2014-11-10,cabra,52000,0.0,18.3,0.0
2014-11-10,cordoba_capital,140000,0.0,19.2,0.0
2014-11-10,ecija,42000,0.0,20.6,0.0
2014-11-10,granada_capital,55000,0.0,17.5,0.0
2014-11-10,jaen_capital,165000,0.0,18.1,0.0
2014-11-10,linares,45000,0.0,17.7,0.0
2014-11-10,lucena,88000,0.0,18.0,0.0
2014-11-10,martos,68000,0.0,17.3,0.0
2014-11-10,sevilla_capital,75000,0.0,20.0,0.0
2014-11-10,ubeda,98000,0.0,15.5,0.0
2014-11-17,antequera,35000,0.0,22.0,0.0
2014-11-17,baeza,72000,0.0,20.5,0.0
2014-11-17,baza,28000,0.0,20.5,0.0
2014-11-17,cabra,52000,0.0,24.4,0.0
2014-11-17,cordoba_capital,140000,0.0,23.3,0.0
2014-11-17,ecija,42000,0.0,25.6,0.0
2014-11-17,granada_capital,55000,0.0,23.5,0.0
2014-11-17,jaen_capital,165000,0.0,22.9,0.0
2014-11-17,linares,45000,0.0,22.8,0.0
2014-11-17,lucena,88000,0.0,23.5,0.0
2014-11-17,martos,68000,0.0,22.6,0.0
2014-11-17,sevilla_capital,75000,0.0,24.9,0.0
2014-11-17,ubeda,98000,0.0,20.7,0.0
2014-11-24,antequera,35000,0.0,18.1,0.0
2014-11-24,baeza,72000,0.0,17.1,0.0
2014-11-24,baza,28000,0.0,17.5,0.0
2014-11-24,cabra,52000,0.0,19.6,0.0
2014-11-24,cordoba_capital,140000,0.0,21.1,0.0
2014-11-24,ecija,42000,0.0,21.3,0.0
2014-11-24,granada_capital,55000,0.0,18.5,0.0
2014-11-24,jaen_capital,165000,0.0,19.0,0.0
2014-11-24,linares,45000,0.0,19.7,0.0
2014-11-24,lucena,88000,0.0,19.1,0.0
2014-11-24,martos,68000,0.0,18.3,0.0
2014-11-24,sevilla_capital,75000,0.0,20.6,0.0
2014-11-24,ubeda,98000,0.0,17.3,0.0
2014-12-01,antequera,35000,0.0,15.9,0.0
2014-12-01,baeza,72000,0.0,13.0,0.0
2014-12-01,baza,28000,0.0,12.4,0.0
2014-12-01,cabra,52000,0.0,16.2,0.0
2014-12-01,cordoba_capital,140000,0.0,19.4,0.0
2014-12-01,ecija,42000,0.0,19.2,0.0
2014-12-01,granada_capital,55000,0.0,13.3,0.0
2014-12-01,jaen_capital,165000,0.0,14.8,0.0
2014-12-01,linares,45000,0.0,16.1,0.0
2014-12-01,lucena,88000,0.0,15.6,0.0
2014-12-01,martos,68000,0.0,14.5,0.0
2014-12-01,sevilla_capital,75000,0.0,19.8,0.0
2014-12-01,ubeda,98000,0.0,13.0,0.0
2014-12-08,antequera,35000,0.0,15.3,0.0
2014-12-08,baeza,72000,0.0,12.6,0.0
2014-12-08,baza,28000,0.0,14.9,0.0
2014-12-08,cabra,52000,0.0,15.9,0.0
2014-12-08,cordoba_capital,140000,0.0,16.4,0.0
2014-12-08,ecija,42000,0.0,16.3,0.0
2014-12-08,granada_capital,55000,0.0,15.2,0.0
2014-12-08,jaen_capital,165000,0.0,14.9,0.0
2014-12-08,linares,45000,0.0,15.0,0.0
2014-12-08,lucena,88000,0.0,15.0,0.0
2014-12-08,martos,68000,0.0,13.9,0.0
2014-12-08,sevilla_capital,75000,0.0,16.6,0.0
2014-12-08,ubeda,98000,0.0,13.0,0.0
2014-12-15,antequera,35000,0.0,18.0,0.0
2014-12-15,baeza,72000,0.0,14.4,0.0
2014-12-15,baza,28000,0.0,17.4,0.0
2014-12-15,cabra,52000,0.0,18.0,0.0
2014-12-15,cordoba_capital,140000,0.0,17.5,0.0
2014-12-15,ecija,42000,0.0,17.1,0.0
2014-12-15,granada_capital,55000,0.0,18.2,0.0
2014-12-15,jaen_capital,165000,0.0,16.3,0.0
2014-12-15,linares,45000,0.0,16.5,0.0
2014-12-15,lucena,88000,0.0,16.9,0.0
2014-12-15,martos,68000,0.0,15.9,0.0
2014-12-15,sevilla_capital,75000,0.0,16.8,0.0
2014-12-15,ubeda,98000,0.0,14.8,0.0
2014-12-22,antequera,35000,0.0,14.8,0.0
2014-12-22,baeza,72000,0.0,12.7,0.0
2014-12-22,baza,28000,0.0,13.4,0.0
2014-12-22,cabra,52000,0.0,15.4,0.0
2014-12-22,cordoba_capital,140000,0.0,15.4,0.0
2014-12-22,ecija,42000,0.0,16.8,0.0
2014-12-22,granada_capital,55000,0.0,14.3,0.0
2014-12-22,jaen_capital,165000,0.0,14.5,0.0
2014-12-22,linares,45000,0.0,14.9,0.0
2014-12-22,lucena,88000,0.0,14.5,0.0
2014-12-22,martos,68000,0.0,13.6,0.0
2014-12-22,sevilla_capital,75000,0.0,17.0,0.0
2014-12-22,ubeda,98000,0.0,13.0,0.0
2014-12-29,antequera,35000,0.0,18.0,0.0
2014-12-29,baeza,72000,0.0,13.3,0.0
2014-12-29,baza,28000,0.0,15.6,0.0
2014-12-29,cabra,52000,0.0,16.8,0.0
2014-12-29,cordoba_capital,140000,0.0,17.6,0.0
2014-12-29,ecija,42000,0.0,17.7,0.0
2014-12-29,granada_capital,55000,0.0,17.7,0.0
2014-12-29,jaen_capital,165000,0.0,15.3,0.0
2014-12-29,linares,45000,0.0,15.5,0.0
2014-12-29,lucena,88000,0.0,16.7,0.0
2014-12-29,martos,68000,0.0,14.8,0.0
2014-12-29,sevilla_capital,75000,0.0,17.6,0.0
2014-12-29,ubeda,98000,0.0,13.5,0.0
2015-01-05,antequera,35000,0.0,17.6,0.0
2015-01-05,baeza,72000,0.0,14.5,0.0
2015-01-05,baza,28000,0.0,16.6,0.0
2015-01-05,cabra,52000,0.0,17.9,0.0
2015-01-05,cordoba_capital,140000,0.0,18.1,0.0
2015-01-05,ecija,42000,0.0,18.4,0.0
2015-01-05,granada_capital,55000,0.0,18.9,0.0
2015-01-05,jaen_capital,165000,0.0,16.7,0.0
2015-01-05,linares,45000,0.0,16.7,0.0
2015-01-05,lucena,88000,0.0,17.5,0.0
2015-01-05,martos,68000,0.0,16.2,0.0
2015-01-05,sevilla_capital,75000,0.0,18.1,0.0
2015-01-05,ubeda,98000,0.0,14.6,0.0
2015-01-12,antequera,35000,0.0,17.2,0.0
2015-01-12,baeza,72000,0.0,14.2,0.0
2015-01-12,baza,28000,0.0,16.5,0.0
2015-01-12,cabra,52000,0.0,17.7,0.0
2015-01-12,cordoba_capital,140000,0.0,17.8,0.0
2015-01-12,ecija,42000,0.0,18.7,0.0
2015-01-12,granada_capital,55000,0.0,17.6,0.0
2015-01-12,jaen_capital,165000,0.0,16.6,0.0
2015-01-12,linares,45000,0.0,16.7,0.0
2015-01-12,lucena,88000,0.0,17.3,0.0
2015-01-12,martos,68000,0.0,15.9,0.0
2015-01-12,sevilla_capital,75000,0.0,18.3,0.0
2015-01-12,ubeda,98000,0.0,14.4,0.0
2015-01-19,antequera,35000,0.0,13.6,0.0
2015-01-19,baeza,72000,0.0,10.0,0.0
2015-01-19,baza,28000,0.0,10.6,0.0
2015-01-19,cabra,52000,0.0,13.2,0.0
2015-01-19,cordoba_capital,140000,0.0,15.5,0.0
2015-01-19,ecija,42000,0.0,15.3,0.0
2015-01-19,granada_capital,55000,0.0,11.3,0.0
2015-01-19,jaen_capital,165000,0.0,11.6,0.0
2015-01-19,linares,45000,0.0,12.8,0.0
2015-01-19,lucena,88000,0.0,12.4,0.0
2015-01-19,martos,68000,0.0,11.1,0.0
2015-01-19,sevilla_capital,75000,0.0,16.9,0.0
2015-01-19,ubeda,98000,0.0,10.0,0.0
2015-01-26,antequera,35000,0.0,15.8,0.0
2015-01-26,baeza,72000,0.0,11.1,0.0
2015-01-26,baza,28000,0.0,13.2,0.0
2015-01-26,cabra,52000,0.0,15.3,0.0
2015-01-26,cordoba_capital,140000,0.0,16.0,0.0
2015-01-26,ecija,42000,0.0,17.1,0.0
2015-01-26,granada_capital,55000,0.0,14.2,0.0
2015-01-26,jaen_capital,165000,0.0,13.6,0.0
2015-01-26,linares,45000,0.0,13.6,0.0
2015-01-26,lucena,88000,0.0,14.6,0.0
2015-01-26,martos,68000,0.0,13.3,0.0
2015-01-26,sevilla_capital,75000,0.0,17.1,0.0
2015-01-26,ubeda,98000,0.0,11.2,0.0
2015-02-02,antequera,35000,0.0,10.2,0.0
2015-02-02,baeza,72000,0.0,7.8,0.0
2015-02-02,baza,28000,0.0,8.5,0.0
2015-02-02,cabra,52000,0.0,10.6,0.0
2015-02-02,cordoba_capital,140000,0.0,13.0,0.0
2015-02-02,ecija,42000,0.0,13.6,0.0
2015-02-02,granada_capital,55000,0.0,9.1,0.0
2015-02-02,jaen_capital,165000,0.0,10.2,0.0
2015-02-02,linares,45000,0.0,10.3,0.0
2015-02-02,lucena,88000,0.0,10.4,0.0
2015-02-02,martos,68000,0.0,9.6,0.0
2015-02-02,sevilla_capital,75000,0.0,14.6,0.0
2015-02-02,ubeda,98000,0.0,8.0,0.0
2015-02-09,antequera,35000,0.0,13.0,0.0
2015-02-09,baeza,72000,0.0,11.5,0.0
2015-02-09,baza,28000,0.0,12.6,0.0
2015-02-09,cabra,52000,0.0,14.3,0.0
2015-02-09,cordoba_capital,140000,0.0,15.6,0.0
2015-02-09,ecija,42000,0.0,16.1,0.0
2015-02-09,granada_capital,55000,0.0,13.5,0.0
2015-02-09,jaen_capital,165000,0.0,13.8,0.0
2015-02-09,linares,45000,0.0,14.1,0.0
2015-02-09,lucena,88000,0.0,13.8,0.0
2015-02-09,martos,68000,0.0,13.0,0.0
2015-02-09,sevilla_capital,75000,0.0,17.2,0.0
2015-02-09,ubeda,98000,0.0,11.7,0.0
2015-02-16,antequera,35000,0.0,14.4,0.0
2015-02-16,baeza,72000,0.0,11.7,0.0
2015-02-16,baza,28000,0.0,13.4,0.0
2015-02-16,cabra,52000,0.0,14.8,0.0
2015-02-16,cordoba_capital,140000,0.0,16.9,0.0
2015-02-16,ecija,42000,0.0,18.0,0.0
2015-02-16,granada_capital,55000,0.0,12.5,0.0
2015-02-16,jaen_capital,165000,0.0,14.0,0.0
2015-02-16,linares,45000,0.0,14.7,0.0
2015-02-16,lucena,88000,0.0,14.6,0.0
2015-02-16,martos,68000,0.0,13.2,0.0
2015-02-16,sevilla_capital,75000,0.0,18.5,0.0
2015-02-16,ubeda,98000,0.0,11.8,0.0
2015-02-23,antequera,35000,0.0,17.7,0.0
2015-02-23,baeza,72000,0.0,14.7,0.0
2015-02-23,baza,28000,0.0,17.4,0.0
2015-02-23,cabra,52000,0.0,17.2,0.0
2015-02-23,cordoba_capital,140000,0.0,19.4,0.0
2015-02-23,ecija,42000,0.0,19.9,0.0
2015-02-23,granada_capital,55000,0.0,17.2,0.0
2015-02-23,jaen_capital,165000,0.0,17.1,0.0
2015-02-23,linares,45000,0.0,17.2,0.0
2015-02-23,lucena,88000,0.0,16.6,0.0
2015-02-23,martos,68000,0.0,16.1,0.0
2015-02-23,sevilla_capital,75000,0.0,21.5,0.0
2015-02-23,ubeda,98000,0.0,14.9,0.0
2015-03-02,antequera,35000,0.0,21.9,0.0
2015-03-02,baeza,72000,0.0,19.7,0.0
2015-03-02,baza,28000,0.0,22.8,0.0
2015-03-02,cabra,52000,0.0,22.0,0.0
2015-03-02,cordoba_capital,140000,0.0,24.2,0.0
2015-03-02,ecija,42000,0.0,24.8,0.0
2015-03-02,granada_capital,55000,0.0,21.6,0.0
2015-03-02,jaen_capital,165000,0.0,21.4,0.0
2015-03-02,linares,45000,0.0,22.6,0.0
2015-03-02,lucena,88000,0.0,21.4,0.0
2015-03-02,martos,68000,0.0,20.8,0.0
2015-03-02,sevilla_capital,75000,0.0,25.7,0.0
2015-03-02,ubeda,98000,0.0,19.8,0.0
2015-03-09,antequera,35000,0.0,23.3,0.0
2015-03-09,baeza,72000,0.0,20.3,0.0
2015-03-09,baza,28000,0.0,22.5,0.0
2015-03-09,cabra,52000,0.0,22.4,0.0
2015-03-09,cordoba_capital,140000,0.0,24.9,0.0
2015-03-09,ecija,42000,0.0,25.8,0.0
2015-03-09,granada_capital,55000,0.0,22.1,0.0
2015-03-09,jaen_capital,165000,0.0,22.2,0.0
2015-03-09,linares,45000,0.0,23.2,0.0
2015-03-09,lucena,88000,0.0,22.0,0.0
2015-03-09,martos,68000,0.0,21.4,0.0
2015-03-09,sevilla_capital,75000,0.0,26.3,0.0
2015-03-09,ubeda,98000,0.0,20.4,0.0
2015-03-16,antequera,35000,0.0,16.6,0.0
2015-03-16,baeza,72000,0.0,15.0,0.0
2015-03-16,baza,28000,0.0,14.8,0.0
2015-03-16,cabra,52000,0.0,17.6,0.0
2015-03-16,cordoba_capital,140000,0.0,18.9,0.0
2015-03-16,ecija,42000,0.0,19.6,0.0
2015-03-16,granada_capital,55000,0.0,16.8,0.0
2015-03-16,jaen_capital,165000,0.0,17.4,0.0
2015-03-16,linares,45000,0.0,17.6,0.0
2015-03-16,lucena,88000,0.0,16.9,0.0
2015-03-16,martos,68000,0.0,16.4,0.0
2015-03-16,sevilla_capital,75000,0.0,20.2,0.0
2015-03-16,ubeda,98000,0.0,15.4,0.0
2015-03-23,antequera,35000,0.0,24.2,0.0
2015-03-23,baeza,72000,0.0,21.7,0.0
2015-03-23,baza,28000,0.0,22.7,0.0
2015-03-23,cabra,52000,0.0,23.7,0.0
2015-03-23,cordoba_capital,140000,0.0,26.2,0.0
2015-03-23,ecija,42000,0.0,26.6,0.0
2015-03-23,granada_capital,55000,0.0,24.2,0.0
2015-03-23,jaen_capital,165000,0.0,24.0,0.0
2015-03-23,linares,45000,0.0,24.4,0.0
2015-03-23,lucena,88000,0.0,23.2,0.0
2015-03-23,martos,68000,0.0,23.0,0.0
2015-03-23,sevilla_capital,75000,0.0,28.0,0.0
2015-03-23,ubeda,98000,0.0,21.9,0.0
2015-03-30,antequera,35000,0.0,26.7,0.0
2015-03-30,baeza,72000,0.0,25.4,0.0
2015-03-30,baza,28000,0.0,26.9,0.0
2015-03-30,cabra,52000,0.0,27.9,0.0
2015-03-30,cordoba_capital,140000,0.0,29.7,0.0
2015-03-30,ecija,42000,0.0,30.0,0.0
2015-03-30,granada_capital,55000,0.0,27.2,0.0
2015-03-30,jaen_capital,165000,0.0,27.3,0.0
2015-03-30,linares,45000,0.0,28.3,0.0
2015-03-30,lucena,88000,0.0,27.4,0.0
2015-03-30,martos,68000,0.0,26.7,0.0
2015-03-30,sevilla_capital,75000,0.0,30.8,0.0
2015-03-30,ubeda,98000,0.0,25.6,0.0
2015-04-06,antequera,35000,0.0,17.4,0.0
2015-04-06,baeza,72000,0.0,18.6,0.0
2015-04-06,baza,28000,0.0,21.1,0.0
2015-04-06,cabra,52000,0.0,21.0,0.0
2015-04-06,cordoba_capital,140000,0.0,22.1,0.0
2015-04-06,ecija,42000,0.0,22.9,0.0
2015-04-06,granada_capital,55000,0.0,21.4,0.0
2015-04-06,jaen_capital,165000,0.0,20.9,0.0
2015-04-06,linares,45000,0.0,21.6,0.0
2015-04-06,lucena,88000,0.0,19.8,0.0
2015-04-06,martos,68000,0.0,20.4,0.0
2015-04-06,sevilla_capital,75000,0.0,23.3,0.0
2015-04-06,ubeda,98000,0.0,18.9,0.0
2015-04-13,antequera,35000,0.0,22.5,0.0
2015-04-13,baeza,72000,0.0,23.4,0.0
2015-04-13,baza,28000,0.0,22.5,0.0
2015-04-13,cabra,52000,0.0,27.3,0.0
2015-04-13,cordoba_capital,140000,0.0,26.9,0.0
2015-04-13,ecija,42000,0.0,27.6,0.0
2015-04-13,granada_capital,55000,0.0,26.4,0.0
2015-04-13,jaen_capital,165000,0.0,26.1,0.0
2015-04-13,linares,45000,0.0,26.2,0.0
2015-04-13,lucena,88000,0.0,25.8,0.0
2015-04-13,martos,68000,0.0,26.5,0.0
2015-04-13,sevilla_capital,75000,0.0,26.3,0.0
2015-04-13,ubeda,98000,0.0,23.3,0.0
2015-04-20,antequera,35000,0.0,23.6,0.0
2015-04-20,baeza,72000,0.0,23.0,0.0
2015-04-20,baza,28000,0.0,26.7,0.0
2015-04-20,cabra,52000,0.0,24.6,0.0
2015-04-20,cordoba_capital,140000,0.0,26.9,0.0
2015-04-20,ecija,42000,0.0,28.0,0.0
2015-04-20,granada_capital,55000,0.0,24.7,0.0
2015-04-20,jaen_capital,165000,0.0,24.8,0.0
2015-04-20,linares,45000,0.0,25.8,0.0
2015-04-20,lucena,88000,0.0,24.1,0.0
2015-04-20,martos,68000,0.0,23.6,0.0
2015-04-20,sevilla_capital,75000,0.0,27.1,0.0
2015-04-20,ubeda,98000,0.0,23.2,0.0
2015-04-27,antequera,35000,0.0,29.3,0.0
2015-04-27,baeza,72000,0.0,27.7,0.0
2015-04-27,baza,28000,0.0,31.6,0.0
2015-04-27,cabra,52000,0.0,29.4,0.0
2015-04-27,cordoba_capital,140000,0.0,32.2,0.0
2015-04-27,ecija,42000,0.0,33.5,0.0
2015-04-27,granada_capital,55000,0.0,29.3,0.0
2015-04-27,jaen_capital,165000,0.0,29.2,0.0
2015-04-27,linares,45000,0.0,30.5,0.0
2015-04-27,lucena,88000,0.0,29.0,0.0
2015-04-27,martos,68000,0.0,28.0,0.0
2015-04-27,sevilla_capital,75000,0.0,32.6,0.0
2015-04-27,ubeda,98000,0.0,27.9,0.0
2015-05-04,antequera,35000,0.0,28.5,0.0
2015-05-04,baeza,72000,0.0,30.0,0.0
2015-05-04,baza,28000,0.0,32.3,0.0
2015-05-04,cabra,52000,0.0,30.9,0.0
2015-05-04,cordoba_capital,140000,0.0,34.0,0.0
2015-05-04,ecija,42000,0.0,34.1,0.0
2015-05-04,granada_capital,55000,0.0,31.4,0.0
2015-05-04,jaen_capital,165000,0.0,32.0,0.0
2015-05-04,linares,45000,0.0,32.8,0.0
2015-05-04,lucena,88000,0.0,29.7,0.0
2015-05-04,martos,68000,0.0,30.5,0.0
2015-05-04,sevilla_capital,75000,0.0,34.3,0.0
2015-05-04,ubeda,98000,0.0,30.2,0.0
2015-05-11,antequera,35000,0.0,35.5,0.0
2015-05-11,baeza,72000,0.0,35.1,0.0
2015-05-11,baza,28000,0.0,35.5,0.0
2015-05-11,cabra,52000,0.0,35.7,0.0
2015-05-11,cordoba_capital,140000,0.0,39.2,0.0
2015-05-11,ecija,42000,0.0,39.8,0.0
2015-05-11,granada_capital,55000,0.0,34.6,0.0
2015-05-11,jaen_capital,165000,0.0,36.1,0.0
2015-05-11,linares,45000,0.0,37.8,0.0
2015-05-11,lucena,88000,0.0,34.2,0.0
2015-05-11,martos,68000,0.0,34.3,0.0
2015-05-11,sevilla_capital,75000,0.0,39.8,0.0
2015-05-11,ubeda,98000,0.0,35.6,0.0
2015-05-18,antequera,35000,0.0,27.9,0.0
2015-05-18,baeza,72000,0.0,28.9,0.0
2015-05-18,baza,28000,0.0,29.6,0.0
2015-05-18,cabra,52000,0.0,29.6,0.0
2015-05-18,cordoba_capital,140000,0.0,33.4,0.0
2015-05-18,ecija,42000,0.0,33.1,0.0
2015-05-18,granada_capital,55000,0.0,29.6,0.0
2015-05-18,jaen_capital,165000,0.0,30.3,0.0
2015-05-18,linares,45000,0.0,31.7,0.0
2015-05-18,lucena,88000,0.0,28.2,0.0
2015-05-18,martos,68000,0.0,28.8,0.0
2015-05-18,sevilla_capital,75000,0.0,33.0,0.0
2015-05-18,ubeda,98000,0.0,29.5,0.0
2015-05-25,antequera,35000,0.0,28.9,0.0
2015-05-25,baeza,72000,0.0,29.0,0.0
2015-05-25,baza,28000,0.0,28.1,0.0
2015-05-25,cabra,52000,0.0,30.3,0.0
2015-05-25,cordoba_capital,140000,0.0,33.7,0.0
2015-05-25,ecija,42000,0.0,33.9,0.0
2015-05-25,granada_capital,55000,0.0,29.6,0.0
2015-05-25,jaen_capital,165000,0.0,30.8,0.0
2015-05-25,linares,45000,0.0,31.9,0.0
2015-05-25,lucena,88000,0.0,29.5,0.0
2015-05-25,martos,68000,0.0,29.4,0.0
2015-05-25,sevilla_capital,75000,0.0,34.5,0.0
2015-05-25,ubeda,98000,0.0,29.4,0.0
2015-06-01,antequera,35000,0.0,28.2,0.0
2015-06-01,baeza,72000,0.0,31.2,0.0
2015-06-01,baza,28000,0.0,29.9,0.0
2015-06-01,cabra,52000,0.0,32.3,0.0
2015-06-01,cordoba_capital,140000,0.0,36.0,0.0
2015-06-01,ecija,42000,0.0,36.1,0.0
2015-06-01,granada_capital,55000,0.0,30.8,0.0
2015-06-01,jaen_capital,165000,0.0,32.9,0.0
2015-06-01,linares,45000,0.0,33.9,0.0
2015-06-01,lucena,88000,0.0,31.2,0.0
2015-06-01,martos,68000,0.0,31.5,0.0
2015-06-01,sevilla_capital,75000,0.0,37.2,0.0
2015-06-01,ubeda,98000,0.0,31.5,0.0
2015-06-08,antequera,35000,0.0,29.0,0.0
2015-06-08,baeza,72000,0.0,30.6,0.0
2015-06-08,baza,28000,0.0,30.0,0.0
2015-06-08,cabra,52000,0.0,31.8,0.0
2015-06-08,cordoba_capital,140000,0.0,35.4,0.0
2015-06-08,ecija,42000,0.0,34.5,0.0
2015-06-08,granada_capital,55000,0.0,30.6,0.0
2015-06-08,jaen_capital,165000,0.0,32.3,0.0
2015-06-08,linares,45000,0.0,33.3,0.0
2015-06-08,lucena,88000,0.0,30.6,0.0
2015-06-08,martos,68000,0.0,30.9,0.0
2015-06-08,sevilla_capital,75000,0.0,35.6,0.0
2015-06-08,ubeda,98000,0.0,30.8,0.0
2015-06-15,antequera,35000,0.0,30.4,0.0
2015-06-15,baeza,72000,0.0,32.5,0.0
2015-06-15,baza,28000,0.0,33.3,0.0
2015-06-15,cabra,52000,0.0,34.4,0.0
2015-06-15,cordoba_capital,140000,0.0,37.9,0.0
2015-06-15,ecija,42000,0.0,38.3,0.0
2015-06-15,granada_capital,55000,0.0,32.9,0.0
2015-06-15,jaen_capital,165000,0.0,34.1,0.0
2015-06-15,linares,45000,0.0,35.5,0.0
2015-06-15,lucena,88000,0.0,33.5,0.0
2015-06-15,martos,68000,0.0,33.0,0.0
2015-06-15,sevilla_capital,75000,0.0,37.9,0.0
2015-06-15,ubeda,98000,0.0,32.9,0.0
2015-06-22,antequera,35000,0.0,36.4,0.0
2015-06-22,baeza,72000,0.0,37.2,0.0
2015-06-22,baza,28000,0.0,37.8,0.0
2015-06-22,cabra,52000,0.0,38.7,0.0
2015-06-22,cordoba_capital,140000,0.0,41.8,0.0
2015-06-22,ecija,42000,0.0,42.6,0.0
2015-06-22,granada_capital,55000,0.0,37.5,0.0
2015-06-22,jaen_capital,165000,0.0,38.7,0.0
2015-06-22,linares,45000,0.0,39.7,0.0
2015-06-22,lucena,88000,0.0,38.2,0.0
2015-06-22,martos,68000,0.0,37.3,0.0
2015-06-22,sevilla_capital,75000,0.0,41.3,0.0
2015-06-22,ubeda,98000,0.0,37.5,0.0
2015-06-29,antequera,35000,0.0,35.8,0.0
2015-06-29,baeza,72000,0.0,38.1,0.0
2015-06-29,baza,28000,0.0,38.7,0.0
2015-06-29,cabra,52000,0.0,38.6,0.0
2015-06-29,cordoba_capital,140000,0.0,40.9,0.0
2015-06-29,ecija,42000,0.0,41.1,0.0
2015-06-29,granada_capital,55000,0.0,38.1,0.0
2015-06-29,jaen_capital,165000,0.0,39.6,0.0
2015-06-29,linares,45000,0.0,40.4,0.0
2015-06-29,lucena,88000,0.0,37.9,0.0
2015-06-29,martos,68000,0.0,37.7,0.0
2015-06-29,sevilla_capital,75000,0.0,38.8,0.0
2015-06-29,ubeda,98000,0.0,38.6,0.0
2015-07-06,antequera,35000,0.0,39.3,0.0
2015-07-06,baeza,72000,0.0,38.3,0.0
2015-07-06,baza,28000,0.0,38.3,0.0
2015-07-06,cabra,52000,0.0,40.3,0.0
2015-07-06,cordoba_capital,140000,0.0,42.8,0.0
2015-07-06,ecija,42000,0.0,43.5,0.0
2015-07-06,granada_capital,55000,0.0,38.2,0.0
2015-07-06,jaen_capital,165000,0.0,39.3,0.0
2015-07-06,linares,45000,0.0,40.7,0.0
2015-07-06,lucena,88000,0.0,39.8,0.0
2015-07-06,martos,68000,0.0,38.2,0.0
2015-07-06,sevilla_capital,75000,0.0,41.3,0.0
2015-07-06,ubeda,98000,0.0,38.9,0.0
2015-07-13,antequera,35000,0.0,36.1,0.0
2015-07-13,baeza,72000,0.0,36.9,0.0
2015-07-13,baza,28000,0.0,37.9,0.0
2015-07-13,cabra,52000,0.0,38.7,0.0
2015-07-13,cordoba_capital,140000,0.0,41.6,0.0
2015-07-13,ecija,42000,0.0,41.9,0.0
2015-07-13,granada_capital,55000,0.0,37.0,0.0
2015-07-13,jaen_capital,165000,0.0,38.6,0.0
2015-07-13,linares,45000,0.0,39.6,0.0
2015-07-13,lucena,88000,0.0,38.0,0.0
2015-07-13,martos,68000,0.0,37.0,0.0
2015-07-13,sevilla_capital,75000,0.0,40.6,0.0
2015-07-13,ubeda,98000,0.0,37.2,0.0
2015-07-20,antequera,35000,0.0,37.0,0.0
2015-07-20,baeza,72000,0.0,35.7,0.0
2015-07-20,baza,28000,0.0,37.1,0.0
2015-07-20,cabra,52000,0.0,37.6,0.0
2015-07-20,cordoba_capital,140000,0.0,40.0,0.0
2015-07-20,ecija,42000,0.0,40.2,0.0
2015-07-20,granada_capital,55000,0.0,36.3,0.0
2015-07-20,jaen_capital,165000,0.0,37.6,0.0
2015-07-20,linares,45000,0.0,38.2,0.0
2015-07-20,lucena,88000,0.0,37.0,0.0
2015-07-20,martos,68000,0.0,36.2,0.0
2015-07-20,sevilla_capital,75000,0.0,40.0,0.0
2015-07-20,ubeda,98000,0.0,36.0,0.0
2015-07-27,antequera,35000,0.0,37.7,0.0
2015-07-27,baeza,72000,0.0,37.6,0.0
2015-07-27,baza,28000,0.0,39.1,0.0
2015-07-27,cabra,52000,0.0,39.3,0.0
2015-07-27,cordoba_capital,140000,0.0,41.5,0.0
2015-07-27,ecija,42000,0.0,41.7,0.0
2015-07-27,granada_capital,55000,0.0,38.5,0.0
2015-07-27,jaen_capital,165000,0.0,39.5,0.0
2015-07-27,linares,45000,0.0,39.9,0.0
2015-07-27,lucena,88000,0.0,38.8,0.0
2015-07-27,martos,68000,0.0,38.0,0.0
2015-07-27,sevilla_capital,75000,0.0,40.1,0.0
2015-07-27,ubeda,98000,0.0,38.0,0.0
2015-08-03,antequera,35000,0.0,36.9,0.0
2015-08-03,baeza,72000,0.0,36.8,0.0
2015-08-03,baza,28000,0.0,38.4,0.0
2015-08-03,cabra,52000,0.0,39.5,0.0
2015-08-03,cordoba_capital,140000,0.0,41.4,0.0
2015-08-03,ecija,42000,0.0,41.8,0.0
2015-08-03,granada_capital,55000,0.0,37.3,0.0
2015-08-03,jaen_capital,165000,0.0,38.5,0.0
2015-08-03,linares,45000,0.0,39.4,0.0
2015-08-03,lucena,88000,0.0,38.9,0.0
2015-08-03,martos,68000,0.0,37.9,0.0
2015-08-03,sevilla_capital,75000,0.0,39.8,0.0
2015-08-03,ubeda,98000,0.0,37.5,0.0
2015-08-10,antequera,35000,0.0,35.5,0.0
2015-08-10,baeza,72000,0.0,33.8,0.0
2015-08-10,baza,28000,0.0,35.1,0.0
2015-08-10,cabra,52000,0.0,36.3,0.0
2015-08-10,cordoba_capital,140000,0.0,38.6,0.0
2015-08-10,ecija,42000,0.0,39.5,0.0
2015-08-10,granada_capital,55000,0.0,35.0,0.0
2015-08-10,jaen_capital,165000,0.0,36.3,0.0
2015-08-10,linares,45000,0.0,36.6,0.0
2015-08-10,lucena,88000,0.0,35.3,0.0
2015-08-10,martos,68000,0.0,35.0,0.0
2015-08-10,sevilla_capital,75000,0.0,38.3,0.0
2015-08-10,ubeda,98000,0.0,34.2,0.0
2015-08-17,antequera,35000,0.0,32.1,0.0
2015-08-17,baeza,72000,0.0,33.5,0.0
2015-08-17,baza,28000,0.0,33.6,0.0
2015-08-17,cabra,52000,0.0,34.8,0.0
2015-08-17,cordoba_capital,140000,0.0,37.2,0.0
2015-08-17,ecija,42000,0.0,37.2,0.0
2015-08-17,granada_capital,55000,0.0,34.4,0.0
2015-08-17,jaen_capital,165000,0.0,35.9,0.0
2015-08-17,linares,45000,0.0,36.1,0.0
2015-08-17,lucena,88000,0.0,33.7,0.0
2015-08-17,martos,68000,0.0,34.7,0.0
2015-08-17,sevilla_capital,75000,0.0,36.5,0.0
2015-08-17,ubeda,98000,0.0,33.8,0.0
2015-08-24,antequera,35000,0.0,31.6,0.0
2015-08-24,baeza,72000,0.0,36.2,0.0
2015-08-24,baza,28000,0.0,34.6,0.0
2015-08-24,cabra,52000,0.0,37.6,0.0
2015-08-24,cordoba_capital,140000,0.0,39.0,0.0
2015-08-24,ecija,42000,0.0,38.6,0.0
2015-08-24,granada_capital,55000,0.0,35.9,0.0
2015-08-24,jaen_capital,165000,0.0,38.7,0.0
2015-08-24,linares,45000,0.0,38.8,0.0
2015-08-24,lucena,88000,0.0,35.5,0.0
2015-08-24,martos,68000,0.0,37.3,0.0
2015-08-24,sevilla_capital,75000,0.0,38.6,0.0
2015-08-24,ubeda,98000,0.0,36.4,0.0
2015-08-31,antequera,35000,0.0,31.3,0.0
2015-08-31,baeza,72000,0.0,29.3,0.0
2015-08-31,baza,28000,0.0,34.2,0.0
2015-08-31,cabra,52000,0.0,32.0,0.0
2015-08-31,cordoba_capital,140000,0.0,33.3,0.0
2015-08-31,ecija,42000,0.0,34.0,0.0
2015-08-31,granada_capital,55000,0.0,31.9,0.0
2015-08-31,jaen_capital,165000,0.0,31.3,0.0
2015-08-31,linares,45000,0.0,32.1,0.0
2015-08-31,lucena,88000,0.0,31.4,0.0
2015-08-31,martos,68000,0.0,30.4,0.0
2015-08-31,sevilla_capital,75000,0.0,32.7,0.0
2015-08-31,ubeda,98000,0.0,29.8,0.0
2015-09-07,antequera,35000,0.0,28.3,0.0
2015-09-07,baeza,72000,0.0,28.0,0.0
2015-09-07,baza,28000,0.0,29.1,0.0
2015-09-07,cabra,52000,0.0,30.1,0.0
2015-09-07,cordoba_capital,140000,0.0,32.1,0.0
2015-09-07,ecija,42000,0.0,32.9,0.0
2015-09-07,granada_capital,55000,0.0,29.5,0.0
2015-09-07,jaen_capital,165000,0.0,30.0,0.0
2015-09-07,linares,45000,0.0,31.0,0.0
2015-09-07,lucena,88000,0.0,29.3,0.0
2015-09-07,martos,68000,0.0,29.1,0.0
2015-09-07,sevilla_capital,75000,0.0,32.8,0.0
2015-09-07,ubeda,98000,0.0,28.4,0.0
2015-09-14,antequera,35000,0.0,26.6,0.0
2015-09-14,baeza,72000,0.0,26.7,0.0
2015-09-14,baza,28000,0.0,28.7,0.0
2015-09-14,cabra,52000,0.0,29.6,0.0
2015-09-14,cordoba_capital,140000,0.0,32.2,0.0
2015-09-14,ecija,42000,0.0,32.9,0.0
2015-09-14,granada_capital,55000,0.0,28.7,0.0
2015-09-14,jaen_capital,165000,0.0,28.7,0.0
2015-09-14,linares,45000,0.0,30.0,0.0
2015-09-14,lucena,88000,0.0,28.5,0.0
2015-09-14,martos,68000,0.0,28.1,0.0
2015-09-14,sevilla_capital,75000,0.0,32.7,0.0
2015-09-14,ubeda,98000,0.0,27.0,0.0
2015-09-21,antequera,35000,0.0,30.2,0.0
2015-09-21,baeza,72000,0.0,27.2,0.0
2015-09-21,baza,28000,0.0,28.6,0.0
2015-09-21,cabra,52000,0.0,30.4,0.0
2015-09-21,cordoba_capital,140000,0.0,33.9,0.0
2015-09-21,ecija,42000,0.0,34.2,0.0
2015-09-21,granada_capital,55000,0.0,29.1,0.0
2015-09-21,jaen_capital,165000,0.0,29.2,0.0
2015-09-21,linares,45000,0.0,30.6,0.0
2015-09-21,lucena,88000,0.0,29.8,0.0
2015-09-21,martos,68000,0.0,28.7,0.0
2015-09-21,sevilla_capital,75000,0.0,33.8,0.0
2015-09-21,ubeda,98000,0.0,27.5,0.0
2015-09-28,antequera,35000,0.0,28.0,0.0
2015-09-28,baeza,72000,0.0,25.7,0.0
2015-09-28,baza,28000,0.0,27.9,0.0
2015-09-28,cabra,52000,0.0,29.0,0.0
2015-09-28,cordoba_capital,140000,0.0,30.7,0.0
2015-09-28,ecija,42000,0.0,31.2,0.0
2015-09-28,granada_capital,55000,0.0,28.0,0.0
2015-09-28,jaen_capital,165000,0.0,28.4,0.0
2015-09-28,linares,45000,0.0,28.2,0.0
2015-09-28,lucena,88000,0.0,27.9,0.0
2015-09-28,martos,68000,0.0,27.6,0.0
2015-09-28,sevilla_capital,75000,0.0,31.3,0.0
2015-09-28,ubeda,98000,0.0,26.1,0.0
2015-10-05,antequera,35000,0.0,23.7,0.0
2015-10-05,baeza,72000,0.0,21.5,0.0
2015-10-05,baza,28000,0.0,26.0,0.0
2015-10-05,cabra,52000,0.0,23.4,0.0
2015-10-05,cordoba_capital,140000,0.0,25.5,0.0
2015-10-05,ecija,42000,0.0,26.1,0.0
2015-10-05,granada_capital,55000,0.0,24.3,0.0
2015-10-05,jaen_capital,165000,0.0,23.3,0.0
2015-10-05,linares,45000,0.0,24.0,0.0
2015-10-05,lucena,88000,0.0,22.6,0.0
2015-10-05,martos,68000,0.0,22.3,0.0
2015-10-05,sevilla_capital,75000,0.0,25.6,0.0
2015-10-05,ubeda,98000,0.0,22.3,0.0
2015-10-12,antequera,35000,0.0,23.0,0.0
2015-10-12,baeza,72000,0.0,23.5,0.0
2015-10-12,baza,28000,0.0,23.9,0.0
2015-10-12,cabra,52000,0.0,24.5,0.0
2015-10-12,cordoba_capital,140000,0.0,26.5,0.0
2015-10-12,ecija,42000,0.0,27.2,0.0
2015-10-12,granada_capital,55000,0.0,25.5,0.0
2015-10-12,jaen_capital,165000,0.0,25.1,0.0
2015-10-12,linares,45000,0.0,26.4,0.0
2015-10-12,lucena,88000,0.0,23.7,0.0
2015-10-12,martos,68000,0.0,24.1,0.0
2015-10-12,sevilla_capital,75000,0.0,25.2,0.0
2015-10-12,ubeda,98000,0.0,23.9,0.0
2015-10-19,antequera,35000,0.0,22.5,0.0
2015-10-19,baeza,72000,0.0,21.0,0.0
2015-10-19,baza,28000,0.0,23.8,0.0
2015-10-19,cabra,52000,0.0,23.8,0.0
2015-10-19,cordoba_capital,140000,0.0,24.6,0.0
2015-10-19,ecija,42000,0.0,24.7,0.0
2015-10-19,granada_capital,55000,0.0,23.1,0.0
2015-10-19,jaen_capital,165000,0.0,22.7,0.0
2015-10-19,linares,45000,0.0,24.3,0.0
2015-10-19,lucena,88000,0.0,23.1,0.0
2015-10-19,martos,68000,0.0,22.0,0.0
2015-10-19,sevilla_capital,75000,0.0,23.8,0.0
2015-10-19,ubeda,98000,0.0,21.3,0.0
2015-10-26,antequera,35000,0.0,21.0,0.0
2015-10-26,baeza,72000,0.0,21.9,0.0
2015-10-26,baza,28000,0.0,22.3,0.0
2015-10-26,cabra,52000,0.0,23.8,0.0
2015-10-26,cordoba_capital,140000,0.0,24.7,0.0
2015-10-26,ecija,42000,0.0,24.9,0.0
2015-10-26,granada_capital,55000,0.0,22.6,0.0
2015-10-26,jaen_capital,165000,0.0,23.3,0.0
2015-10-26,linares,45000,0.0,24.4,0.0
2015-10-26,lucena,88000,0.0,23.2,0.0
2015-10-26,martos,68000,0.0,22.2,0.0
2015-10-26,sevilla_capital,75000,0.0,23.1,0.0
2015-10-26,ubeda,98000,0.0,22.2,0.0
2015-11-02,antequera,35000,0.0,21.6,0.0
2015-11-02,baeza,72000,0.0,21.9,0.0
2015-11-02,baza,28000,0.0,21.7,0.0
2015-11-02,cabra,52000,0.0,24.2,0.0
2015-11-02,cordoba_capital,140000,0.0,24.6,0.0
2015-11-02,ecija,42000,0.0,25.5,0.0
2015-11-02,granada_capital,55000,0.0,22.5,0.0
2015-11-02,jaen_capital,165000,0.0,23.8,0.0
2015-11-02,linares,45000,0.0,24.6,0.0
2015-11-02,lucena,88000,0.0,23.4,0.0
2015-11-02,martos,68000,0.0,23.0,0.0
2015-11-02,sevilla_capital,75000,0.0,25.2,0.0
2015-11-02,ubeda,98000,0.0,22.0,0.0
2015-11-09,antequera,35000,0.0,21.1,0.0
2015-11-09,baeza,72000,0.0,20.6,0.0
2015-11-09,baza,28000,0.0,22.3,0.0
2015-11-09,cabra,52000,0.0,23.6,0.0
2015-11-09,cordoba_capital,140000,0.0,24.0,0.0
2015-11-09,ecija,42000,0.0,24.7,0.0
2015-11-09,granada_capital,55000,0.0,21.7,0.0
2015-11-09,jaen_capital,165000,0.0,22.1,0.0
2015-11-09,linares,45000,0.0,23.1,0.0
2015-11-09,lucena,88000,0.0,22.7,0.0
2015-11-09,martos,68000,0.0,21.5,0.0
2015-11-09,sevilla_capital,75000,0.0,23.9,0.0
2015-11-09,ubeda,98000,0.0,20.9,0.0
2015-11-16,antequera,35000,0.0,22.4,0.0
2015-11-16,baeza,72000,0.0,18.9,0.0
2015-11-16,baza,28000,0.0,20.8,0.0
2015-11-16,cabra,52000,0.0,22.0,0.0
2015-11-16,cordoba_capital,140000,0.0,23.3,0.0
2015-11-16,ecija,42000,0.0,23.3,0.0
2015-11-16,granada_capital,55000,0.0,21.4,0.0
2015-11-16,jaen_capital,165000,0.0,21.1,0.0
2015-11-16,linares,45000,0.0,21.5,0.0
2015-11-16,lucena,88000,0.0,21.5,0.0
2015-11-16,martos,68000,0.0,20.6,0.0
2015-11-16,sevilla_capital,75000,0.0,23.2,0.0
2015-11-16,ubeda,98000,0.0,19.1,0.0
2015-11-23,antequera,35000,0.0,17.9,0.0
2015-11-23,baeza,72000,0.0,15.0,0.0
2015-11-23,baza,28000,0.0,16.1,0.0
2015-11-23,cabra,52000,0.0,18.2,0.0
2015-11-23,cordoba_capital,140000,0.0,19.6,0.0
2015-11-23,ecija,42000,0.0,20.1,0.0
2015-11-23,granada_capital,55000,0.0,16.7,0.0
2015-11-23,jaen_capital,165000,0.0,16.7,0.0
2015-11-23,linares,45000,0.0,17.6,0.0
2015-11-23,lucena,88000,0.0,17.3,0.0
2015-11-23,martos,68000,0.0,16.2,0.0
2015-11-23,sevilla_capital,75000,0.0,20.3,0.0
2015-11-23,ubeda,98000,0.0,15.2,0.0
2015-11-30,antequera,35000,0.0,19.0,0.0
2015-11-30,baeza,72000,0.0,17.9,0.0
2015-11-30,baza,28000,0.0,18.7,0.0
2015-11-30,cabra,52000,0.0,20.3,0.0
2015-11-30,cordoba_capital,140000,0.0,21.4,0.0
2015-11-30,ecija,42000,0.0,22.2,0.0
2015-11-30,granada_capital,55000,0.0,19.6,0.0
2015-11-30,jaen_capital,165000,0.0,19.7,0.0
2015-11-30,linares,45000,0.0,20.7,0.0
2015-11-30,lucena,88000,0.0,19.4,0.0
2015-11-30,martos,68000,0.0,18.9,0.0
2015-11-30,sevilla_capital,75000,0.0,21.5,0.0
2015-11-30,ubeda,98000,0.0,18.1,0.0
2015-12-07,antequera,35000,0.0,17.4,0.0
2015-12-07,baeza,72000,0.0,16.4,0.0
2015-12-07,baza,28000,0.0,18.1,0.0
2015-12-07,cabra,52000,0.0,18.9,0.0
2015-12-07,cordoba_capital,140000,0.0,20.7,0.0
2015-12-07,ecija,42000,0.0,20.4,0.0
2015-12-07,granada_capital,55000,0.0,19.0,0.0
2015-12-07,jaen_capital,165000,0.0,18.3,0.0
2015-12-07,linares,45000,0.0,19.2,0.0
2015-12-07,lucena,88000,0.0,18.0,0.0
2015-12-07,martos,68000,0.0,17.7,0.0
2015-12-07,sevilla_capital,75000,0.0,20.6,0.0
2015-12-07,ubeda,98000,0.0,16.6,0.0
2015-12-14,antequera,35000,0.0,21.0,0.0
2015-12-14,baeza,72000,0.0,18.9,0.0
2015-12-14,baza,28000,0.0,20.6,0.0
2015-12-14,cabra,52000,0.0,22.2,0.0
2015-12-14,cordoba_capital,140000,0.0,22.5,0.0
2015-12-14,ecija,42000,0.0,23.6,0.0
2015-12-14,granada_capital,55000,0.0,21.8,0.0
2015-12-14,jaen_capital,165000,0.0,21.0,0.0
2015-12-14,linares,45000,0.0,21.5,0.0
2015-12-14,lucena,88000,0.0,21.3,0.0
2015-12-14,martos,68000,0.0,20.5,0.0
2015-12-14,sevilla_capital,75000,0.0,22.3,0.0
2015-12-14,ubeda,98000,0.0,19.2,0.0
2015-12-21,antequera,35000,0.0,17.0,0.0
2015-12-21,baeza,72000,0.0,16.3,0.0
2015-12-21,baza,28000,0.0,17.5,0.0
2015-12-21,cabra,52000,0.0,18.8,0.0
2015-12-21,cordoba_capital,140000,0.0,19.5,0.0
2015-12-21,ecija,42000,0.0,20.5,0.0
2015-12-21,granada_capital,55000,0.0,18.6,0.0
2015-12-21,jaen_capital,165000,0.0,18.4,0.0
2015-12-21,linares,45000,0.0,18.9,0.0
2015-12-21,lucena,88000,0.0,17.9,0.0
2015-12-21,martos,68000,0.0,17.6,0.0
2015-12-21,sevilla_capital,75000,0.0,20.3,0.0
2015-12-21,ubeda,98000,0.0,16.8,0.0
2015-12-28,antequera,35000,0.0,17.7,0.0
2015-12-28,baeza,72000,0.0,16.0,0.0
2015-12-28,baza,28000,0.0,17.1,0.0
2015-12-28,cabra,52000,0.0,18.4,0.0
2015-12-28,cordoba_capital,140000,0.0,20.3,0.0
2015-12-28,ecija,42000,0.0,21.7,0.0
2015-12-28,granada_capital,55000,0.0,17.0,0.0
2015-12-28,jaen_capital,165000,0.0,18.6,0.0
2015-12-28,linares,45000,0.0,18.6,0.0
2015-12-28,lucena,88000,0.0,17.5,0.0
2015-12-28,martos,68000,0.0,17.6,0.0
2015-12-28,sevilla_capital,75000,0.0,19.4,0.0
2015-12-28,ubeda,98000,0.0,16.2,0.0
2016-01-04,antequera,35000,0.0,17.5,0.0
2016-01-04,baeza,72000,0.0,13.8,0.0
2016-01-04,baza,28000,0.0,17.0,0.0
2016-01-04,cabra,52000,0.0,17.1,0.0
2016-01-04,cordoba_capital,140000,0.0,17.6,0.0
2016-01-04,ecija,42000,0.0,18.4,0.0
2016-01-04,granada_capital,55000,0.0,15.9,0.0
2016-01-04,jaen_capital,165000,0.0,16.6,0.0
2016-01-04,linares,45000,0.0,15.7,0.0
2016-01-04,lucena,88000,0.0,16.4,0.0
2016-01-04,martos,68000,0.0,15.8,0.0
2016-01-04,sevilla_capital,75000,0.0,18.6,0.0
2016-01-04,ubeda,98000,0.0,14.1,0.0
2016-01-11,antequera,35000,0.0,17.8,0.0
2016-01-11,baeza,72000,0.0,12.6,0.0
2016-01-11,baza,28000,0.0,16.9,0.0
2016-01-11,cabra,52000,0.0,16.7,0.0
2016-01-11,cordoba_capital,140000,0.0,16.2,0.0
2016-01-11,ecija,42000,0.0,18.2,0.0
2016-01-11,granada_capital,55000,0.0,16.7,0.0
2016-01-11,jaen_capital,165000,0.0,15.3,0.0
2016-01-11,linares,45000,0.0,14.7,0.0
2016-01-11,lucena,88000,0.0,15.8,0.0
2016-01-11,martos,68000,0.0,14.7,0.0
2016-01-11,sevilla_capital,75000,0.0,17.3,0.0
2016-01-11,ubeda,98000,0.0,12.9,0.0
2016-01-18,antequera,35000,0.0,17.3,0.0
2016-01-18,baeza,72000,0.0,17.4,0.0
2016-01-18,baza,28000,0.0,18.2,0.0
2016-01-18,cabra,52000,0.0,19.9,0.0
2016-01-18,cordoba_capital,140000,0.0,20.1,0.0
2016-01-18,ecija,42000,0.0,21.5,0.0
2016-01-18,granada_capital,55000,0.0,18.9,0.0
2016-01-18,jaen_capital,165000,0.0,19.1,0.0
2016-01-18,linares,45000,0.0,19.7,0.0
2016-01-18,lucena,88000,0.0,18.9,0.0
2016-01-18,martos,68000,0.0,18.1,0.0
2016-01-18,sevilla_capital,75000,0.0,20.6,0.0
2016-01-18,ubeda,98000,0.0,17.7,0.0
2016-01-25,antequera,35000,0.0,16.2,0.0
2016-01-25,baeza,72000,0.0,15.1,0.0
2016-01-25,baza,28000,0.0,17.4,0.0
2016-01-25,cabra,52000,0.0,17.9,0.0
2016-01-25,cordoba_capital,140000,0.0,18.4,0.0
2016-01-25,ecija,42000,0.0,19.9,0.0
2016-01-25,granada_capital,55000,0.0,17.3,0.0
2016-01-25,jaen_capital,165000,0.0,17.2,0.0
2016-01-25,linares,45000,0.0,17.5,0.0
2016-01-25,lucena,88000,0.0,17.1,0.0
2016-01-25,martos,68000,0.0,16.4,0.0
2016-01-25,sevilla_capital,75000,0.0,19.0,0.0
2016-01-25,ubeda,98000,0.0,15.4,0.0
2016-02-01,antequera,35000,0.0,19.6,0.0
2016-02-01,baeza,72000,0.0,16.5,0.0
2016-02-01,baza,28000,0.0,19.2,0.0
2016-02-01,cabra,52000,0.0,20.1,0.0
2016-02-01,cordoba_capital,140000,0.0,20.4,0.0
2016-02-01,ecija,42000,0.0,20.8,0.0
2016-02-01,granada_capital,55000,0.0,18.8,0.0
2016-02-01,jaen_capital,165000,0.0,18.4,0.0
2016-02-01,linares,45000,0.0,18.8,0.0
2016-02-01,lucena,88000,0.0,19.4,0.0
2016-02-01,martos,68000,0.0,18.1,0.0
2016-02-01,sevilla_capital,75000,0.0,20.9,0.0
2016-02-01,ubeda,98000,0.0,16.8,0.0
2016-02-08,antequera,35000,0.0,16.4,0.0
2016-02-08,baeza,72000,0.0,11.8,0.0
2016-02-08,baza,28000,0.0,14.5,0.0
2016-02-08,cabra,52000,0.0,14.8,0.0
2016-02-08,cordoba_capital,140000,0.0,17.9,0.0
2016-02-08,ecija,42000,0.0,18.2,0.0
2016-02-08,granada_capital,55000,0.0,14.2,0.0
2016-02-08,jaen_capital,165000,0.0,14.4,0.0
2016-02-08,linares,45000,0.0,14.6,0.0
2016-02-08,lucena,88000,0.0,14.3,0.0
2016-02-08,martos,68000,0.0,13.7,0.0
2016-02-08,sevilla_capital,75000,0.0,18.9,0.0
2016-02-08,ubeda,98000,0.0,11.7,0.0
2016-02-15,antequera,35000,0.0,16.6,0.0
2016-02-15,baeza,72000,0.0,15.9,0.0
2016-02-15,baza,28000,0.0,15.5,0.0
2016-02-15,cabra,52000,0.0,18.9,0.0
2016-02-15,cordoba_capital,140000,0.0,19.5,0.0
2016-02-15,ecija,42000,0.0,20.9,0.0
2016-02-15,granada_capital,55000,0.0,18.1,0.0
2016-02-15,jaen_capital,165000,0.0,17.9,0.0
2016-02-15,linares,45000,0.0,18.4,0.0
2016-02-15,lucena,88000,0.0,18.2,0.0
2016-02-15,martos,68000,0.0,17.6,0.0
2016-02-15,sevilla_capital,75000,0.0,21.0,0.0
2016-02-15,ubeda,98000,0.0,16.0,0.0
2016-02-22,antequera,35000,0.0,18.2,0.0
2016-02-22,baeza,72000,0.0,14.9,0.0
2016-02-22,baza,28000,0.0,16.5,0.0
2016-02-22,cabra,52000,0.0,17.6,0.0
2016-02-22,cordoba_capital,140000,0.0,20.3,0.0
2016-02-22,ecija,42000,0.0,20.4,0.0
2016-02-22,granada_capital,55000,0.0,16.8,0.0
2016-02-22,jaen_capital,165000,0.0,17.0,0.0
2016-02-22,linares,45000,0.0,17.7,0.0
2016-02-22,lucena,88000,0.0,17.1,0.0
2016-02-22,martos,68000,0.0,16.4,0.0
2016-02-22,sevilla_capital,75000,0.0,20.8,0.0
2016-02-22,ubeda,98000,0.0,15.0,0.0
2016-02-29,antequera,35000,0.0,18.8,0.0
2016-02-29,baeza,72000,0.0,15.0,0.0
2016-02-29,baza,28000,0.0,17.3,0.0
2016-02-29,cabra,52000,0.0,18.1,0.0
2016-02-29,cordoba_capital,140000,0.0,21.1,0.0
2016-02-29,ecija,42000,0.0,20.8,0.0
2016-02-29,granada_capital,55000,0.0,16.9,0.0
2016-02-29,jaen_capital,165000,0.0,17.2,0.0
2016-02-29,linares,45000,0.0,17.8,0.0
2016-02-29,lucena,88000,0.0,17.3,0.0
2016-02-29,martos,68000,0.0,16.5,0.0
2016-02-29,sevilla_capital,75000,0.0,21.9,0.0
2016-02-29,ubeda,98000,0.0,15.0,0.0
2016-03-07,antequera,35000,0.0,16.1,0.0
2016-03-07,baeza,72000,0.0,13.0,0.0
2016-03-07,baza,28000,0.0,14.6,0.0
2016-03-07,cabra,52000,0.0,15.7,0.0
2016-03-07,cordoba_capital,140000,0.0,18.6,0.0
2016-03-07,ecija,42000,0.0,19.7,0.0
2016-03-07,granada_capital,55000,0.0,14.9,0.0
2016-03-07,jaen_capital,165000,0.0,15.4,0.0
2016-03-07,linares,45000,0.0,15.9,0.0
2016-03-07,lucena,88000,0.0,15.8,0.0
2016-03-07,martos,68000,0.0,14.8,0.0
2016-03-07,sevilla_capital,75000,0.0,20.2,0.0
2016-03-07,ubeda,98000,0.0,13.1,0.0
2016-03-14,antequera,35000,0.0,18.4,0.0
2016-03-14,baeza,72000,0.0,14.1,0.0
2016-03-14,baza,28000,0.0,17.0,0.0
2016-03-14,cabra,52000,0.0,17.5,0.0
2016-03-14,cordoba_capital,140000,0.0,19.9,0.0
2016-03-14,ecija,42000,0.0,20.9,0.0
2016-03-14,granada_capital,55000,0.0,17.2,0.0
2016-03-14,jaen_capital,165000,0.0,17.0,0.0
2016-03-14,linares,45000,0.0,16.9,0.0
2016-03-14,lucena,88000,0.0,17.4,0.0
2016-03-14,martos,68000,0.0,16.2,0.0
2016-03-14,sevilla_capital,75000,0.0,21.2,0.0
2016-03-14,ubeda,98000,0.0,14.1,0.0
2016-03-21,antequera,35000,0.0,20.5,0.0
2016-03-21,baeza,72000,0.0,17.0,0.0
2016-03-21,baza,28000,0.0,20.4,0.0
2016-03-21,cabra,52000,0.0,19.6,0.0
2016-03-21,cordoba_capital,140000,0.0,21.9,0.0
2016-03-21,ecija,42000,0.0,22.2,0.0
2016-03-21,granada_capital,55000,0.0,19.9,0.0
2016-03-21,jaen_capital,165000,0.0,19.2,0.0
2016-03-21,linares,45000,0.0,19.5,0.0
2016-03-21,lucena,88000,0.0,18.9,0.0
2016-03-21,martos,68000,0.0,18.1,0.0
2016-03-21,sevilla_capital,75000,0.0,21.7,0.0
2016-03-21,ubeda,98000,0.0,17.1,0.0
2016-03-28,antequera,35000,0.0,22.8,0.0
2016-03-28,baeza,72000,0.0,22.5,0.0
2016-03-28,baza,28000,0.0,25.7,0.0
2016-03-28,cabra,52000,0.0,24.0,0.0
2016-03-28,cordoba_capital,140000,0.0,24.9,0.0
2016-03-28,ecija,42000,0.0,25.9,0.0
2016-03-28,granada_capital,55000,0.0,23.9,0.0
2016-03-28,jaen_capital,165000,0.0,24.7,0.0
2016-03-28,linares,45000,0.0,24.8,0.0
2016-03-28,lucena,88000,0.0,23.2,0.0
2016-03-28,martos,68000,0.0,23.3,0.0
2016-03-28,sevilla_capital,75000,0.0,23.3,0.0
2016-03-28,ubeda,98000,0.0,22.9,0.0
2016-04-04,antequera,35000,0.0,21.1,0.0
2016-04-04,baeza,72000,0.0,17.9,0.0
2016-04-04,baza,28000,0.0,18.9,0.0
2016-04-04,cabra,52000,0.0,20.5,0.0
2016-04-04,cordoba_capital,140000,0.0,23.5,0.0
2016-04-04,ecija,42000,0.0,24.0,0.0
2016-04-04,granada_capital,55000,0.0,19.6,0.0
2016-04-04,jaen_capital,165000,0.0,20.0,0.0
2016-04-04,linares,45000,0.0,20.8,0.0
2016-04-04,lucena,88000,0.0,20.4,0.0
2016-04-04,martos,68000,0.0,19.5,0.0
2016-04-04,sevilla_capital,75000,0.0,24.8,0.0
2016-04-04,ubeda,98000,0.0,18.0,0.0
2016-04-11,antequera,35000,0.0,21.2,0.0
2016-04-11,baeza,72000,0.0,18.8,0.0
2016-04-11,baza,28000,0.0,23.0,0.0
2016-04-11,cabra,52000,0.0,20.9,0.0
2016-04-11,cordoba_capital,140000,0.0,21.7,0.0
2016-04-11,ecija,42000,0.0,22.9,0.0
2016-04-11,granada_capital,55000,0.0,21.2,0.0
2016-04-11,jaen_capital,165000,0.0,21.3,0.0
2016-04-11,linares,45000,0.0,21.2,0.0
2016-04-11,lucena,88000,0.0,20.7,0.0
2016-04-11,martos,68000,0.0,20.2,0.0
2016-04-11,sevilla_capital,75000,0.0,22.3,0.0
2016-04-11,ubeda,98000,0.0,19.0,0.0
2016-04-18,antequera,35000,0.0,21.6,0.0
2016-04-18,baeza,72000,0.0,21.1,0.0
2016-04-18,baza,28000,0.0,20.2,0.0
2016-04-18,cabra,52000,0.0,23.0,0.0
2016-04-18,cordoba_capital,140000,0.0,25.2,0.0
2016-04-18,ecija,42000,0.0,25.7,0.0
2016-04-18,granada_capital,55000,0.0,22.2,0.0
2016-04-18,jaen_capital,165000,0.0,23.7,0.0
2016-04-18,linares,45000,0.0,23.9,0.0
2016-04-18,lucena,88000,0.0,22.1,0.0
2016-04-18,martos,68000,0.0,22.8,0.0
2016-04-18,sevilla_capital,75000,0.0,25.5,0.0
2016-04-18,ubeda,98000,0.0,21.1,0.0
2016-04-25,antequera,35000,0.0,24.0,0.0
2016-04-25,baeza,72000,0.0,20.6,0.0
2016-04-25,baza,28000,0.0,23.8,0.0
2016-04-25,cabra,52000,0.0,23.1,0.0
2016-04-25,cordoba_capital,140000,0.0,25.5,0.0
2016-04-25,ecija,42000,0.0,26.5,0.0
2016-04-25,granada_capital,55000,0.0,22.8,0.0
2016-04-25,jaen_capital,165000,0.0,23.0,0.0
2016-04-25,linares,45000,0.0,23.2,0.0
2016-04-25,lucena,88000,0.0,23.1,0.0
2016-04-25,martos,68000,0.0,21.9,0.0
2016-04-25,sevilla_capital,75000,0.0,25.8,0.0
2016-04-25,ubeda,98000,0.0,20.9,0.0
2016-05-02,antequera,35000,0.0,23.8,0.0
2016-05-02,baeza,72000,0.0,25.5,0.0
2016-05-02,baza,28000,0.0,26.0,0.0
2016-05-02,cabra,52000,0.0,27.4,0.0
2016-05-02,cordoba_capital,140000,0.0,30.6,0.0
2016-05-02,ecija,42000,0.0,30.8,0.0
2016-05-02,granada_capital,55000,0.0,27.4,0.0
2016-05-02,jaen_capital,165000,0.0,27.8,0.0
2016-05-02,linares,45000,0.0,28.1,0.0
2016-05-02,lucena,88000,0.0,26.4,0.0
2016-05-02,martos,68000,0.0,26.8,0.0
2016-05-02,sevilla_capital,75000,0.0,30.4,0.0
2016-05-02,ubeda,98000,0.0,25.7,0.0
2016-05-09,antequera,35000,0.0,22.2,0.0
2016-05-09,baeza,72000,0.0,18.2,0.0
2016-05-09,baza,28000,0.0,19.8,0.0
2016-05-09,cabra,52000,0.0,21.2,0.0
2016-05-09,cordoba_capital,140000,0.0,23.2,0.0
2016-05-09,ecija,42000,0.0,24.4,0.0
2016-05-09,granada_capital,55000,0.0,20.8,0.0
2016-05-09,jaen_capital,165000,0.0,20.3,0.0
2016-05-09,linares,45000,0.0,21.1,0.0
2016-05-09,lucena,88000,0.0,21.2,0.0
2016-05-09,martos,68000,0.0,19.7,0.0
2016-05-09,sevilla_capital,75000,0.0,24.6,0.0
2016-05-09,ubeda,98000,0.0,18.4,0.0
2016-05-16,antequera,35000,0.0,26.7,0.0
2016-05-16,baeza,72000,0.0,26.9,0.0
2016-05-16,baza,28000,0.0,29.6,0.0
2016-05-16,cabra,52000,0.0,27.4,0.0
2016-05-16,cordoba_capital,140000,0.0,30.1,0.0
2016-05-16,ecija,42000,0.0,31.2,0.0
2016-05-16,granada_capital,55000,0.0,27.5,0.0
2016-05-16,jaen_capital,165000,0.0,28.7,0.0
2016-05-16,linares,45000,0.0,29.3,0.0
2016-05-16,lucena,88000,0.0,26.4,0.0
2016-05-16,martos,68000,0.0,27.2,0.0
2016-05-16,sevilla_capital,75000,0.0,29.9,0.0
2016-05-16,ubeda,98000,0.0,27.3,0.0
2016-05-23,antequera,35000,0.0,27.6,0.0
2016-05-23,baeza,72000,0.0,25.6,0.0
2016-05-23,baza,28000,0.0,31.1,0.0
2016-05-23,cabra,52000,0.0,27.7,0.0
2016-05-23,cordoba_capital,140000,0.0,29.4,0.0
2016-05-23,ecija,42000,0.0,30.4,0.0
2016-05-23,granada_capital,55000,0.0,28.2,0.0
2016-05-23,jaen_capital,165000,0.0,27.6,0.0
2016-05-23,linares,45000,0.0,27.9,0.0
2016-05-23,lucena,88000,0.0,27.1,0.0
2016-05-23,martos,68000,0.0,26.3,0.0
2016-05-23,sevilla_capital,75000,0.0,29.3,0.0
2016-05-23,ubeda,98000,0.0,25.9,0.0
2016-05-30,antequera,35000,0.0,28.4,0.0
2016-05-30,baeza,72000,0.0,27.7,0.0
2016-05-30,baza,28000,0.0,30.8,0.0
2016-05-30,cabra,52000,0.0,29.7,0.0
2016-05-30,cordoba_capital,140000,0.0,33.0,0.0
2016-05-30,ecija,42000,0.0,33.8,0.0
2016-05-30,granada_capital,55000,0.0,29.8,0.0
2016-05-30,jaen_capital,165000,0.0,29.6,0.0
2016-05-30,linares,45000,0.0,30.6,0.0
2016-05-30,lucena,88000,0.0,29.2,0.0
2016-05-30,martos,68000,0.0,28.4,0.0
2016-05-30,sevilla_capital,75000,0.0,32.0,0.0
2016-05-30,ubeda,98000,0.0,28.0,0.0
2016-06-06,antequera,35000,0.0,36.2,0.0
2016-06-06,baeza,72000,0.0,33.8,0.0
2016-06-06,baza,28000,0.0,36.3,0.0
2016-06-06,cabra,52000,0.0,35.6,0.0
2016-06-06,cordoba_capital,140000,0.0,39.1,0.0
2016-06-06,ecija,42000,0.0,39.3,0.0
2016-06-06,granada_capital,55000,0.0,35.5,0.0
2016-06-06,jaen_capital,165000,0.0,35.4,0.0
2016-06-06,linares,45000,0.0,36.6,0.0
2016-06-06,lucena,88000,0.0,35.1,0.0
2016-06-06,martos,68000,0.0,34.0,0.0
2016-06-06,sevilla_capital,75000,0.0,38.0,0.0
2016-06-06,ubeda,98000,0.0,34.4,0.0
2016-06-13,antequera,35000,0.0,33.5,0.0
2016-06-13,baeza,72000,0.0,31.2,0.0
2016-06-13,baza,28000,0.0,32.2,0.0
2016-06-13,cabra,52000,0.0,33.0,0.0
2016-06-13,cordoba_capital,140000,0.0,36.0,0.0
2016-06-13,ecija,42000,0.0,36.7,0.0
2016-06-13,granada_capital,55000,0.0,32.2,0.0
2016-06-13,jaen_capital,165000,0.0,33.2,0.0
2016-06-13,linares,45000,0.0,34.1,0.0
2016-06-13,lucena,88000,0.0,32.2,0.0
2016-06-13,martos,68000,0.0,31.6,0.0
2016-06-13,sevilla_capital,75000,0.0,35.8,0.0
2016-06-13,ubeda,98000,0.0,31.5,0.0
2016-06-20,antequera,35000,0.0,33.8,0.0
2016-06-20,baeza,72000,0.0,33.4,0.0
2016-06-20,baza,28000,0.0,35.8,0.0
2016-06-20,cabra,52000,0.0,34.9,0.0
2016-06-20,cordoba_capital,140000,0.0,37.5,0.0
2016-06-20,ecija,42000,0.0,37.6,0.0
2016-06-20,granada_capital,55000,0.0,34.8,0.0
2016-06-20,jaen_capital,165000,0.0,35.2,0.0
2016-06-20,linares,45000,0.0,35.7,0.0
2016-06-20,lucena,88000,0.0,34.2,0.0
2016-06-20,martos,68000,0.0,33.5,0.0
2016-06-20,sevilla_capital,75000,0.0,36.4,0.0
2016-06-20,ubeda,98000,0.0,33.9,0.0
2016-06-27,antequera,35000,0.0,35.7,0.0
2016-06-27,baeza,72000,0.0,36.5,0.0
2016-06-27,baza,28000,0.0,34.8,0.0
2016-06-27,cabra,52000,0.0,39.5,0.0
2016-06-27,cordoba_capital,140000,0.0,42.2,0.0
2016-06-27,ecija,42000,0.0,40.9,0.0
2016-06-27,granada_capital,55000,0.0,37.6,0.0
2016-06-27,jaen_capital,165000,0.0,38.8,0.0
2016-06-27,linares,45000,0.0,39.3,0.0
2016-06-27,lucena,88000,0.0,38.3,0.0
2016-06-27,martos,68000,0.0,37.6,0.0
2016-06-27,sevilla_capital,75000,0.0,39.0,0.0
2016-06-27,ubeda,98000,0.0,36.8,0.0
2016-07-04,antequera,35000,0.0,33.2,0.0
2016-07-04,baeza,72000,0.0,35.3,0.0
2016-07-04,baza,28000,0.0,36.5,0.0
2016-07-04,cabra,52000,0.0,36.6,0.0
2016-07-04,cordoba_capital,140000,0.0,40.1,0.0
2016-07-04,ecija,42000,0.0,40.2,0.0
2016-07-04,granada_capital,55000,0.0,36.3,0.0
2016-07-04,jaen_capital,165000,0.0,36.6,0.0
2016-07-04,linares,45000,0.0,38.0,0.0
2016-07-04,lucena,88000,0.0,35.8,0.0
2016-07-04,martos,68000,0.0,35.5,0.0
2016-07-04,sevilla_capital,75000,0.0,39.6,0.0
2016-07-04,ubeda,98000,0.0,35.9,0.0
2016-07-11,antequera,35000,0.0,35.2,0.0
2016-07-11,baeza,72000,0.0,35.4,0.0
2016-07-11,baza,28000,0.0,37.4,0.0
2016-07-11,cabra,52000,0.0,36.1,0.0
2016-07-11,cordoba_capital,140000,0.0,39.9,0.0
2016-07-11,ecija,42000,0.0,39.8,0.0
2016-07-11,granada_capital,55000,0.0,36.1,0.0
2016-07-11,jaen_capital,165000,0.0,37.0,0.0
2016-07-11,linares,45000,0.0,38.0,0.0
2016-07-11,lucena,88000,0.0,35.2,0.0
2016-07-11,martos,68000,0.0,35.1,0.0
2016-07-11,sevilla_capital,75000,0.0,39.6,0.0
2016-07-11,ubeda,98000,0.0,35.8,0.0
2016-07-18,antequera,35000,0.0,36.3,0.0
2016-07-18,baeza,72000,0.0,37.9,0.0
2016-07-18,baza,28000,0.0,39.1,0.0
2016-07-18,cabra,52000,0.0,39.9,0.0
2016-07-18,cordoba_capital,140000,0.0,41.9,0.0
2016-07-18,ecija,42000,0.0,41.7,0.0
2016-07-18,granada_capital,55000,0.0,38.3,0.0
2016-07-18,jaen_capital,165000,0.0,39.9,0.0
2016-07-18,linares,45000,0.0,40.5,0.0
2016-07-18,lucena,88000,0.0,37.5,0.0
2016-07-18,martos,68000,0.0,38.7,0.0
2016-07-18,sevilla_capital,75000,0.0,41.9,0.0
2016-07-18,ubeda,98000,0.0,38.1,0.0
2016-07-25,antequera,35000,0.0,35.6,0.0
2016-07-25,baeza,72000,0.0,36.4,0.0
2016-07-25,baza,28000,0.0,37.7,0.0
2016-07-25,cabra,52000,0.0,38.0,0.0
2016-07-25,cordoba_capital,140000,0.0,40.9,0.0
2016-07-25,ecija,42000,0.0,41.1,0.0
2016-07-25,granada_capital,55000,0.0,37.2,0.0
2016-07-25,jaen_capital,165000,0.0,38.3,0.0
2016-07-25,linares,45000,0.0,39.0,0.0
2016-07-25,lucena,88000,0.0,36.7,0.0
2016-07-25,martos,68000,0.0,36.8,0.0
2016-07-25,sevilla_capital,75000,0.0,39.8,0.0
2016-07-25,ubeda,98000,0.0,36.8,0.0
2016-08-01,antequera,35000,0.0,35.9,0.0
2016-08-01,baeza,72000,0.0,35.8,0.0
2016-08-01,baza,28000,0.0,37.3,0.0
2016-08-01,cabra,52000,0.0,37.1,0.0
2016-08-01,cordoba_capital,140000,0.0,39.6,0.0
2016-08-01,ecija,42000,0.0,39.3,0.0
2016-08-01,granada_capital,55000,0.0,36.5,0.0
2016-08-01,jaen_capital,165000,0.0,37.2,0.0
2016-08-01,linares,45000,0.0,38.2,0.0
2016-08-01,lucena,88000,0.0,36.3,0.0
2016-08-01,martos,68000,0.0,35.7,0.0
2016-08-01,sevilla_capital,75000,0.0,39.4,0.0
2016-08-01,ubeda,98000,0.0,36.1,0.0
2016-08-08,antequera,35000,0.0,31.4,0.0
2016-08-08,baeza,72000,0.0,34.3,0.0
2016-08-08,baza,28000,0.0,33.5,0.0
2016-08-08,cabra,52000,0.0,37.3,0.0
2016-08-08,cordoba_capital,140000,0.0,39.8,0.0
2016-08-08,ecija,42000,0.0,38.9,0.0
2016-08-08,granada_capital,55000,0.0,34.8,0.0
2016-08-08,jaen_capital,165000,0.0,36.1,0.0
2016-08-08,linares,45000,0.0,37.2,0.0
2016-08-08,lucena,88000,0.0,35.3,0.0
2016-08-08,martos,68000,0.0,35.1,0.0
2016-08-08,sevilla_capital,75000,0.0,38.8,0.0
2016-08-08,ubeda,98000,0.0,34.4,0.0
2016-08-15,antequera,35000,0.0,35.0,0.0
2016-08-15,baeza,72000,0.0,33.7,0.0
2016-08-15,baza,28000,0.0,35.1,0.0
2016-08-15,cabra,52000,0.0,34.6,0.0
2016-08-15,cordoba_capital,140000,0.0,37.5,0.0
2016-08-15,ecija,42000,0.0,38.2,0.0
2016-08-15,granada_capital,55000,0.0,34.9,0.0
2016-08-15,jaen_capital,165000,0.0,35.0,0.0
2016-08-15,linares,45000,0.0,36.2,0.0
2016-08-15,lucena,88000,0.0,34.0,0.0
2016-08-15,martos,68000,0.0,33.7,0.0
2016-08-15,sevilla_capital,75000,0.0,37.3,0.0
2016-08-15,ubeda,98000,0.0,34.1,0.0
2016-08-22,antequera,35000,0.0,34.6,0.0
2016-08-22,baeza,72000,0.0,35.1,0.0
2016-08-22,baza,28000,0.0,35.8,0.0
2016-08-22,cabra,52000,0.0,36.9,0.0
2016-08-22,cordoba_capital,140000,0.0,39.3,0.0
2016-08-22,ecija,42000,0.0,40.2,0.0
2016-08-22,granada_capital,55000,0.0,36.0,0.0
2016-08-22,jaen_capital,165000,0.0,37.2,0.0
2016-08-22,linares,45000,0.0,37.7,0.0
2016-08-22,lucena,88000,0.0,36.1,0.0
2016-08-22,martos,68000,0.0,35.9,0.0
2016-08-22,sevilla_capital,75000,0.0,39.6,0.0
2016-08-22,ubeda,98000,0.0,35.5,0.0
2016-08-29,antequera,35000,0.0,36.6,0.0
2016-08-29,baeza,72000,0.0,36.1,0.0
2016-08-29,baza,28000,0.0,36.0,0.0
2016-08-29,cabra,52000,0.0,38.3,0.0
2016-08-29,cordoba_capital,140000,0.0,40.6,0.0
2016-08-29,ecija,42000,0.0,41.3,0.0
2016-08-29,granada_capital,55000,0.0,36.7,0.0
2016-08-29,jaen_capital,165000,0.0,38.0,0.0
2016-08-29,linares,45000,0.0,38.8,0.0
2016-08-29,lucena,88000,0.0,37.5,0.0
2016-08-29,martos,68000,0.0,36.8,0.0
2016-08-29,sevilla_capital,75000,0.0,40.2,0.0
2016-08-29,ubeda,98000,0.0,36.4,0.0
2016-09-05,antequera,35000,0.0,38.3,0.0
2016-09-05,baeza,72000,0.0,38.3,0.0
2016-09-05,baza,28000,0.0,38.1,0.0
2016-09-05,cabra,52000,0.0,41.1,0.0
2016-09-05,cordoba_capital,140000,0.0,43.9,0.0
2016-09-05,ecija,42000,0.0,44.3,0.0
2016-09-05,granada_capital,55000,0.0,39.3,0.0
2016-09-05,jaen_capital,165000,0.0,40.4,0.0
2016-09-05,linares,45000,0.0,41.1,0.0
2016-09-05,lucena,88000,0.0,40.5,0.0
2016-09-05,martos,68000,0.0,39.4,0.0
2016-09-05,sevilla_capital,75000,0.0,43.1,0.0
2016-09-05,ubeda,98000,0.0,38.6,0.0
2016-09-12,antequera,35000,0.0,29.0,0.0
2016-09-12,baeza,72000,0.0,32.6,0.0
2016-09-12,baza,28000,0.0,32.0,0.0
2016-09-12,cabra,52000,0.0,33.4,0.0
2016-09-12,cordoba_capital,140000,0.0,35.2,0.0
2016-09-12,ecija,42000,0.0,35.2,0.0
2016-09-12,granada_capital,55000,0.0,33.3,0.0
2016-09-12,jaen_capital,165000,0.0,34.6,0.0
2016-09-12,linares,45000,0.0,35.1,0.0
2016-09-12,lucena,88000,0.0,32.0,0.0
2016-09-12,martos,68000,0.0,33.1,0.0
2016-09-12,sevilla_capital,75000,0.0,33.2,0.0
2016-09-12,ubeda,98000,0.0,32.9,0.0
2016-09-19,antequera,35000,0.0,29.2,0.0
2016-09-19,baeza,72000,0.0,27.6,0.0
2016-09-19,baza,28000,0.0,28.9,0.0
2016-09-19,cabra,52000,0.0,30.0,0.0
2016-09-19,cordoba_capital,140000,0.0,31.9,0.0
2016-09-19,ecija,42000,0.0,32.3,0.0
2016-09-19,granada_capital,55000,0.0,29.0,0.0
2016-09-19,jaen_capital,165000,0.0,30.2,0.0
2016-09-19,linares,45000,0.0,30.3,0.0
2016-09-19,lucena,88000,0.0,29.4,0.0
2016-09-19,martos,68000,0.0,29.2,0.0
2016-09-19,sevilla_capital,75000,0.0,31.6,0.0
2016-09-19,ubeda,98000,0.0,28.0,0.0
2016-09-26,antequera,35000,0.0,27.7,0.0
2016-09-26,baeza,72000,0.0,28.4,0.0
2016-09-26,baza,28000,0.0,27.8,0.0
2016-09-26,cabra,52000,0.0,31.4,0.0
2016-09-26,cordoba_capital,140000,0.0,33.8,0.0
2016-09-26,ecija,42000,0.0,33.6,0.0
2016-09-26,granada_capital,55000,0.0,29.9,0.0
2016-09-26,jaen_capital,165000,0.0,30.8,0.0
2016-09-26,linares,45000,0.0,31.5,0.0
2016-09-26,lucena,88000,0.0,30.4,0.0
2016-09-26,martos,68000,0.0,30.3,0.0
2016-09-26,sevilla_capital,75000,0.0,33.8,0.0
2016-09-26,ubeda,98000,0.0,28.7,0.0
2016-10-03,antequera,35000,0.0,30.0,0.0
2016-10-03,baeza,72000,0.0,28.7,0.0
2016-10-03,baza,28000,0.0,28.8,0.0
2016-10-03,cabra,52000,0.0,30.9,0.0
2016-10-03,cordoba_capital,140000,0.0,32.6,0.0
2016-10-03,ecija,42000,0.0,33.3,0.0
2016-10-03,granada_capital,55000,0.0,29.7,0.0
2016-10-03,jaen_capital,165000,0.0,31.5,0.0
2016-10-03,linares,45000,0.0,31.4,0.0
2016-10-03,lucena,88000,0.0,30.1,0.0
2016-10-03,martos,68000,0.0,30.3,0.0
2016-10-03,sevilla_capital,75000,0.0,33.0,0.0
2016-10-03,ubeda,98000,0.0,29.0,0.0
2016-10-10,antequera,35000,0.0,26.6,0.0
2016-10-10,baeza,72000,0.0,24.2,0.0
2016-10-10,baza,28000,0.0,25.6,0.0
2016-10-10,cabra,52000,0.0,26.5,0.0
2016-10-10,cordoba_capital,140000,0.0,28.4,0.0
2016-10-10,ecija,42000,0.0,28.4,0.0
2016-10-10,granada_capital,55000,0.0,26.4,0.0
2016-10-10,jaen_capital,165000,0.0,26.4,0.0
2016-10-10,linares,45000,0.0,26.9,0.0
2016-10-10,lucena,88000,0.0,26.1,0.0
2016-10-10,martos,68000,0.0,25.7,0.0
2016-10-10,sevilla_capital,75000,0.0,27.2,0.0
2016-10-10,ubeda,98000,0.0,24.4,0.0
2016-10-17,antequera,35000,0.0,24.4,0.0
2016-10-17,baeza,72000,0.0,21.8,0.0
2016-10-17,baza,28000,0.0,24.5,0.0
2016-10-17,cabra,52000,0.0,25.6,0.0
2016-10-17,cordoba_capital,140000,0.0,26.9,0.0
2016-10-17,ecija,42000,0.0,28.4,0.0
2016-10-17,granada_capital,55000,0.0,24.4,0.0
2016-10-17,jaen_capital,165000,0.0,24.3,0.0
2016-10-17,linares,45000,0.0,24.6,0.0
2016-10-17,lucena,88000,0.0,25.3,0.0
2016-10-17,martos,68000,0.0,24.0,0.0
2016-10-17,sevilla_capital,75000,0.0,28.3,0.0
2016-10-17,ubeda,98000,0.0,22.1,0.0
2016-10-24,antequera,35000,0.0,25.0,0.0
2016-10-24,baeza,72000,0.0,27.0,0.0
2016-10-24,baza,28000,0.0,27.2,0.0
2016-10-24,cabra,52000,0.0,28.8,0.0
2016-10-24,cordoba_capital,140000,0.0,29.7,0.0
2016-10-24,ecija,42000,0.0,29.7,0.0
2016-10-24,granada_capital,55000,0.0,27.6,0.0
2016-10-24,jaen_capital,165000,0.0,29.0,0.0
2016-10-24,linares,45000,0.0,30.0,0.0
2016-10-24,lucena,88000,0.0,27.2,0.0
2016-10-24,martos,68000,0.0,28.3,0.0
2016-10-24,sevilla_capital,75000,0.0,29.7,0.0
2016-10-24,ubeda,98000,0.0,27.0,0.0
2016-10-31,antequera,35000,0.0,23.2,0.0
2016-10-31,baeza,72000,0.0,22.4,0.0
2016-10-31,baza,28000,0.0,23.4,0.0
2016-10-31,cabra,52000,0.0,24.6,0.0
2016-10-31,cordoba_capital,140000,0.0,26.6,0.0
2016-10-31,ecija,42000,0.0,27.6,0.0
2016-10-31,granada_capital,55000,0.0,22.9,0.0
2016-10-31,jaen_capital,165000,0.0,24.0,0.0
2016-10-31,linares,45000,0.0,25.1,0.0
2016-10-31,lucena,88000,0.0,24.0,0.0
2016-10-31,martos,68000,0.0,23.1,0.0
2016-10-31,sevilla_capital,75000,0.0,25.2,0.0
2016-10-31,ubeda,98000,0.0,22.7,0.0
2016-11-07,antequera,35000,0.0,18.6,0.0
2016-11-07,baeza,72000,0.0,17.1,0.0
2016-11-07,baza,28000,0.0,19.2,0.0
2016-11-07,cabra,52000,0.0,18.5,0.0
2016-11-07,cordoba_capital,140000,0.0,20.8,0.0
2016-11-07,ecija,42000,0.0,20.8,0.0
2016-11-07,granada_capital,55000,0.0,18.3,0.0
2016-11-07,jaen_capital,165000,0.0,18.5,0.0
2016-11-07,linares,45000,0.0,19.9,0.0
2016-11-07,lucena,88000,0.0,17.6,0.0
2016-11-07,martos,68000,0.0,17.6,0.0
2016-11-07,sevilla_capital,75000,0.0,20.7,0.0
2016-11-07,ubeda,98000,0.0,17.3,0.0
2016-11-14,antequera,35000,0.0,19.2,0.0
2016-11-14,baeza,72000,0.0,15.4,0.0
2016-11-14,baza,28000,0.0,17.6,0.0
2016-11-14,cabra,52000,0.0,18.1,0.0
2016-11-14,cordoba_capital,140000,0.0,19.7,0.0
2016-11-14,ecija,42000,0.0,20.5,0.0
2016-11-14,granada_capital,55000,0.0,18.3,0.0
2016-11-14,jaen_capital,165000,0.0,17.3,0.0
2016-11-14,linares,45000,0.0,18.1,0.0
2016-11-14,lucena,88000,0.0,17.7,0.0
2016-11-14,martos,68000,0.0,16.7,0.0
2016-11-14,sevilla_capital,75000,0.0,21.2,0.0
2016-11-14,ubeda,98000,0.0,15.6,0.0
2016-11-21,antequera,35000,0.0,15.0,0.0
2016-11-21,baeza,72000,0.0,13.1,0.0
2016-11-21,baza,28000,0.0,15.6,0.0
2016-11-21,cabra,52000,0.0,15.0,0.0
2016-11-21,cordoba_capital,140000,0.0,16.0,0.0
2016-11-21,ecija,42000,0.0,16.2,0.0
2016-11-21,granada_capital,55000,0.0,14.3,0.0
2016-11-21,jaen_capital,165000,0.0,15.4,0.0
2016-11-21,linares,45000,0.0,15.1,0.0
2016-11-21,lucena,88000,0.0,14.5,0.0
2016-11-21,martos,68000,0.0,14.5,0.0
2016-11-21,sevilla_capital,75000,0.0,17.2,0.0
2016-11-21,ubeda,98000,0.0,13.6,0.0
2016-11-28,antequera,35000,0.0,16.6,0.0
2016-11-28,baeza,72000,0.0,14.6,0.0
2016-11-28,baza,28000,0.0,13.8,0.0
2016-11-28,cabra,52000,0.0,18.5,0.0
2016-11-28,cordoba_capital,140000,0.0,19.2,0.0
2016-11-28,ecija,42000,0.0,19.4,0.0
2016-11-28,granada_capital,55000,0.0,16.3,0.0
2016-11-28,jaen_capital,165000,0.0,17.1,0.0
2016-11-28,linares,45000,0.0,17.3,0.0
2016-11-28,lucena,88000,0.0,17.8,0.0
2016-11-28,martos,68000,0.0,17.0,0.0
2016-11-28,sevilla_capital,75000,0.0,19.1,0.0
2016-11-28,ubeda,98000,0.0,14.6,0.0
2016-12-05,antequera,35000,0.0,17.6,0.0
2016-12-05,baeza,72000,0.0,15.8,0.0
2016-12-05,baza,28000,0.0,14.5,0.0
2016-12-05,cabra,52000,0.0,18.7,0.0
2016-12-05,cordoba_capital,140000,0.0,19.6,0.0
2016-12-05,ecija,42000,0.0,20.2,0.0
2016-12-05,granada_capital,55000,0.0,17.2,0.0
2016-12-05,jaen_capital,165000,0.0,18.3,0.0
2016-12-05,linares,45000,0.0,18.4,0.0
2016-12-05,lucena,88000,0.0,18.2,0.0
2016-12-05,martos,68000,0.0,17.4,0.0
2016-12-05,sevilla_capital,75000,0.0,20.0,0.0
2016-12-05,ubeda,98000,0.0,15.9,0.0
2016-12-12,antequera,35000,0.0,15.7,0.0
2016-12-12,baeza,72000,0.0,12.5,0.0
2016-12-12,baza,28000,0.0,14.1,0.0
2016-12-12,cabra,52000,0.0,15.4,0.0
2016-12-12,cordoba_capital,140000,0.0,16.4,0.0
2016-12-12,ecija,42000,0.0,16.5,0.0
2016-12-12,granada_capital,55000,0.0,14.8,0.0
2016-12-12,jaen_capital,165000,0.0,14.6,0.0
2016-12-12,linares,45000,0.0,15.0,0.0
2016-12-12,lucena,88000,0.0,15.0,0.0
2016-12-12,martos,68000,0.0,14.2,0.0
2016-12-12,sevilla_capital,75000,0.0,17.0,0.0
2016-12-12,ubeda,98000,0.0,12.7,0.0
2016-12-19,antequera,35000,0.0,14.5,0.0
2016-12-19,baeza,72000,0.0,13.0,0.0
2016-12-19,baza,28000,0.0,14.2,0.0
2016-12-19,cabra,52000,0.0,16.8,0.0
2016-12-19,cordoba_capital,140000,0.0,16.6,0.0
2016-12-19,ecija,42000,0.0,17.4,0.0
2016-12-19,granada_capital,55000,0.0,15.2,0.0
2016-12-19,jaen_capital,165000,0.0,14.9,0.0
2016-12-19,linares,45000,0.0,15.1,0.0
2016-12-19,lucena,88000,0.0,15.8,0.0
2016-12-19,martos,68000,0.0,14.5,0.0
2016-12-19,sevilla_capital,75000,0.0,17.7,0.0
2016-12-19,ubeda,98000,0.0,13.3,0.0
2016-12-26,antequera,35000,0.0,15.7,0.0
2016-12-26,baeza,72000,0.0,15.0,0.0
2016-12-26,baza,28000,0.0,15.9,0.0
2016-12-26,cabra,52000,0.0,17.0,0.0
2016-12-26,cordoba_capital,140000,0.0,17.0,0.0
2016-12-26,ecija,42000,0.0,17.6,0.0
2016-12-26,granada_capital,55000,0.0,16.5,0.0
2016-12-26,jaen_capital,165000,0.0,16.5,0.0
2016-12-26,linares,45000,0.0,17.3,0.0
2016-12-26,lucena,88000,0.0,16.2,0.0
2016-12-26,martos,68000,0.0,15.5,0.0
2016-12-26,sevilla_capital,75000,0.0,17.7,0.0
2016-12-26,ubeda,98000,0.0,15.3,0.0
2017-01-02,antequera,35000,0.0,16.1,0.0
2017-01-02,baeza,72000,0.0,12.5,0.0
2017-01-02,baza,28000,0.0,13.2,0.0
2017-01-02,cabra,52000,0.0,15.7,0.0
2017-01-02,cordoba_capital,140000,0.0,16.2,0.0
2017-01-02,ecija,42000,0.0,17.7,0.0
2017-01-02,granada_capital,55000,0.0,14.2,0.0
2017-01-02,jaen_capital,165000,0.0,14.8,0.0
2017-01-02,linares,45000,0.0,14.8,0.0
2017-01-02,lucena,88000,0.0,15.3,0.0
2017-01-02,martos,68000,0.0,14.1,0.0
2017-01-02,sevilla_capital,75000,0.0,17.9,0.0
2017-01-02,ubeda,98000,0.0,12.8,0.0
2017-01-09,antequera,35000,0.0,15.2,0.0
2017-01-09,baeza,72000,0.0,12.1,0.0
2017-01-09,baza,28000,0.0,14.1,0.0
2017-01-09,cabra,52000,0.0,15.4,0.0
2017-01-09,cordoba_capital,140000,0.0,17.2,0.0
2017-01-09,ecija,42000,0.0,17.7,0.0
2017-01-09,granada_capital,55000,0.0,13.8,0.0
2017-01-09,jaen_capital,165000,0.0,14.4,0.0
2017-01-09,linares,45000,0.0,14.7,0.0
2017-01-09,lucena,88000,0.0,14.8,0.0
2017-01-09,martos,68000,0.0,13.9,0.0
2017-01-09,sevilla_capital,75000,0.0,18.6,0.0
2017-01-09,ubeda,98000,0.0,12.3,0.0
2017-01-16,antequera,35000,0.0,13.3,0.0
2017-01-16,baeza,72000,0.0,9.6,0.0
2017-01-16,baza,28000,0.0,9.8,0.0
2017-01-16,cabra,52000,0.0,13.2,0.0
2017-01-16,cordoba_capital,140000,0.0,16.3,0.0
2017-01-16,ecija,42000,0.0,16.4,0.0
2017-01-16,granada_capital,55000,0.0,11.0,0.0
2017-01-16,jaen_capital,165000,0.0,11.5,0.0
2017-01-16,linares,45000,0.0,12.8,0.0
2017-01-16,lucena,88000,0.0,13.0,0.0
2017-01-16,martos,68000,0.0,11.4,0.0
2017-01-16,sevilla_capital,75000,0.0,17.1,0.0
2017-01-16,ubeda,98000,0.0,9.8,0.0
2017-01-23,antequera,35000,0.0,13.4,0.0
2017-01-23,baeza,72000,0.0,10.0,0.0
2017-01-23,baza,28000,0.0,12.0,0.0
2017-01-23,cabra,52000,0.0,13.0,0.0
2017-01-23,cordoba_capital,140000,0.0,14.5,0.0
2017-01-23,ecija,42000,0.0,15.5,0.0
2017-01-23,granada_capital,55000,0.0,12.6,0.0
2017-01-23,jaen_capital,165000,0.0,12.6,0.0
2017-01-23,linares,45000,0.0,12.3,0.0
2017-01-23,lucena,88000,0.0,12.7,0.0
2017-01-23,martos,68000,0.0,11.8,0.0
2017-01-23,sevilla_capital,75000,0.0,16.3,0.0
2017-01-23,ubeda,98000,0.0,10.3,0.0
2017-01-30,antequera,35000,0.0,15.8,0.0
2017-01-30,baeza,72000,0.0,16.5,0.0
2017-01-30,baza,28000,0.0,17.2,0.0
2017-01-30,cabra,52000,0.0,18.7,0.0
2017-01-30,cordoba_capital,140000,0.0,18.7,0.0
2017-01-30,ecija,42000,0.0,19.8,0.0
2017-01-30,granada_capital,55000,0.0,17.2,0.0
2017-01-30,jaen_capital,165000,0.0,18.5,0.0
2017-01-30,linares,45000,0.0,18.8,0.0
2017-01-30,lucena,88000,0.0,17.7,0.0
2017-01-30,martos,68000,0.0,17.5,0.0
2017-01-30,sevilla_capital,75000,0.0,18.2,0.0
2017-01-30,ubeda,98000,0.0,16.7,0.0
2017-02-06,antequera,35000,0.0,15.9,0.0
2017-02-06,baeza,72000,0.0,13.3,0.0
2017-02-06,baza,28000,0.0,15.7,0.0
2017-02-06,cabra,52000,0.0,17.1,0.0
2017-02-06,cordoba_capital,140000,0.0,17.5,0.0
2017-02-06,ecija,42000,0.0,18.5,0.0
2017-02-06,granada_capital,55000,0.0,15.4,0.0
2017-02-06,jaen_capital,165000,0.0,15.8,0.0
2017-02-06,linares,45000,0.0,15.5,0.0
2017-02-06,lucena,88000,0.0,16.0,0.0
2017-02-06,martos,68000,0.0,15.2,0.0
2017-02-06,sevilla_capital,75000,0.0,18.1,0.0
2017-02-06,ubeda,98000,0.0,13.5,0.0
2017-02-13,antequera,35000,0.0,15.5,0.0
2017-02-13,baeza,72000,0.0,14.7,0.0
2017-02-13,baza,28000,0.0,14.6,0.0
2017-02-13,cabra,52000,0.0,18.1,0.0
2017-02-13,cordoba_capital,140000,0.0,18.3,0.0
2017-02-13,ecija,42000,0.0,19.6,0.0
2017-02-13,granada_capital,55000,0.0,17.0,0.0
2017-02-13,jaen_capital,165000,0.0,17.3,0.0
2017-02-13,linares,45000,0.0,17.2,0.0
2017-02-13,lucena,88000,0.0,17.6,0.0
2017-02-13,martos,68000,0.0,16.9,0.0
2017-02-13,sevilla_capital,75000,0.0,19.3,0.0
2017-02-13,ubeda,98000,0.0,14.9,0.0
2017-02-20,antequera,35000,0.0,19.7,0.0
2017-02-20,baeza,72000,0.0,19.2,0.0
2017-02-20,baza,28000,0.0,17.9,0.0
2017-02-20,cabra,52000,0.0,21.8,0.0
2017-02-20,cordoba_capital,140000,0.0,22.3,0.0
2017-02-20,ecija,42000,0.0,22.1,0.0
2017-02-20,granada_capital,55000,0.0,20.7,0.0
2017-02-20,jaen_capital,165000,0.0,20.9,0.0
2017-02-20,linares,45000,0.0,21.8,0.0
2017-02-20,lucena,88000,0.0,21.2,0.0
2017-02-20,martos,68000,0.0,20.7,0.0
2017-02-20,sevilla_capital,75000,0.0,22.0,0.0
2017-02-20,ubeda,98000,0.0,19.3,0.0
2017-02-27,antequera,35000,0.0,17.5,0.0
2017-02-27,baeza,72000,0.0,17.4,0.0
2017-02-27,baza,28000,0.0,20.7,0.0
2017-02-27,cabra,52000,0.0,19.8,0.0
2017-02-27,cordoba_capital,140000,0.0,20.2,0.0
2017-02-27,ecija,42000,0.0,21.2,0.0
2017-02-27,granada_capital,55000,0.0,18.7,0.0
2017-02-27,jaen_capital,165000,0.0,19.2,0.0
2017-02-27,linares,45000,0.0,19.8,0.0
2017-02-27,lucena,88000,0.0,19.1,0.0
2017-02-27,martos,68000,0.0,18.4,0.0
2017-02-27,sevilla_capital,75000,0.0,20.1,0.0
2017-02-27,ubeda,98000,0.0,17.7,0.0
2017-03-06,antequera,35000,0.0,25.1,0.0
2017-03-06,baeza,72000,0.0,24.1,0.0
2017-03-06,baza,28000,0.0,25.6,0.0
2017-03-06,cabra,52000,0.0,26.3,0.0
2017-03-06,cordoba_capital,140000,0.0,26.8,0.0
2017-03-06,ecija,42000,0.0,27.9,0.0
2017-03-06,granada_capital,55000,0.0,25.2,0.0
2017-03-06,jaen_capital,165000,0.0,25.9,0.0
2017-03-06,linares,45000,0.0,26.7,0.0
2017-03-06,lucena,88000,0.0,25.8,0.0
2017-03-06,martos,68000,0.0,25.0,0.0
2017-03-06,sevilla_capital,75000,0.0,26.8,0.0
2017-03-06,ubeda,98000,0.0,24.3,0.0
2017-03-13,antequera,35000,0.0,19.7,0.0
2017-03-13,baeza,72000,0.0,18.8,0.0
2017-03-13,baza,28000,0.0,19.5,0.0
2017-03-13,cabra,52000,0.0,21.0,0.0
2017-03-13,cordoba_capital,140000,0.0,23.3,0.0
2017-03-13,ecija,42000,0.0,23.5,0.0
2017-03-13,granada_capital,55000,0.0,19.9,0.0
2017-03-13,jaen_capital,165000,0.0,20.8,0.0
2017-03-13,linares,45000,0.0,21.6,0.0
2017-03-13,lucena,88000,0.0,20.6,0.0
2017-03-13,martos,68000,0.0,20.0,0.0
2017-03-13,sevilla_capital,75000,0.0,24.1,0.0
2017-03-13,ubeda,98000,0.0,19.0,0.0
2017-03-20,antequera,35000,0.0,21.4,0.0
2017-03-20,baeza,72000,0.0,19.0,0.0
2017-03-20,baza,28000,0.0,19.5,0.0
2017-03-20,cabra,52000,0.0,21.4,0.0
2017-03-20,cordoba_capital,140000,0.0,23.8,0.0
2017-03-20,ecija,42000,0.0,24.4,0.0
2017-03-20,granada_capital,55000,0.0,20.0,0.0
2017-03-20,jaen_capital,165000,0.0,21.1,0.0
2017-03-20,linares,45000,0.0,21.8,0.0
2017-03-20,lucena,88000,0.0,20.9,0.0
2017-03-20,martos,68000,0.0,20.1,0.0
2017-03-20,sevilla_capital,75000,0.0,23.7,0.0
2017-03-20,ubeda,98000,0.0,19.2,0.0
2017-03-27,antequera,35000,0.0,21.8,0.0
2017-03-27,baeza,72000,0.0,21.1,0.0
2017-03-27,baza,28000,0.0,21.5,0.0
2017-03-27,cabra,52000,0.0,22.4,0.0
2017-03-27,cordoba_capital,140000,0.0,24.1,0.0
2017-03-27,ecija,42000,0.0,25.2,0.0
2017-03-27,granada_capital,55000,0.0,21.8,0.0
2017-03-27,jaen_capital,165000,0.0,23.1,0.0
2017-03-27,linares,45000,0.0,23.5,0.0
2017-03-27,lucena,88000,0.0,21.2,0.0
2017-03-27,martos,68000,0.0,21.8,0.0
2017-03-27,sevilla_capital,75000,0.0,24.5,0.0
2017-03-27,ubeda,98000,0.0,21.4,0.0
2017-04-03,antequera,35000,0.0,22.8,0.0
2017-04-03,baeza,72000,0.0,21.9,0.0
2017-04-03,baza,28000,0.0,20.9,0.0
2017-04-03,cabra,52000,0.0,23.5,0.0
2017-04-03,cordoba_capital,140000,0.0,25.7,0.0
2017-04-03,ecija,42000,0.0,26.1,0.0
2017-04-03,granada_capital,55000,0.0,22.9,0.0
2017-04-03,jaen_capital,165000,0.0,24.1,0.0
2017-04-03,linares,45000,0.0,24.7,0.0
2017-04-03,lucena,88000,0.0,22.1,0.0
2017-04-03,martos,68000,0.0,23.0,0.0
2017-04-03,sevilla_capital,75000,0.0,26.5,0.0
2017-04-03,ubeda,98000,0.0,22.1,0.0
2017-04-10,antequera,35000,0.0,26.5,0.0
2017-04-10,baeza,72000,0.0,24.9,0.0
2017-04-10,baza,28000,0.0,26.7,0.0
2017-04-10,cabra,52000,0.0,27.1,0.0
2017-04-10,cordoba_capital,140000,0.0,30.2,0.0
2017-04-10,ecija,42000,0.0,30.8,0.0
2017-04-10,granada_capital,55000,0.0,26.2,0.0
2017-04-10,jaen_capital,165000,0.0,26.6,0.0
2017-04-10,linares,45000,0.0,27.7,0.0
2017-04-10,lucena,88000,0.0,26.7,0.0
2017-04-10,martos,68000,0.0,25.8,0.0
2017-04-10,sevilla_capital,75000,0.0,30.4,0.0
2017-04-10,ubeda,98000,0.0,25.3,0.0
2017-04-17,antequera,35000,0.0,26.3,0.0
2017-04-17,baeza,72000,0.0,27.2,0.0
2017-04-17,baza,28000,0.0,26.9,0.0
2017-04-17,cabra,52000,0.0,28.8,0.0
2017-04-17,cordoba_capital,140000,0.0,31.7,0.0
2017-04-17,ecija,42000,0.0,32.4,0.0
2017-04-17,granada_capital,55000,0.0,28.2,0.0
2017-04-17,jaen_capital,165000,0.0,28.9,0.0
2017-04-17,linares,45000,0.0,30.0,0.0
2017-04-17,lucena,88000,0.0,28.0,0.0
2017-04-17,martos,68000,0.0,27.7,0.0
2017-04-17,sevilla_capital,75000,0.0,32.6,0.0
2017-04-17,ubeda,98000,0.0,27.7,0.0
2017-04-24,antequera,35000,0.0,22.1,0.0
2017-04-24,baeza,72000,0.0,23.3,0.0
2017-04-24,baza,28000,0.0,23.9,0.0
2017-04-24,cabra,52000,0.0,24.7,0.0
2017-04-24,cordoba_capital,140000,0.0,27.3,0.0
2017-04-24,ecija,42000,0.0,27.8,0.0
2017-04-24,granada_capital,55000,0.0,24.1,0.0
2017-04-24,jaen_capital,165000,0.0,24.9,0.0
2017-04-24,linares,45000,0.0,26.2,0.0
2017-04-24,lucena,88000,0.0,23.7,0.0
2017-04-24,martos,68000,0.0,23.7,0.0
2017-04-24,sevilla_capital,75000,0.0,24.8,0.0
2017-04-24,ubeda,98000,0.0,23.6,0.0
2017-05-01,antequera,35000,0.0,24.1,0.0
2017-05-01,baeza,72000,0.0,28.5,0.0
2017-05-01,baza,28000,0.0,29.8,0.0
2017-05-01,cabra,52000,0.0,29.1,0.0
2017-05-01,cordoba_capital,140000,0.0,29.1,0.0
2017-05-01,ecija,42000,0.0,29.5,0.0
2017-05-01,granada_capital,55000,0.0,29.1,0.0
2017-05-01,jaen_capital,165000,0.0,29.8,0.0
2017-05-01,linares,45000,0.0,31.1,0.0
2017-05-01,lucena,88000,0.0,27.3,0.0
2017-05-01,martos,68000,0.0,28.4,0.0
2017-05-01,sevilla_capital,75000,0.0,28.5,0.0
2017-05-01,ubeda,98000,0.0,28.9,0.0
2017-05-08,antequera,35000,0.0,25.8,0.0
2017-05-08,baeza,72000,0.0,26.4,0.0
2017-05-08,baza,28000,0.0,28.6,0.0
2017-05-08,cabra,52000,0.0,27.8,0.0
2017-05-08,cordoba_capital,140000,0.0,29.9,0.0
2017-05-08,ecija,42000,0.0,30.8,0.0
2017-05-08,granada_capital,55000,0.0,28.0,0.0
2017-05-08,jaen_capital,165000,0.0,27.9,0.0
2017-05-08,linares,45000,0.0,29.3,0.0
2017-05-08,lucena,88000,0.0,26.9,0.0
2017-05-08,martos,68000,0.0,27.0,0.0
2017-05-08,sevilla_capital,75000,0.0,28.9,0.0
2017-05-08,ubeda,98000,0.0,26.8,0.0
2017-05-15,antequera,35000,0.0,26.5,0.0
2017-05-15,baeza,72000,0.0,29.1,0.0
2017-05-15,baza,28000,0.0,29.0,0.0
2017-05-15,cabra,52000,0.0,30.6,0.0
2017-05-15,cordoba_capital,140000,0.0,32.5,0.0
2017-05-15,ecija,42000,0.0,32.4,0.0
2017-05-15,granada_capital,55000,0.0,31.4,0.0
2017-05-15,jaen_capital,165000,0.0,31.4,0.0
2017-05-15,linares,45000,0.0,32.2,0.0
2017-05-15,lucena,88000,0.0,28.4,0.0
2017-05-15,martos,68000,0.0,31.6,0.0
2017-05-15,sevilla_capital,75000,0.0,32.2,0.0
2017-05-15,ubeda,98000,0.0,29.2,0.0
2017-05-22,antequera,35000,0.0,30.5,0.0
2017-05-22,baeza,72000,0.0,32.3,0.0
2017-05-22,baza,28000,0.0,31.4,0.0
2017-05-22,cabra,52000,0.0,33.1,0.0
2017-05-22,cordoba_capital,140000,0.0,36.0,0.0
2017-05-22,ecija,42000,0.0,36.0,0.0
2017-05-22,granada_capital,55000,0.0,32.2,0.0
2017-05-22,jaen_capital,165000,0.0,33.0,0.0
2017-05-22,linares,45000,0.0,35.2,0.0
2017-05-22,lucena,88000,0.0,32.3,0.0
2017-05-22,martos,68000,0.0,31.7,0.0
2017-05-22,sevilla_capital,75000,0.0,34.5,0.0
2017-05-22,ubeda,98000,0.0,32.9,0.0
2017-05-29,antequera,35000,0.0,31.2,0.0
2017-05-29,baeza,72000,0.0,30.7,0.0
2017-05-29,baza,28000,0.0,31.0,0.0
2017-05-29,cabra,52000,0.0,32.3,0.0
2017-05-29,cordoba_capital,140000,0.0,34.9,0.0
2017-05-29,ecija,42000,0.0,35.6,0.0
2017-05-29,granada_capital,55000,0.0,31.8,0.0
2017-05-29,jaen_capital,165000,0.0,32.2,0.0
2017-05-29,linares,45000,0.0,33.2,0.0
2017-05-29,lucena,88000,0.0,31.2,0.0
2017-05-29,martos,68000,0.0,30.9,0.0
2017-05-29,sevilla_capital,75000,0.0,33.6,0.0
2017-05-29,ubeda,98000,0.0,31.4,0.0
2017-06-05,antequera,35000,0.0,31.5,0.0
2017-06-05,baeza,72000,0.0,34.8,0.0
2017-06-05,baza,28000,0.0,33.4,0.0
2017-06-05,cabra,52000,0.0,35.2,0.0
2017-06-05,cordoba_capital,140000,0.0,38.6,0.0
2017-06-05,ecija,42000,0.0,38.3,0.0
2017-06-05,granada_capital,55000,0.0,34.8,0.0
2017-06-05,jaen_capital,165000,0.0,35.7,0.0
2017-06-05,linares,45000,0.0,37.4,0.0
2017-06-05,lucena,88000,0.0,34.0,0.0
2017-06-05,martos,68000,0.0,34.1,0.0
2017-06-05,sevilla_capital,75000,0.0,36.9,0.0
2017-06-05,ubeda,98000,0.0,35.5,0.0
2017-06-12,antequera,35000,0.0,36.8,0.0
2017-06-12,baeza,72000,0.0,37.2,0.0
2017-06-12,baza,28000,0.0,37.5,0.0
2017-06-12,cabra,52000,0.0,38.7,0.0
2017-06-12,cordoba_capital,140000,0.0,41.3,0.0
2017-06-12,ecija,42000,0.0,41.8,0.0
2017-06-12,granada_capital,55000,0.0,37.5,0.0
2017-06-12,jaen_capital,165000,0.0,38.8,0.0
2017-06-12,linares,45000,0.0,40.1,0.0
2017-06-12,lucena,88000,0.0,37.9,0.0
2017-06-12,martos,68000,0.0,37.4,0.0
2017-06-12,sevilla_capital,75000,0.0,41.6,0.0
2017-06-12,ubeda,98000,0.0,37.8,0.0
2017-06-19,antequera,35000,0.0,37.0,0.0
2017-06-19,baeza,72000,0.0,35.7,0.0
2017-06-19,baza,28000,0.0,36.6,0.0
2017-06-19,cabra,52000,0.0,38.2,0.0
2017-06-19,cordoba_capital,140000,0.0,40.5,0.0
2017-06-19,ecija,42000,0.0,40.8,0.0
2017-06-19,granada_capital,55000,0.0,36.8,0.0
2017-06-19,jaen_capital,165000,0.0,37.5,0.0
2017-06-19,linares,45000,0.0,38.4,0.0
2017-06-19,lucena,88000,0.0,37.6,0.0
2017-06-19,martos,68000,0.0,36.3,0.0
2017-06-19,sevilla_capital,75000,0.0,40.1,0.0
2017-06-19,ubeda,98000,0.0,36.1,0.0
2017-06-26,antequera,35000,0.0,33.8,0.0
2017-06-26,baeza,72000,0.0,31.3,0.0
2017-06-26,baza,28000,0.0,33.6,0.0
2017-06-26,cabra,52000,0.0,32.9,0.0
2017-06-26,cordoba_capital,140000,0.0,35.1,0.0
2017-06-26,ecija,42000,0.0,35.0,0.0
2017-06-26,granada_capital,55000,0.0,33.1,0.0
2017-06-26,jaen_capital,165000,0.0,33.1,0.0
2017-06-26,linares,45000,0.0,33.8,0.0
2017-06-26,lucena,88000,0.0,32.4,0.0
2017-06-26,martos,68000,0.0,31.7,0.0
2017-06-26,sevilla_capital,75000,0.0,34.9,0.0
2017-06-26,ubeda,98000,0.0,31.8,0.0
2017-07-03,antequera,35000,0.0,33.2,0.0
2017-07-03,baeza,72000,0.0,34.8,0.0
2017-07-03,baza,28000,0.0,35.3,0.0
2017-07-03,cabra,52000,0.0,35.3,0.0
2017-07-03,cordoba_capital,140000,0.0,37.8,0.0
2017-07-03,ecija,42000,0.0,37.7,0.0
2017-07-03,granada_capital,55000,0.0,35.0,0.0
2017-07-03,jaen_capital,165000,0.0,36.4,0.0
2017-07-03,linares,45000,0.0,37.0,0.0
2017-07-03,lucena,88000,0.0,33.4,0.0
2017-07-03,martos,68000,0.0,34.8,0.0
2017-07-03,sevilla_capital,75000,0.0,36.7,0.0
2017-07-03,ubeda,98000,0.0,35.5,0.0
2017-07-10,antequera,35000,0.0,39.1,0.0
2017-07-10,baeza,72000,0.0,40.3,0.0
2017-07-10,baza,28000,0.0,40.8,0.0
2017-07-10,cabra,52000,0.0,42.5,0.0
2017-07-10,cordoba_capital,140000,0.0,45.2,0.0
2017-07-10,ecija,42000,0.0,45.3,0.0
2017-07-10,granada_capital,55000,0.0,40.8,0.0
2017-07-10,jaen_capital,165000,0.0,42.6,0.0
2017-07-10,linares,45000,0.0,43.0,0.0
2017-07-10,lucena,88000,0.0,41.2,0.0
2017-07-10,martos,68000,0.0,40.9,0.0
2017-07-10,sevilla_capital,75000,0.0,43.5,0.0
2017-07-10,ubeda,98000,0.0,40.7,0.0
2017-07-17,antequera,35000,0.0,34.7,0.0
2017-07-17,baeza,72000,0.0,36.0,0.0
2017-07-17,baza,28000,0.0,36.5,0.0
2017-07-17,cabra,52000,0.0,38.7,0.0
2017-07-17,cordoba_capital,140000,0.0,40.6,0.0
2017-07-17,ecija,42000,0.0,40.4,0.0
2017-07-17,granada_capital,55000,0.0,36.9,0.0
2017-07-17,jaen_capital,165000,0.0,38.5,0.0
2017-07-17,linares,45000,0.0,38.6,0.0
2017-07-17,lucena,88000,0.0,37.4,0.0
2017-07-17,martos,68000,0.0,37.7,0.0
2017-07-17,sevilla_capital,75000,0.0,38.8,0.0
2017-07-17,ubeda,98000,0.0,36.9,0.0
2017-07-24,antequera,35000,0.0,37.4,0.0
2017-07-24,baeza,72000,0.0,37.4,0.0
2017-07-24,baza,28000,0.0,38.9,0.0
2017-07-24,cabra,52000,0.0,38.7,0.0
2017-07-24,cordoba_capital,140000,0.0,40.7,0.0
2017-07-24,ecija,42000,0.0,40.0,0.0
2017-07-24,granada_capital,55000,0.0,38.4,0.0
2017-07-24,jaen_capital,165000,0.0,39.1,0.0
2017-07-24,linares,45000,0.0,39.8,0.0
2017-07-24,lucena,88000,0.0,38.1,0.0
2017-07-24,martos,68000,0.0,37.5,0.0
2017-07-24,sevilla_capital,75000,0.0,39.3,0.0
2017-07-24,ubeda,98000,0.0,37.7,0.0
2017-07-31,antequera,35000,0.0,38.5,0.0
2017-07-31,baeza,72000,0.0,38.3,0.0
2017-07-31,baza,28000,0.0,39.5,0.0
2017-07-31,cabra,52000,0.0,39.8,0.0
2017-07-31,cordoba_capital,140000,0.0,42.1,0.0
2017-07-31,ecija,42000,0.0,41.6,0.0
2017-07-31,granada_capital,55000,0.0,39.3,0.0
2017-07-31,jaen_capital,165000,0.0,40.2,0.0
2017-07-31,linares,45000,0.0,40.9,0.0
2017-07-31,lucena,88000,0.0,39.3,0.0
2017-07-31,martos,68000,0.0,38.6,0.0
2017-07-31,sevilla_capital,75000,0.0,41.4,0.0
2017-07-31,ubeda,98000,0.0,38.5,0.0
2017-08-07,antequera,35000,0.0,35.0,0.0
2017-08-07,baeza,72000,0.0,37.6,0.0
2017-08-07,baza,28000,0.0,38.8,0.0
2017-08-07,cabra,52000,0.0,38.9,0.0
2017-08-07,cordoba_capital,140000,0.0,40.4,0.0
2017-08-07,ecija,42000,0.0,40.3,0.0
2017-08-07,granada_capital,55000,0.0,37.5,0.0
2017-08-07,jaen_capital,165000,0.0,39.2,0.0
2017-08-07,linares,45000,0.0,39.6,0.0
2017-08-07,lucena,88000,0.0,38.0,0.0
2017-08-07,martos,68000,0.0,37.5,0.0
2017-08-07,sevilla_capital,75000,0.0,39.4,0.0
2017-08-07,ubeda,98000,0.0,38.1,0.0
2017-08-14,antequera,35000,0.0,35.9,0.0
2017-08-14,baeza,72000,0.0,37.2,0.0
2017-08-14,baza,28000,0.0,37.1,0.0
2017-08-14,cabra,52000,0.0,38.8,0.0
2017-08-14,cordoba_capital,140000,0.0,41.2,0.0
2017-08-14,ecija,42000,0.0,40.8,0.0
2017-08-14,granada_capital,55000,0.0,37.4,0.0
2017-08-14,jaen_capital,165000,0.0,39.1,0.0
2017-08-14,linares,45000,0.0,39.9,0.0
2017-08-14,lucena,88000,0.0,37.6,0.0
2017-08-14,martos,68000,0.0,37.9,0.0
2017-08-14,sevilla_capital,75000,0.0,39.6,0.0
2017-08-14,ubeda,98000,0.0,37.5,0.0
2017-08-21,antequera,35000,0.0,33.5,0.0
2017-08-21,baeza,72000,0.0,35.8,0.0
2017-08-21,baza,28000,0.0,36.2,0.0
2017-08-21,cabra,52000,0.0,37.7,0.0
2017-08-21,cordoba_capital,140000,0.0,39.3,0.0
2017-08-21,ecija,42000,0.0,39.6,0.0
2017-08-21,granada_capital,55000,0.0,36.4,0.0
2017-08-21,jaen_capital,165000,0.0,38.0,0.0
2017-08-21,linares,45000,0.0,38.4,0.0
2017-08-21,lucena,88000,0.0,36.6,0.0
2017-08-21,martos,68000,0.0,36.7,0.0
2017-08-21,sevilla_capital,75000,0.0,37.9,0.0
2017-08-21,ubeda,98000,0.0,36.1,0.0
2017-08-28,antequera,35000,0.0,27.6,0.0
2017-08-28,baeza,72000,0.0,28.6,0.0
2017-08-28,baza,28000,0.0,29.2,0.0
2017-08-28,cabra,52000,0.0,30.5,0.0
2017-08-28,cordoba_capital,140000,0.0,34.5,0.0
2017-08-28,ecija,42000,0.0,35.0,0.0
2017-08-28,granada_capital,55000,0.0,30.2,0.0
2017-08-28,jaen_capital,165000,0.0,30.9,0.0
2017-08-28,linares,45000,0.0,32.3,0.0
2017-08-28,lucena,88000,0.0,30.0,0.0
2017-08-28,martos,68000,0.0,30.3,0.0
2017-08-28,sevilla_capital,75000,0.0,35.6,0.0
2017-08-28,ubeda,98000,0.0,28.7,0.0
2017-09-04,antequera,35000,0.0,29.4,0.0
2017-09-04,baeza,72000,0.0,31.2,0.0
2017-09-04,baza,28000,0.0,32.4,0.0
2017-09-04,cabra,52000,0.0,32.9,0.0
2017-09-04,cordoba_capital,140000,0.0,37.1,0.0
2017-09-04,ecija,42000,0.0,37.0,0.0
2017-09-04,granada_capital,55000,0.0,32.7,0.0
2017-09-04,jaen_capital,165000,0.0,33.5,0.0
2017-09-04,linares,45000,0.0,34.5,0.0
2017-09-04,lucena,88000,0.0,31.8,0.0
2017-09-04,martos,68000,0.0,32.5,0.0
2017-09-04,sevilla_capital,75000,0.0,37.2,0.0
2017-09-04,ubeda,98000,0.0,31.5,0.0
2017-09-11,antequera,35000,0.0,31.6,0.0
2017-09-11,baeza,72000,0.0,31.2,0.0
2017-09-11,baza,28000,0.0,31.6,0.0
2017-09-11,cabra,52000,0.0,32.3,0.0
2017-09-11,cordoba_capital,140000,0.0,35.6,0.0
2017-09-11,ecija,42000,0.0,36.0,0.0
2017-09-11,granada_capital,55000,0.0,32.8,0.0
2017-09-11,jaen_capital,165000,0.0,33.8,0.0
2017-09-11,linares,45000,0.0,34.1,0.0
2017-09-11,lucena,88000,0.0,31.1,0.0
2017-09-11,martos,68000,0.0,32.6,0.0
2017-09-11,sevilla_capital,75000,0.0,36.3,0.0
2017-09-11,ubeda,98000,0.0,31.6,0.0
2017-09-18,antequera,35000,0.0,27.0,0.0
2017-09-18,baeza,72000,0.0,28.3,0.0
2017-09-18,baza,28000,0.0,28.9,0.0
2017-09-18,cabra,52000,0.0,30.0,0.0
2017-09-18,cordoba_capital,140000,0.0,32.5,0.0
2017-09-18,ecija,42000,0.0,32.9,0.0
2017-09-18,granada_capital,55000,0.0,29.7,0.0
2017-09-18,jaen_capital,165000,0.0,30.4,0.0
2017-09-18,linares,45000,0.0,31.0,0.0
2017-09-18,lucena,88000,0.0,28.9,0.0
2017-09-18,martos,68000,0.0,29.4,0.0
2017-09-18,sevilla_capital,75000,0.0,32.2,0.0
2017-09-18,ubeda,98000,0.0,28.7,0.0
2017-09-25,antequera,35000,0.0,30.5,0.0
2017-09-25,baeza,72000,0.0,28.4,0.0
2017-09-25,baza,28000,0.0,29.5,0.0
2017-09-25,cabra,52000,0.0,30.6,0.0
2017-09-25,cordoba_capital,140000,0.0,33.4,0.0
2017-09-25,ecija,42000,0.0,33.9,0.0
2017-09-25,granada_capital,55000,0.0,30.6,0.0
2017-09-25,jaen_capital,165000,0.0,30.8,0.0
2017-09-25,linares,45000,0.0,31.2,0.0
2017-09-25,lucena,88000,0.0,29.6,0.0
2017-09-25,martos,68000,0.0,29.8,0.0
2017-09-25,sevilla_capital,75000,0.0,33.6,0.0
2017-09-25,ubeda,98000,0.0,28.6,0.0
2017-10-02,antequera,35000,0.0,30.9,0.0
2017-10-02,baeza,72000,0.0,28.7,0.0
2017-10-02,baza,28000,0.0,29.1,0.0
2017-10-02,cabra,52000,0.0,31.1,0.0
2017-10-02,cordoba_capital,140000,0.0,34.1,0.0
2017-10-02,ecija,42000,0.0,34.3,0.0
2017-10-02,granada_capital,55000,0.0,30.5,0.0
2017-10-02,jaen_capital,165000,0.0,30.7,0.0
2017-10-02,linares,45000,0.0,31.7,0.0
2017-10-02,lucena,88000,0.0,30.3,0.0
2017-10-02,martos,68000,0.0,30.1,0.0
2017-10-02,sevilla_capital,75000,0.0,34.7,0.0
2017-10-02,ubeda,98000,0.0,29.0,0.0
2017-10-09,antequera,35000,0.0,29.6,0.0
2017-10-09,baeza,72000,0.0,29.5,0.0
2017-10-09,baza,28000,0.0,30.0,0.0
2017-10-09,cabra,52000,0.0,31.9,0.0
2017-10-09,cordoba_capital,140000,0.0,34.4,0.0
2017-10-09,ecija,42000,0.0,35.1,0.0
2017-10-09,granada_capital,55000,0.0,30.1,0.0
2017-10-09,jaen_capital,165000,0.0,31.9,0.0
2017-10-09,linares,45000,0.0,32.4,0.0
2017-10-09,lucena,88000,0.0,31.0,0.0
2017-10-09,martos,68000,0.0,31.0,0.0
2017-10-09,sevilla_capital,75000,0.0,34.9,0.0
2017-10-09,ubeda,98000,0.0,29.9,0.0
2017-10-16,antequera,35000,0.0,24.2,0.0
2017-10-16,baeza,72000,0.0,26.7,0.0
2017-10-16,baza,28000,0.0,26.0,0.0
2017-10-16,cabra,52000,0.0,28.6,0.0
2017-10-16,cordoba_capital,140000,0.0,30.8,0.0
2017-10-16,ecija,42000,0.0,31.1,0.0
2017-10-16,granada_capital,55000,0.0,27.2,0.0
2017-10-16,jaen_capital,165000,0.0,29.1,0.0
2017-10-16,linares,45000,0.0,29.5,0.0
2017-10-16,lucena,88000,0.0,26.7,0.0
2017-10-16,martos,68000,0.0,28.3,0.0
2017-10-16,sevilla_capital,75000,0.0,31.0,0.0
2017-10-16,ubeda,98000,0.0,26.9,0.0
2017-10-23,antequera,35000,0.0,25.6,0.0
2017-10-23,baeza,72000,0.0,25.8,0.0
2017-10-23,baza,28000,0.0,27.3,0.0
2017-10-23,cabra,52000,0.0,27.8,0.0
2017-10-23,cordoba_capital,140000,0.0,29.7,0.0
2017-10-23,ecija,42000,0.0,29.9,0.0
2017-10-23,granada_capital,55000,0.0,27.6,0.0
2017-10-23,jaen_capital,165000,0.0,27.0,0.0
2017-10-23,linares,45000,0.0,28.6,0.0
2017-10-23,lucena,88000,0.0,27.0,0.0
2017-10-23,martos,68000,0.0,26.1,0.0
2017-10-23,sevilla_capital,75000,0.0,30.2,0.0
2017-10-23,ubeda,98000,0.0,26.0,0.0
2017-10-30,antequera,35000,0.0,22.0,0.0
2017-10-30,baeza,72000,0.0,21.5,0.0
2017-10-30,baza,28000,0.0,22.9,0.0
2017-10-30,cabra,52000,0.0,23.8,0.0
2017-10-30,cordoba_capital,140000,0.0,25.2,0.0
2017-10-30,ecija,42000,0.0,26.1,0.0
2017-10-30,granada_capital,55000,0.0,23.1,0.0
2017-10-30,jaen_capital,165000,0.0,23.9,0.0
2017-10-30,linares,45000,0.0,24.1,0.0
2017-10-30,lucena,88000,0.0,22.6,0.0
2017-10-30,martos,68000,0.0,22.9,0.0
2017-10-30,sevilla_capital,75000,0.0,25.9,0.0
2017-10-30,ubeda,98000,0.0,21.7,0.0
2017-11-06,antequera,35000,0.0,20.4,0.0
2017-11-06,baeza,72000,0.0,16.6,0.0
2017-11-06,baza,28000,0.0,18.8,0.0
2017-11-06,cabra,52000,0.0,19.8,0.0
2017-11-06,cordoba_capital,140000,0.0,22.3,0.0
2017-11-06,ecija,42000,0.0,22.3,0.0
2017-11-06,granada_capital,55000,0.0,19.7,0.0
2017-11-06,jaen_capital,165000,0.0,18.8,0.0
2017-11-06,linares,45000,0.0,19.4,0.0
2017-11-06,lucena,88000,0.0,18.9,0.0
2017-11-06,martos,68000,0.0,18.4,0.0
2017-11-06,sevilla_capital,75000,0.0,22.9,0.0
2017-11-06,ubeda,98000,0.0,16.8,0.0
2017-11-13,antequera,35000,0.0,19.0,0.0
2017-11-13,baeza,72000,0.0,17.4,0.0
2017-11-13,baza,28000,0.0,19.2,0.0
2017-11-13,cabra,52000,0.0,20.1,0.0
2017-11-13,cordoba_capital,140000,0.0,21.6,0.0
2017-11-13,ecija,42000,0.0,22.1,0.0
2017-11-13,granada_capital,55000,0.0,19.8,0.0
2017-11-13,jaen_capital,165000,0.0,19.2,0.0
2017-11-13,linares,45000,0.0,20.2,0.0
2017-11-13,lucena,88000,0.0,19.2,0.0
2017-11-13,martos,68000,0.0,18.6,0.0
2017-11-13,sevilla_capital,75000,0.0,21.7,0.0
2017-11-13,ubeda,98000,0.0,17.7,0.0
2017-11-20,antequera,35000,0.0,22.3,0.0
2017-11-20,baeza,72000,0.0,19.1,0.0
2017-11-20,baza,28000,0.0,21.1,0.0
2017-11-20,cabra,52000,0.0,22.3,0.0
2017-11-20,cordoba_capital,140000,0.0,23.4,0.0
2017-11-20,ecija,42000,0.0,24.6,0.0
2017-11-20,granada_capital,55000,0.0,21.6,0.0
2017-11-20,jaen_capital,165000,0.0,21.8,0.0
2017-11-20,linares,45000,0.0,21.8,0.0
2017-11-20,lucena,88000,0.0,21.7,0.0
2017-11-20,martos,68000,0.0,21.0,0.0
2017-11-20,sevilla_capital,75000,0.0,23.3,0.0
2017-11-20,ubeda,98000,0.0,19.4,0.0
2017-11-27,antequera,35000,0.0,16.9,0.0
2017-11-27,baeza,72000,0.0,14.3,0.0
2017-11-27,baza,28000,0.0,17.2,0.0
2017-11-27,cabra,52000,0.0,18.4,0.0
2017-11-27,cordoba_capital,140000,0.0,19.1,0.0
2017-11-27,ecija,42000,0.0,20.6,0.0
2017-11-27,granada_capital,55000,0.0,17.5,0.0
2017-11-27,jaen_capital,165000,0.0,16.8,0.0
2017-11-27,linares,45000,0.0,16.9,0.0
2017-11-27,lucena,88000,0.0,17.5,0.0
2017-11-27,martos,68000,0.0,16.2,0.0
2017-11-27,sevilla_capital,75000,0.0,19.8,0.0
2017-11-27,ubeda,98000,0.0,14.6,0.0
2017-12-04,antequera,35000,0.0,15.5,0.0
2017-12-04,baeza,72000,0.0,11.0,0.0
2017-12-04,baza,28000,0.0,13.4,0.0
2017-12-04,cabra,52000,0.0,14.7,0.0
2017-12-04,cordoba_capital,140000,0.0,16.8,0.0
2017-12-04,ecija,42000,0.0,17.4,0.0
2017-12-04,granada_capital,55000,0.0,14.9,0.0
2017-12-04,jaen_capital,165000,0.0,13.5,0.0
2017-12-04,linares,45000,0.0,13.5,0.0
2017-12-04,lucena,88000,0.0,14.1,0.0
2017-12-04,martos,68000,0.0,13.0,0.0
2017-12-04,sevilla_capital,75000,0.0,19.2,0.0
2017-12-04,ubeda,98000,0.0,11.3,0.0
2017-12-11,antequera,35000,0.0,13.9,0.0
2017-12-11,baeza,72000,0.0,9.7,0.0
2017-12-11,baza,28000,0.0,12.1,0.0
2017-12-11,cabra,52000,0.0,12.9,0.0
2017-12-11,cordoba_capital,140000,0.0,14.6,0.0
2017-12-11,ecija,42000,0.0,15.4,0.0
2017-12-11,granada_capital,55000,0.0,12.3,0.0
2017-12-11,jaen_capital,165000,0.0,12.2,0.0
2017-12-11,linares,45000,0.0,12.2,0.0
2017-12-11,lucena,88000,0.0,12.4,0.0
2017-12-11,martos,68000,0.0,11.5,0.0
2017-12-11,sevilla_capital,75000,0.0,16.9,0.0
2017-12-11,ubeda,98000,0.0,9.9,0.0
2017-12-18,antequera,35000,0.0,15.0,0.0
2017-12-18,baeza,72000,0.0,12.9,0.0
2017-12-18,baza,28000,0.0,13.4,0.0
2017-12-18,cabra,52000,0.0,15.8,0.0
2017-12-18,cordoba_capital,140000,0.0,16.2,0.0
2017-12-18,ecija,42000,0.0,17.7,0.0
2017-12-18,granada_capital,55000,0.0,14.7,0.0
2017-12-18,jaen_capital,165000,0.0,14.9,0.0
2017-12-18,linares,45000,0.0,15.2,0.0
2017-12-18,lucena,88000,0.0,14.7,0.0
2017-12-18,martos,68000,0.0,14.0,0.0
2017-12-18,sevilla_capital,75000,0.0,17.1,0.0
2017-12-18,ubeda,98000,0.0,13.1,0.0
2017-12-25,antequera,35000,0.0,19.2,0.0
2017-12-25,baeza,72000,0.0,14.7,0.0
2017-12-25,baza,28000,0.0,16.9,0.0
2017-12-25,cabra,52000,0.0,18.5,0.0
2017-12-25,cordoba_capital,140000,0.0,18.6,0.0
2017-12-25,ecija,42000,0.0,19.3,0.0
2017-12-25,granada_capital,55000,0.0,18.0,0.0
2017-12-25,jaen_capital,165000,0.0,17.0,0.0
2017-12-25,linares,45000,0.0,17.0,0.0
2017-12-25,lucena,88000,0.0,17.6,0.0
2017-12-25,martos,68000,0.0,16.6,0.0
2017-12-25,sevilla_capital,75000,0.0,19.7,0.0
2017-12-25,ubeda,98000,0.0,14.8,0.0
2018-01-01,antequera,35000,0.0,17.1,0.0
2018-01-01,baeza,72000,0.0,13.3,0.0
2018-01-01,baza,28000,0.0,16.5,0.0
2018-01-01,cabra,52000,0.0,17.1,0.0
2018-01-01,cordoba_capital,140000,0.0,17.8,0.0
2018-01-01,ecija,42000,0.0,18.8,0.0
2018-01-01,granada_capital,55000,0.0,17.5,0.0
2018-01-01,jaen_capital,165000,0.0,15.1,0.0
2018-01-01,linares,45000,0.0,15.6,0.0
2018-01-01,lucena,88000,0.0,15.8,0.0
2018-01-01,martos,68000,0.0,14.8,0.0
2018-01-01,sevilla_capital,75000,0.0,19.0,0.0
2018-01-01,ubeda,98000,0.0,13.4,0.0
2018-01-08,antequera,35000,0.0,13.5,0.0
2018-01-08,baeza,72000,0.0,9.1,0.0
2018-01-08,baza,28000,0.0,12.4,0.0
2018-01-08,cabra,52000,0.0,13.8,0.0
2018-01-08,cordoba_capital,140000,0.0,13.5,0.0
2018-01-08,ecija,42000,0.0,14.2,0.0
2018-01-08,granada_capital,55000,0.0,12.0,0.0
2018-01-08,jaen_capital,165000,0.0,11.9,0.0
2018-01-08,linares,45000,0.0,11.4,0.0
2018-01-08,lucena,88000,0.0,13.2,0.0
2018-01-08,martos,68000,0.0,11.7,0.0
2018-01-08,sevilla_capital,75000,0.0,15.1,0.0
2018-01-08,ubeda,98000,0.0,9.2,0.0
2018-01-15,antequera,35000,0.0,16.5,0.0
2018-01-15,baeza,72000,0.0,13.7,0.0
2018-01-15,baza,28000,0.0,16.2,0.0
2018-01-15,cabra,52000,0.0,16.5,0.0
2018-01-15,cordoba_capital,140000,0.0,17.5,0.0
2018-01-15,ecija,42000,0.0,17.6,0.0
2018-01-15,granada_capital,55000,0.0,18.0,0.0
2018-01-15,jaen_capital,165000,0.0,15.4,0.0
2018-01-15,linares,45000,0.0,16.0,0.0
2018-01-15,lucena,88000,0.0,15.6,0.0
2018-01-15,martos,68000,0.0,14.9,0.0
2018-01-15,sevilla_capital,75000,0.0,18.6,0.0
2018-01-15,ubeda,98000,0.0,13.9,0.0
2018-01-22,antequera,35000,0.0,19.5,0.0
2018-01-22,baeza,72000,0.0,16.6,0.0
2018-01-22,baza,28000,0.0,19.7,0.0
2018-01-22,cabra,52000,0.0,19.5,0.0
2018-01-22,cordoba_capital,140000,0.0,19.4,0.0
2018-01-22,ecija,42000,0.0,19.0,0.0
2018-01-22,granada_capital,55000,0.0,20.0,0.0
2018-01-22,jaen_capital,165000,0.0,18.5,0.0
2018-01-22,linares,45000,0.0,18.6,0.0
2018-01-22,lucena,88000,0.0,18.7,0.0
2018-01-22,martos,68000,0.0,18.2,0.0
2018-01-22,sevilla_capital,75000,0.0,19.4,0.0
2018-01-22,ubeda,98000,0.0,16.9,0.0
2018-01-29,antequera,35000,0.0,16.7,0.0
2018-01-29,baeza,72000,0.0,13.8,0.0
2018-01-29,baza,28000,0.0,13.0,0.0
2018-01-29,cabra,52000,0.0,17.3,0.0
2018-01-29,cordoba_capital,140000,0.0,18.2,0.0
2018-01-29,ecija,42000,0.0,19.1,0.0
2018-01-29,granada_capital,55000,0.0,15.7,0.0
2018-01-29,jaen_capital,165000,0.0,15.7,0.0
2018-01-29,linares,45000,0.0,16.4,0.0
2018-01-29,lucena,88000,0.0,16.9,0.0
2018-01-29,martos,68000,0.0,15.4,0.0
2018-01-29,sevilla_capital,75000,0.0,19.3,0.0
2018-01-29,ubeda,98000,0.0,13.9,0.0
2018-02-05,antequera,35000,0.0,14.0,0.0
2018-02-05,baeza,72000,0.0,10.4,0.0
2018-02-05,baza,28000,0.0,11.9,0.0
2018-02-05,cabra,52000,0.0,13.5,0.0
2018-02-05,cordoba_capital,140000,0.0,17.1,0.0
2018-02-05,ecija,42000,0.0,16.4,0.0
2018-02-05,granada_capital,55000,0.0,13.2,0.0
2018-02-05,jaen_capital,165000,0.0,13.1,0.0
2018-02-05,linares,45000,0.0,13.1,0.0
2018-02-05,lucena,88000,0.0,12.8,0.0
2018-02-05,martos,68000,0.0,12.4,0.0
2018-02-05,sevilla_capital,75000,0.0,18.5,0.0
2018-02-05,ubeda,98000,0.0,10.5,0.0
2018-02-12,antequera,35000,0.0,18.5,0.0
2018-02-12,baeza,72000,0.0,15.9,0.0
2018-02-12,baza,28000,0.0,18.2,0.0
2018-02-12,cabra,52000,0.0,18.7,0.0
2018-02-12,cordoba_capital,140000,0.0,20.0,0.0
2018-02-12,ecija,42000,0.0,20.6,0.0
2018-02-12,granada_capital,55000,0.0,18.4,0.0
2018-02-12,jaen_capital,165000,0.0,18.0,0.0
2018-02-12,linares,45000,0.0,18.4,0.0
2018-02-12,lucena,88000,0.0,18.1,0.0
2018-02-12,martos,68000,0.0,17.3,0.0
2018-02-12,sevilla_capital,75000,0.0,21.1,0.0
2018-02-12,ubeda,98000,0.0,16.1,0.0
2018-02-19,antequera,35000,0.0,17.1,0.0
2018-02-19,baeza,72000,0.0,13.2,0.0
2018-02-19,baza,28000,0.0,13.3,0.0
2018-02-19,cabra,52000,0.0,16.5,0.0
2018-02-19,cordoba_capital,140000,0.0,19.5,0.0
2018-02-19,ecija,42000,0.0,20.1,0.0
2018-02-19,granada_capital,55000,0.0,15.9,0.0
2018-02-19,jaen_capital,165000,0.0,15.5,0.0
2018-02-19,linares,45000,0.0,16.1,0.0
2018-02-19,lucena,88000,0.0,16.1,0.0
2018-02-19,martos,68000,0.0,15.0,0.0
2018-02-19,sevilla_capital,75000,0.0,21.2,0.0
2018-02-19,ubeda,98000,0.0,13.3,0.0
2018-02-26,antequera,35000,0.0,16.3,0.0
2018-02-26,baeza,72000,0.0,14.5,0.0
2018-02-26,baza,28000,0.0,16.8,0.0
2018-02-26,cabra,52000,0.0,18.2,0.0
2018-02-26,cordoba_capital,140000,0.0,19.3,0.0
2018-02-26,ecija,42000,0.0,21.1,0.0
2018-02-26,granada_capital,55000,0.0,16.8,0.0
2018-02-26,jaen_capital,165000,0.0,16.9,0.0
2018-02-26,linares,45000,0.0,17.1,0.0
2018-02-26,lucena,88000,0.0,17.6,0.0
2018-02-26,martos,68000,0.0,16.6,0.0
2018-02-26,sevilla_capital,75000,0.0,21.2,0.0
2018-02-26,ubeda,98000,0.0,14.7,0.0
2018-03-05,antequera,35000,0.0,17.4,0.0
2018-03-05,baeza,72000,0.0,16.8,0.0
2018-03-05,baza,28000,0.0,19.5,0.0
2018-03-05,cabra,52000,0.0,18.3,0.0
2018-03-05,cordoba_capital,140000,0.0,17.5,0.0
2018-03-05,ecija,42000,0.0,18.4,0.0
2018-03-05,granada_capital,55000,0.0,16.9,0.0
2018-03-05,jaen_capital,165000,0.0,18.5,0.0
2018-03-05,linares,45000,0.0,18.7,0.0
2018-03-05,lucena,88000,0.0,17.5,0.0
2018-03-05,martos,68000,0.0,17.5,0.0
2018-03-05,sevilla_capital,75000,0.0,18.6,0.0
2018-03-05,ubeda,98000,0.0,17.3,0.0
2018-03-12,antequera,35000,0.0,17.1,0.0
2018-03-12,baeza,72000,0.0,14.0,0.0
2018-03-12,baza,28000,0.0,15.7,0.0
2018-03-12,cabra,52000,0.0,16.5,0.0
2018-03-12,cordoba_capital,140000,0.0,18.4,0.0
2018-03-12,ecija,42000,0.0,18.6,0.0
2018-03-12,granada_capital,55000,0.0,15.1,0.0
2018-03-12,jaen_capital,165000,0.0,16.2,0.0
2018-03-12,linares,45000,0.0,16.7,0.0
2018-03-12,lucena,88000,0.0,16.0,0.0
2018-03-12,martos,68000,0.0,15.5,0.0
2018-03-12,sevilla_capital,75000,0.0,19.0,0.0
2018-03-12,ubeda,98000,0.0,14.2,0.0
2018-03-19,antequera,35000,0.0,13.1,0.0
2018-03-19,baeza,72000,0.0,9.6,0.0
2018-03-19,baza,28000,0.0,12.2,0.0
2018-03-19,cabra,52000,0.0,12.3,0.0
2018-03-19,cordoba_capital,140000,0.0,15.3,0.0
2018-03-19,ecija,42000,0.0,15.2,0.0
2018-03-19,granada_capital,55000,0.0,11.8,0.0
2018-03-19,jaen_capital,165000,0.0,11.8,0.0
2018-03-19,linares,45000,0.0,12.7,0.0
2018-03-19,lucena,88000,0.0,11.7,0.0
2018-03-19,martos,68000,0.0,11.1,0.0
2018-03-19,sevilla_capital,75000,0.0,17.2,0.0
2018-03-19,ubeda,98000,0.0,9.8,0.0
2018-03-26,antequera,35000,0.0,21.5,0.0
2018-03-26,baeza,72000,0.0,19.1,0.0
2018-03-26,baza,28000,0.0,19.7,0.0
2018-03-26,cabra,52000,0.0,22.0,0.0
2018-03-26,cordoba_capital,140000,0.0,22.9,0.0
2018-03-26,ecija,42000,0.0,23.1,0.0
2018-03-26,granada_capital,55000,0.0,20.8,0.0
2018-03-26,jaen_capital,165000,0.0,21.4,0.0
2018-03-26,linares,45000,0.0,21.4,0.0
2018-03-26,lucena,88000,0.0,20.6,0.0
2018-03-26,martos,68000,0.0,20.6,0.0
2018-03-26,sevilla_capital,75000,0.0,24.2,0.0
2018-03-26,ubeda,98000,0.0,19.2,0.0
2018-04-02,antequera,35000,0.0,19.1,0.0
2018-04-02,baeza,72000,0.0,20.7,0.0
2018-04-02,baza,28000,0.0,22.5,0.0
2018-04-02,cabra,52000,0.0,22.9,0.0
2018-04-02,cordoba_capital,140000,0.0,22.6,0.0
2018-04-02,ecija,42000,0.0,23.7,0.0
2018-04-02,granada_capital,55000,0.0,22.2,0.0
2018-04-02,jaen_capital,165000,0.0,22.7,0.0
2018-04-02,linares,45000,0.0,22.8,0.0
2018-04-02,lucena,88000,0.0,21.8,0.0
2018-04-02,martos,68000,0.0,21.8,0.0
2018-04-02,sevilla_capital,75000,0.0,23.5,0.0
2018-04-02,ubeda,98000,0.0,21.0,0.0
2018-04-09,antequera,35000,0.0,17.9,0.0
2018-04-09,baeza,72000,0.0,13.8,0.0
2018-04-09,baza,28000,0.0,16.4,0.0
2018-04-09,cabra,52000,0.0,17.2,0.0
2018-04-09,cordoba_capital,140000,0.0,19.4,0.0
2018-04-09,ecija,42000,0.0,19.4,0.0
2018-04-09,granada_capital,55000,0.0,16.7,0.0
2018-04-09,jaen_capital,165000,0.0,16.3,0.0
2018-04-09,linares,45000,0.0,16.2,0.0
2018-04-09,lucena,88000,0.0,16.6,0.0
2018-04-09,martos,68000,0.0,15.3,0.0
2018-04-09,sevilla_capital,75000,0.0,19.6,0.0
2018-04-09,ubeda,98000,0.0,14.1,0.0
2018-04-16,antequera,35000,0.0,23.0,0.0
2018-04-16,baeza,72000,0.0,24.9,0.0
2018-04-16,baza,28000,0.0,24.2,0.0
2018-04-16,cabra,52000,0.0,26.8,0.0
2018-04-16,cordoba_capital,140000,0.0,25.3,0.0
2018-04-16,ecija,42000,0.0,25.5,0.0
2018-04-16,granada_capital,55000,0.0,25.7,0.0
2018-04-16,jaen_capital,165000,0.0,27.3,0.0
2018-04-16,linares,45000,0.0,27.0,0.0
2018-04-16,lucena,88000,0.0,25.7,0.0
2018-04-16,martos,68000,0.0,26.4,0.0
2018-04-16,sevilla_capital,75000,0.0,25.8,0.0
2018-04-16,ubeda,98000,0.0,24.9,0.0
2018-04-23,antequera,35000,0.0,24.4,0.0
2018-04-23,baeza,72000,0.0,24.5,0.0
2018-04-23,baza,28000,0.0,23.5,0.0
2018-04-23,cabra,52000,0.0,26.5,0.0
2018-04-23,cordoba_capital,140000,0.0,27.5,0.0
2018-04-23,ecija,42000,0.0,28.0,0.0
2018-04-23,granada_capital,55000,0.0,24.3,0.0
2018-04-23,jaen_capital,165000,0.0,26.6,0.0
2018-04-23,linares,45000,0.0,27.3,0.0
2018-04-23,lucena,88000,0.0,26.1,0.0
2018-04-23,martos,68000,0.0,25.7,0.0
2018-04-23,sevilla_capital,75000,0.0,27.0,0.0
2018-04-23,ubeda,98000,0.0,24.6,0.0
2018-04-30,antequera,35000,0.0,20.3,0.0
2018-04-30,baeza,72000,0.0,21.4,0.0
2018-04-30,baza,28000,0.0,21.3,0.0
2018-04-30,cabra,52000,0.0,23.4,0.0
2018-04-30,cordoba_capital,140000,0.0,25.8,0.0
2018-04-30,ecija,42000,0.0,26.4,0.0
2018-04-30,granada_capital,55000,0.0,21.7,0.0
2018-04-30,jaen_capital,165000,0.0,23.6,0.0
2018-04-30,linares,45000,0.0,24.1,0.0
2018-04-30,lucena,88000,0.0,22.8,0.0
2018-04-30,martos,68000,0.0,22.9,0.0
2018-04-30,sevilla_capital,75000,0.0,26.8,0.0
2018-04-30,ubeda,98000,0.0,21.7,0.0
2018-05-07,antequera,35000,0.0,24.1,0.0
2018-05-07,baeza,72000,0.0,22.7,0.0
2018-05-07,baza,28000,0.0,25.4,0.0
2018-05-07,cabra,52000,0.0,24.3,0.0
2018-05-07,cordoba_capital,140000,0.0,25.9,0.0
2018-05-07,ecija,42000,0.0,26.6,0.0
2018-05-07,granada_capital,55000,0.0,22.7,0.0
2018-05-07,jaen_capital,165000,0.0,24.9,0.0
2018-05-07,linares,45000,0.0,25.0,0.0
2018-05-07,lucena,88000,0.0,23.7,0.0
2018-05-07,martos,68000,0.0,23.6,0.0
2018-05-07,sevilla_capital,75000,0.0,25.9,0.0
2018-05-07,ubeda,98000,0.0,23.0,0.0
2018-05-14,antequera,35000,0.0,22.5,0.0
2018-05-14,baeza,72000,0.0,23.5,0.0
2018-05-14,baza,28000,0.0,23.0,0.0
2018-05-14,cabra,52000,0.0,25.8,0.0
2018-05-14,cordoba_capital,140000,0.0,28.0,0.0
2018-05-14,ecija,42000,0.0,28.6,0.0
2018-05-14,granada_capital,55000,0.0,24.3,0.0
2018-05-14,jaen_capital,165000,0.0,25.9,0.0
2018-05-14,linares,45000,0.0,26.1,0.0
2018-05-14,lucena,88000,0.0,25.2,0.0
2018-05-14,martos,68000,0.0,24.7,0.0
2018-05-14,sevilla_capital,75000,0.0,28.7,0.0
2018-05-14,ubeda,98000,0.0,23.6,0.0
2018-05-21,antequera,35000,0.0,23.8,0.0
2018-05-21,baeza,72000,0.0,26.6,0.0
2018-05-21,baza,28000,0.0,25.7,0.0
2018-05-21,cabra,52000,0.0,24.9,0.0
2018-05-21,cordoba_capital,140000,0.0,26.6,0.0
2018-05-21,ecija,42000,0.0,26.6,0.0
2018-05-21,granada_capital,55000,0.0,24.8,0.0
2018-05-21,jaen_capital,165000,0.0,27.0,0.0
2018-05-21,linares,45000,0.0,29.2,0.0
2018-05-21,lucena,88000,0.0,24.8,0.0
2018-05-21,martos,68000,0.0,24.7,0.0
2018-05-21,sevilla_capital,75000,0.0,26.5,0.0
2018-05-21,ubeda,98000,0.0,26.9,0.0
2018-05-28,antequera,35000,0.0,24.6,0.0
2018-05-28,baeza,72000,0.0,23.9,0.0
2018-05-28,baza,28000,0.0,25.8,0.0
2018-05-28,cabra,52000,0.0,24.7,0.0
2018-05-28,cordoba_capital,140000,0.0,27.3,0.0
2018-05-28,ecija,42000,0.0,27.8,0.0
2018-05-28,granada_capital,55000,0.0,24.0,0.0
2018-05-28,jaen_capital,165000,0.0,25.6,0.0
2018-05-28,linares,45000,0.0,26.7,0.0
2018-05-28,lucena,88000,0.0,24.4,0.0
2018-05-28,martos,68000,0.0,24.3,0.0
2018-05-28,sevilla_capital,75000,0.0,27.2,0.0
2018-05-28,ubeda,98000,0.0,24.2,0.0
2018-06-04,antequera,35000,0.0,25.2,0.0
2018-06-04,baeza,72000,0.0,22.5,0.0
2018-06-04,baza,28000,0.0,26.5,0.0
2018-06-04,cabra,52000,0.0,24.7,0.0
2018-06-04,cordoba_capital,140000,0.0,27.2,0.0
2018-06-04,ecija,42000,0.0,28.0,0.0
2018-06-04,granada_capital,55000,0.0,24.7,0.0
2018-06-04,jaen_capital,165000,0.0,24.3,0.0
2018-06-04,linares,45000,0.0,24.7,0.0
2018-06-04,lucena,88000,0.0,24.3,0.0
2018-06-04,martos,68000,0.0,23.3,0.0
2018-06-04,sevilla_capital,75000,0.0,26.6,0.0
2018-06-04,ubeda,98000,0.0,23.1,0.0
2018-06-11,antequera,35000,0.0,30.5,0.0
2018-06-11,baeza,72000,0.0,31.5,0.0
2018-06-11,baza,28000,0.0,32.2,0.0
2018-06-11,cabra,52000,0.0,33.6,0.0
2018-06-11,cordoba_capital,140000,0.0,37.0,0.0
2018-06-11,ecija,42000,0.0,36.7,0.0
2018-06-11,granada_capital,55000,0.0,31.9,0.0
2018-06-11,jaen_capital,165000,0.0,33.2,0.0
2018-06-11,linares,45000,0.0,34.7,0.0
2018-06-11,lucena,88000,0.0,32.8,0.0
2018-06-11,martos,68000,0.0,32.1,0.0
2018-06-11,sevilla_capital,75000,0.0,36.0,0.0
2018-06-11,ubeda,98000,0.0,31.5,0.0
2018-06-18,antequera,35000,0.0,33.1,0.0
2018-06-18,baeza,72000,0.0,36.0,0.0
2018-06-18,baza,28000,0.0,36.5,0.0
2018-06-18,cabra,52000,0.0,35.8,0.0
2018-06-18,cordoba_capital,140000,0.0,38.1,0.0
2018-06-18,ecija,42000,0.0,37.6,0.0
2018-06-18,granada_capital,55000,0.0,36.1,0.0
2018-06-18,jaen_capital,165000,0.0,36.8,0.0
2018-06-18,linares,45000,0.0,38.6,0.0
2018-06-18,lucena,88000,0.0,35.0,0.0
2018-06-18,martos,68000,0.0,34.7,0.0
2018-06-18,sevilla_capital,75000,0.0,37.5,0.0
2018-06-18,ubeda,98000,0.0,36.6,0.0
2018-06-25,antequera,35000,0.0,31.4,0.0
2018-06-25,baeza,72000,0.0,32.0,0.0
2018-06-25,baza,28000,0.0,36.0,0.0
2018-06-25,cabra,52000,0.0,32.7,0.0
2018-06-25,cordoba_capital,140000,0.0,34.8,0.0
2018-06-25,ecija,42000,0.0,34.2,0.0
2018-06-25,granada_capital,55000,0.0,32.8,0.0
2018-06-25,jaen_capital,165000,0.0,32.9,0.0
2018-06-25,linares,45000,0.0,34.8,0.0
2018-06-25,lucena,88000,0.0,31.8,0.0
2018-06-25,martos,68000,0.0,31.6,0.0
2018-06-25,sevilla_capital,75000,0.0,33.0,0.0
2018-06-25,ubeda,98000,0.0,32.5,0.0
2018-07-02,antequera,35000,0.0,32.2,0.0
2018-07-02,baeza,72000,0.0,33.1,0.0
2018-07-02,baza,28000,0.0,34.8,0.0
2018-07-02,cabra,52000,0.0,34.2,0.0
2018-07-02,cordoba_capital,140000,0.0,36.8,0.0
2018-07-02,ecija,42000,0.0,36.5,0.0
2018-07-02,granada_capital,55000,0.0,33.8,0.0
2018-07-02,jaen_capital,165000,0.0,34.7,0.0
2018-07-02,linares,45000,0.0,35.5,0.0
2018-07-02,lucena,88000,0.0,33.5,0.0
2018-07-02,martos,68000,0.0,33.1,0.0
2018-07-02,sevilla_capital,75000,0.0,35.6,0.0
2018-07-02,ubeda,98000,0.0,33.5,0.0
2018-07-09,antequera,35000,0.0,34.6,0.0
2018-07-09,baeza,72000,0.0,33.7,0.0
2018-07-09,baza,28000,0.0,35.4,0.0
2018-07-09,cabra,52000,0.0,35.0,0.0
2018-07-09,cordoba_capital,140000,0.0,37.8,0.0
2018-07-09,ecija,42000,0.0,37.5,0.0
2018-07-09,granada_capital,55000,0.0,34.1,0.0
2018-07-09,jaen_capital,165000,0.0,35.2,0.0
2018-07-09,linares,45000,0.0,36.1,0.0
2018-07-09,lucena,88000,0.0,34.5,0.0
2018-07-09,martos,68000,0.0,33.8,0.0
2018-07-09,sevilla_capital,75000,0.0,36.5,0.0
2018-07-09,ubeda,98000,0.0,34.2,0.0
2018-07-16,antequera,35000,0.0,34.0,0.0
2018-07-16,baeza,72000,0.0,34.1,0.0
2018-07-16,baza,28000,0.0,36.9,0.0
2018-07-16,cabra,52000,0.0,35.0,0.0
2018-07-16,cordoba_capital,140000,0.0,36.8,0.0
2018-07-16,ecija,42000,0.0,37.2,0.0
2018-07-16,granada_capital,55000,0.0,34.5,0.0
2018-07-16,jaen_capital,165000,0.0,35.9,0.0
2018-07-16,linares,45000,0.0,36.0,0.0
2018-07-16,lucena,88000,0.0,33.9,0.0
2018-07-16,martos,68000,0.0,34.2,0.0
2018-07-16,sevilla_capital,75000,0.0,35.7,0.0
2018-07-16,ubeda,98000,0.0,34.7,0.0
2018-07-23,antequera,35000,0.0,34.5,0.0
2018-07-23,baeza,72000,0.0,33.6,0.0
2018-07-23,baza,28000,0.0,36.5,0.0
2018-07-23,cabra,52000,0.0,34.3,0.0
2018-07-23,cordoba_capital,140000,0.0,36.4,0.0
2018-07-23,ecija,42000,0.0,36.0,0.0
2018-07-23,granada_capital,55000,0.0,34.7,0.0
2018-07-23,jaen_capital,165000,0.0,35.0,0.0
2018-07-23,linares,45000,0.0,35.7,0.0
2018-07-23,lucena,88000,0.0,33.9,0.0
2018-07-23,martos,68000,0.0,33.3,0.0
2018-07-23,sevilla_capital,75000,0.0,35.3,0.0
2018-07-23,ubeda,98000,0.0,34.0,0.0
2018-07-30,antequera,35000,0.0,36.6,0.0
2018-07-30,baeza,72000,0.0,37.9,0.0
2018-07-30,baza,28000,0.0,37.4,0.0
2018-07-30,cabra,52000,0.0,39.9,0.0
2018-07-30,cordoba_capital,140000,0.0,43.4,0.0
2018-07-30,ecija,42000,0.0,44.2,0.0
2018-07-30,granada_capital,55000,0.0,38.2,0.0
2018-07-30,jaen_capital,165000,0.0,39.9,0.0
2018-07-30,linares,45000,0.0,40.4,0.0
2018-07-30,lucena,88000,0.0,39.6,0.0
2018-07-30,martos,68000,0.0,38.4,0.0
2018-07-30,sevilla_capital,75000,0.0,43.3,0.0
2018-07-30,ubeda,98000,0.0,38.1,0.0
2018-08-06,antequera,35000,0.0,36.2,0.0
2018-08-06,baeza,72000,0.0,36.7,0.0
2018-08-06,baza,28000,0.0,36.8,0.0
2018-08-06,cabra,52000,0.0,38.6,0.0
2018-08-06,cordoba_capital,140000,0.0,41.8,0.0
2018-08-06,ecija,42000,0.0,41.3,0.0
2018-08-06,granada_capital,55000,0.0,36.5,0.0
2018-08-06,jaen_capital,165000,0.0,38.4,0.0
2018-08-06,linares,45000,0.0,39.4,0.0
2018-08-06,lucena,88000,0.0,37.9,0.0
2018-08-06,martos,68000,0.0,36.9,0.0
2018-08-06,sevilla_capital,75000,0.0,41.2,0.0
2018-08-06,ubeda,98000,0.0,36.9,0.0
2018-08-13,antequera,35000,0.0,34.4,0.0
2018-08-13,baeza,72000,0.0,33.0,0.0
2018-08-13,baza,28000,0.0,34.0,0.0
2018-08-13,cabra,52000,0.0,34.1,0.0
2018-08-13,cordoba_capital,140000,0.0,36.8,0.0
2018-08-13,ecija,42000,0.0,36.7,0.0
2018-08-13,granada_capital,55000,0.0,34.0,0.0
2018-08-13,jaen_capital,165000,0.0,34.6,0.0
2018-08-13,linares,45000,0.0,35.7,0.0
2018-08-13,lucena,88000,0.0,33.6,0.0
2018-08-13,martos,68000,0.0,33.3,0.0
2018-08-13,sevilla_capital,75000,0.0,37.7,0.0
2018-08-13,ubeda,98000,0.0,33.3,0.0
2018-08-20,antequera,35000,0.0,33.9,0.0
2018-08-20,baeza,72000,0.0,34.0,0.0
2018-08-20,baza,28000,0.0,34.8,0.0
2018-08-20,cabra,52000,0.0,35.7,0.0
2018-08-20,cordoba_capital,140000,0.0,38.4,0.0
2018-08-20,ecija,42000,0.0,38.9,0.0
2018-08-20,granada_capital,55000,0.0,34.4,0.0
2018-08-20,jaen_capital,165000,0.0,36.4,0.0
2018-08-20,linares,45000,0.0,36.5,0.0
2018-08-20,lucena,88000,0.0,34.8,0.0
2018-08-20,martos,68000,0.0,35.0,0.0
2018-08-20,sevilla_capital,75000,0.0,38.1,0.0
2018-08-20,ubeda,98000,0.0,34.3,0.0
2018-08-27,antequera,35000,0.0,32.6,0.0
2018-08-27,baeza,72000,0.0,36.8,0.0
2018-08-27,baza,28000,0.0,35.9,0.0
2018-08-27,cabra,52000,0.0,38.6,0.0
2018-08-27,cordoba_capital,140000,0.0,40.3,0.0
2018-08-27,ecija,42000,0.0,40.0,0.0
2018-08-27,granada_capital,55000,0.0,37.1,0.0
2018-08-27,jaen_capital,165000,0.0,38.6,0.0
2018-08-27,linares,45000,0.0,39.3,0.0
2018-08-27,lucena,88000,0.0,36.9,0.0
2018-08-27,martos,68000,0.0,37.4,0.0
2018-08-27,sevilla_capital,75000,0.0,39.8,0.0
2018-08-27,ubeda,98000,0.0,37.2,0.0
2018-09-03,antequera,35000,0.0,30.9,0.0
2018-09-03,baeza,72000,0.0,30.0,0.0
2018-09-03,baza,28000,0.0,33.0,0.0
2018-09-03,cabra,52000,0.0,32.3,0.0
2018-09-03,cordoba_capital,140000,0.0,33.0,0.0
2018-09-03,ecija,42000,0.0,33.0,0.0
2018-09-03,granada_capital,55000,0.0,31.6,0.0
2018-09-03,jaen_capital,165000,0.0,31.9,0.0
2018-09-03,linares,45000,0.0,32.9,0.0
2018-09-03,lucena,88000,0.0,31.4,0.0
2018-09-03,martos,68000,0.0,30.7,0.0
2018-09-03,sevilla_capital,75000,0.0,31.0,0.0
2018-09-03,ubeda,98000,0.0,30.9,0.0
2018-09-10,antequera,35000,0.0,29.6,0.0
2018-09-10,baeza,72000,0.0,28.4,0.0
2018-09-10,baza,28000,0.0,26.5,0.0
2018-09-10,cabra,52000,0.0,30.2,0.0
2018-09-10,cordoba_capital,140000,0.0,33.3,0.0
2018-09-10,ecija,42000,0.0,33.2,0.0
2018-09-10,granada_capital,55000,0.0,28.9,0.0
2018-09-10,jaen_capital,165000,0.0,29.7,0.0
2018-09-10,linares,45000,0.0,31.9,0.0
2018-09-10,lucena,88000,0.0,29.6,0.0
2018-09-10,martos,68000,0.0,29.2,0.0
2018-09-10,sevilla_capital,75000,0.0,33.5,0.0
2018-09-10,ubeda,98000,0.0,28.7,0.0
2018-09-17,antequera,35000,0.0,30.1,0.0
2018-09-17,baeza,72000,0.0,31.4,0.0
2018-09-17,baza,28000,0.0,29.8,0.0
2018-09-17,cabra,52000,0.0,32.7,0.0
2018-09-17,cordoba_capital,140000,0.0,36.5,0.0
2018-09-17,ecija,42000,0.0,36.3,0.0
2018-09-17,granada_capital,55000,0.0,31.6,0.0
2018-09-17,jaen_capital,165000,0.0,32.9,0.0
2018-09-17,linares,45000,0.0,34.7,0.0
2018-09-17,lucena,88000,0.0,32.0,0.0
2018-09-17,martos,68000,0.0,31.8,0.0
2018-09-17,sevilla_capital,75000,0.0,37.2,0.0
2018-09-17,ubeda,98000,0.0,31.7,0.0
2018-09-24,antequera,35000,0.0,30.8,0.0
2018-09-24,baeza,72000,0.0,31.9,0.0
2018-09-24,baza,28000,0.0,30.7,0.0
2018-09-24,cabra,52000,0.0,32.7,0.0
2018-09-24,cordoba_capital,140000,0.0,36.8,0.0
2018-09-24,ecija,42000,0.0,36.8,0.0
2018-09-24,granada_capital,55000,0.0,31.9,0.0
2018-09-24,jaen_capital,165000,0.0,33.3,0.0
2018-09-24,linares,45000,0.0,35.2,0.0
2018-09-24,lucena,88000,0.0,32.2,0.0
2018-09-24,martos,68000,0.0,32.0,0.0
2018-09-24,sevilla_capital,75000,0.0,37.6,0.0
2018-09-24,ubeda,98000,0.0,32.3,0.0
2018-10-01,antequera,35000,0.0,29.6,0.0
2018-10-01,baeza,72000,0.0,26.6,0.0
2018-10-01,baza,28000,0.0,27.2,0.0
2018-10-01,cabra,52000,0.0,28.9,0.0
2018-10-01,cordoba_capital,140000,0.0,33.3,0.0
2018-10-01,ecija,42000,0.0,33.2,0.0
2018-10-01,granada_capital,55000,0.0,27.7,0.0
2018-10-01,jaen_capital,165000,0.0,28.3,0.0
2018-10-01,linares,45000,0.0,29.6,0.0
2018-10-01,lucena,88000,0.0,28.3,0.0
2018-10-01,martos,68000,0.0,27.4,0.0
2018-10-01,sevilla_capital,75000,0.0,33.9,0.0
2018-10-01,ubeda,98000,0.0,27.1,0.0
2018-10-08,antequera,35000,0.0,25.1,0.0
2018-10-08,baeza,72000,0.0,26.7,0.0
2018-10-08,baza,28000,0.0,27.2,0.0
2018-10-08,cabra,52000,0.0,28.6,0.0
2018-10-08,cordoba_capital,140000,0.0,30.6,0.0
2018-10-08,ecija,42000,0.0,31.8,0.0
2018-10-08,granada_capital,55000,0.0,27.0,0.0
2018-10-08,jaen_capital,165000,0.0,28.7,0.0
2018-10-08,linares,45000,0.0,29.6,0.0
2018-10-08,lucena,88000,0.0,27.2,0.0
2018-10-08,martos,68000,0.0,27.5,0.0
2018-10-08,sevilla_capital,75000,0.0,31.1,0.0
2018-10-08,ubeda,98000,0.0,27.1,0.0
2018-10-15,antequera,35000,0.0,22.9,0.0
2018-10-15,baeza,72000,0.0,22.1,0.0
2018-10-15,baza,28000,0.0,20.7,0.0
2018-10-15,cabra,52000,0.0,23.3,0.0
2018-10-15,cordoba_capital,140000,0.0,24.9,0.0
2018-10-15,ecija,42000,0.0,25.6,0.0
2018-10-15,granada_capital,55000,0.0,22.6,0.0
2018-10-15,jaen_capital,165000,0.0,24.0,0.0
2018-10-15,linares,45000,0.0,25.3,0.0
2018-10-15,lucena,88000,0.0,22.7,0.0
2018-10-15,martos,68000,0.0,23.0,0.0
2018-10-15,sevilla_capital,75000,0.0,25.5,0.0
2018-10-15,ubeda,98000,0.0,22.4,0.0
2018-10-22,antequera,35000,0.0,22.7,0.0
2018-10-22,baeza,72000,0.0,22.9,0.0
2018-10-22,baza,28000,0.0,23.2,0.0
2018-10-22,cabra,52000,0.0,24.4,0.0
2018-10-22,cordoba_capital,140000,0.0,25.6,0.0
2018-10-22,ecija,42000,0.0,26.5,0.0
2018-10-22,granada_capital,55000,0.0,23.4,0.0
2018-10-22,jaen_capital,165000,0.0,24.2,0.0
2018-10-22,linares,45000,0.0,25.8,0.0
2018-10-22,lucena,88000,0.0,24.0,0.0
2018-10-22,martos,68000,0.0,23.1,0.0
2018-10-22,sevilla_capital,75000,0.0,25.6,0.0
2018-10-22,ubeda,98000,0.0,23.2,0.0
2018-10-29,antequera,35000,0.0,19.1,0.0
2018-10-29,baeza,72000,0.0,15.3,0.0
2018-10-29,baza,28000,0.0,17.6,0.0
2018-10-29,cabra,52000,0.0,18.9,0.0
2018-10-29,cordoba_capital,140000,0.0,20.1,0.0
2018-10-29,ecija,42000,0.0,20.5,0.0
2018-10-29,granada_capital,55000,0.0,17.5,0.0
2018-10-29,jaen_capital,165000,0.0,17.8,0.0
2018-10-29,linares,45000,0.0,17.7,0.0
2018-10-29,lucena,88000,0.0,18.2,0.0
2018-10-29,martos,68000,0.0,17.2,0.0
2018-10-29,sevilla_capital,75000,0.0,21.0,0.0
2018-10-29,ubeda,98000,0.0,15.5,0.0
2018-11-05,antequera,35000,0.0,19.6,0.0
2018-11-05,baeza,72000,0.0,17.3,0.0
2018-11-05,baza,28000,0.0,20.3,0.0
2018-11-05,cabra,52000,0.0,20.9,0.0
2018-11-05,cordoba_capital,140000,0.0,20.1,0.0
2018-11-05,ecija,42000,0.0,21.8,0.0
2018-11-05,granada_capital,55000,0.0,19.8,0.0
2018-11-05,jaen_capital,165000,0.0,20.3,0.0
2018-11-05,linares,45000,0.0,19.3,0.0
2018-11-05,lucena,88000,0.0,20.0,0.0
2018-11-05,martos,68000,0.0,19.6,0.0
2018-11-05,sevilla_capital,75000,0.0,20.5,0.0
2018-11-05,ubeda,98000,0.0,17.5,0.0
2018-11-12,antequera,35000,0.0,18.5,0.0
2018-11-12,baeza,72000,0.0,18.5,0.0
2018-11-12,baza,28000,0.0,19.8,0.0
2018-11-12,cabra,52000,0.0,20.2,0.0
2018-11-12,cordoba_capital,140000,0.0,21.3,0.0
2018-11-12,ecija,42000,0.0,22.1,0.0
2018-11-12,granada_capital,55000,0.0,20.0,0.0
2018-11-12,jaen_capital,165000,0.0,20.7,0.0
2018-11-12,linares,45000,0.0,21.0,0.0
2018-11-12,lucena,88000,0.0,19.4,0.0
2018-11-12,martos,68000,0.0,19.7,0.0
2018-11-12,sevilla_capital,75000,0.0,22.2,0.0
2018-11-12,ubeda,98000,0.0,18.7,0.0
2018-11-19,antequera,35000,0.0,15.7,0.0
2018-11-19,baeza,72000,0.0,11.7,0.0
2018-11-19,baza,28000,0.0,12.9,0.0
2018-11-19,cabra,52000,0.0,14.6,0.0
2018-11-19,cordoba_capital,140000,0.0,16.6,0.0
2018-11-19,ecija,42000,0.0,17.6,0.0
2018-11-19,granada_capital,55000,0.0,12.7,0.0
2018-11-19,jaen_capital,165000,0.0,14.4,0.0
2018-11-19,linares,45000,0.0,14.2,0.0
2018-11-19,lucena,88000,0.0,14.3,0.0
2018-11-19,martos,68000,0.0,13.6,0.0
2018-11-19,sevilla_capital,75000,0.0,18.5,0.0
2018-11-19,ubeda,98000,0.0,12.0,0.0
2018-11-26,antequera,35000,0.0,19.5,0.0
2018-11-26,baeza,72000,0.0,15.1,0.0
2018-11-26,baza,28000,0.0,18.2,0.0
2018-11-26,cabra,52000,0.0,18.7,0.0
2018-11-26,cordoba_capital,140000,0.0,18.1,0.0
2018-11-26,ecija,42000,0.0,18.5,0.0
2018-11-26,granada_capital,55000,0.0,19.5,0.0
2018-11-26,jaen_capital,165000,0.0,17.3,0.0
2018-11-26,linares,45000,0.0,17.1,0.0
2018-11-26,lucena,88000,0.0,17.9,0.0
2018-11-26,martos,68000,0.0,16.8,0.0
2018-11-26,sevilla_capital,75000,0.0,18.4,0.0
2018-11-26,ubeda,98000,0.0,15.5,0.0
2018-12-03,antequera,35000,0.0,22.4,0.0
2018-12-03,baeza,72000,0.0,19.3,0.0
2018-12-03,baza,28000,0.0,21.3,0.0
2018-12-03,cabra,52000,0.0,22.1,0.0
2018-12-03,cordoba_capital,140000,0.0,22.3,0.0
2018-12-03,ecija,42000,0.0,22.4,0.0
2018-12-03,granada_capital,55000,0.0,22.3,0.0
2018-12-03,jaen_capital,165000,0.0,21.4,0.0
2018-12-03,linares,45000,0.0,21.6,0.0
2018-12-03,lucena,88000,0.0,21.6,0.0
2018-12-03,martos,68000,0.0,20.8,0.0
2018-12-03,sevilla_capital,75000,0.0,22.2,0.0
2018-12-03,ubeda,98000,0.0,19.5,0.0
2018-12-10,antequera,35000,0.0,19.4,0.0
2018-12-10,baeza,72000,0.0,16.9,0.0
2018-12-10,baza,28000,0.0,18.7,0.0
2018-12-10,cabra,52000,0.0,20.9,0.0
2018-12-10,cordoba_capital,140000,0.0,20.6,0.0
2018-12-10,ecija,42000,0.0,21.6,0.0
2018-12-10,granada_capital,55000,0.0,20.2,0.0
2018-12-10,jaen_capital,165000,0.0,19.5,0.0
2018-12-10,linares,45000,0.0,19.0,0.0
2018-12-10,lucena,88000,0.0,20.5,0.0
2018-12-10,martos,68000,0.0,19.3,0.0
2018-12-10,sevilla_capital,75000,0.0,21.4,0.0
2018-12-10,ubeda,98000,0.0,17.2,0.0
2018-12-17,antequera,35000,0.0,16.9,0.0
2018-12-17,baeza,72000,0.0,15.6,0.0
2018-12-17,baza,28000,0.0,17.8,0.0
2018-12-17,cabra,52000,0.0,18.9,0.0
2018-12-17,cordoba_capital,140000,0.0,18.4,0.0
2018-12-17,ecija,42000,0.0,19.2,0.0
2018-12-17,granada_capital,55000,0.0,18.2,0.0
2018-12-17,jaen_capital,165000,0.0,17.5,0.0
2018-12-17,linares,45000,0.0,17.6,0.0
2018-12-17,lucena,88000,0.0,17.9,0.0
2018-12-17,martos,68000,0.0,16.9,0.0
2018-12-17,sevilla_capital,75000,0.0,18.6,0.0
2018-12-17,ubeda,98000,0.0,15.9,0.0
2018-12-24,antequera,35000,0.0,18.7,0.0
2018-12-24,baeza,72000,0.0,16.5,0.0
2018-12-24,baza,28000,0.0,19.5,0.0
2018-12-24,cabra,52000,0.0,19.8,0.0
2018-12-24,cordoba_capital,140000,0.0,19.4,0.0
2018-12-24,ecija,42000,0.0,19.2,0.0
2018-12-24,granada_capital,55000,0.0,20.7,0.0
2018-12-24,jaen_capital,165000,0.0,18.5,0.0
2018-12-24,linares,45000,0.0,18.3,0.0
2018-12-24,lucena,88000,0.0,18.8,0.0
2018-12-24,martos,68000,0.0,17.9,0.0
2018-12-24,sevilla_capital,75000,0.0,18.6,0.0
2018-12-24,ubeda,98000,0.0,16.8,0.0
2018-12-31,antequera,35000,0.0,16.8,0.0
2018-12-31,baeza,72000,0.0,14.2,0.0
2018-12-31,baza,28000,0.0,15.7,0.0
2018-12-31,cabra,52000,0.0,17.1,0.0
2018-12-31,cordoba_capital,140000,0.0,17.6,0.0
2018-12-31,ecija,42000,0.0,18.1,0.0
2018-12-31,granada_capital,55000,0.0,16.7,0.0
2018-12-31,jaen_capital,165000,0.0,15.8,0.0
2018-12-31,linares,45000,0.0,16.4,0.0
2018-12-31,lucena,88000,0.0,16.8,0.0
2018-12-31,martos,68000,0.0,15.1,0.0
2018-12-31,sevilla_capital,75000,0.0,17.9,0.0
2018-12-31,ubeda,98000,0.0,14.5,0.0
2019-01-07,antequera,35000,0.0,14.6,0.0
2019-01-07,baeza,72000,0.0,11.2,0.0
2019-01-07,baza,28000,0.0,13.6,0.0
2019-01-07,cabra,52000,0.0,14.0,0.0
2019-01-07,cordoba_capital,140000,0.0,15.6,0.0
2019-01-07,ecija,42000,0.0,15.7,0.0
2019-01-07,granada_capital,55000,0.0,14.1,0.0
2019-01-07,jaen_capital,165000,0.0,12.9,0.0
2019-01-07,linares,45000,0.0,13.6,0.0
2019-01-07,lucena,88000,0.0,13.5,0.0
2019-01-07,martos,68000,0.0,12.4,0.0
2019-01-07,sevilla_capital,75000,0.0,16.6,0.0
2019-01-07,ubeda,98000,0.0,11.4,0.0
2019-01-14,antequera,35000,0.0,14.9,0.0
2019-01-14,baeza,72000,0.0,12.5,0.0
2019-01-14,baza,28000,0.0,14.1,0.0
2019-01-14,cabra,52000,0.0,14.8,0.0
2019-01-14,cordoba_capital,140000,0.0,16.6,0.0
2019-01-14,ecija,42000,0.0,15.7,0.0
2019-01-14,granada_capital,55000,0.0,15.6,0.0
2019-01-14,jaen_capital,165000,0.0,14.2,0.0
2019-01-14,linares,45000,0.0,14.8,0.0
2019-01-14,lucena,88000,0.0,14.0,0.0
2019-01-14,martos,68000,0.0,13.4,0.0
2019-01-14,sevilla_capital,75000,0.0,16.5,0.0
2019-01-14,ubeda,98000,0.0,12.9,0.0
2019-01-21,antequera,35000,0.0,17.1,0.0
2019-01-21,baeza,72000,0.0,13.6,0.0
2019-01-21,baza,28000,0.0,17.2,0.0
2019-01-21,cabra,52000,0.0,17.6,0.0
2019-01-21,cordoba_capital,140000,0.0,18.7,0.0
2019-01-21,ecija,42000,0.0,18.8,0.0
2019-01-21,granada_capital,55000,0.0,15.9,0.0
2019-01-21,jaen_capital,165000,0.0,15.9,0.0
2019-01-21,linares,45000,0.0,16.3,0.0
2019-01-21,lucena,88000,0.0,16.9,0.0
2019-01-21,martos,68000,0.0,15.6,0.0
2019-01-21,sevilla_capital,75000,0.0,19.5,0.0
2019-01-21,ubeda,98000,0.0,13.6,0.0
2019-01-28,antequera,35000,0.0,12.8,0.0
2019-01-28,baeza,72000,0.0,10.2,0.0
2019-01-28,baza,28000,0.0,11.2,0.0
2019-01-28,cabra,52000,0.0,13.1,0.0
2019-01-28,cordoba_capital,140000,0.0,15.9,0.0
2019-01-28,ecija,42000,0.0,16.5,0.0
2019-01-28,granada_capital,55000,0.0,10.6,0.0
2019-01-28,jaen_capital,165000,0.0,12.6,0.0
2019-01-28,linares,45000,0.0,13.3,0.0
2019-01-28,lucena,88000,0.0,12.5,0.0
2019-01-28,martos,68000,0.0,11.9,0.0
2019-01-28,sevilla_capital,75000,0.0,17.2,0.0
2019-01-28,ubeda,98000,0.0,10.3,0.0
2019-02-04,antequera,35000,0.0,17.3,0.0
2019-02-04,baeza,72000,0.0,14.9,0.0
2019-02-04,baza,28000,0.0,17.7,0.0
2019-02-04,cabra,52000,0.0,18.1,0.0
2019-02-04,cordoba_capital,140000,0.0,18.6,0.0
2019-02-04,ecija,42000,0.0,19.2,0.0
2019-02-04,granada_capital,55000,0.0,16.7,0.0
2019-02-04,jaen_capital,165000,0.0,17.2,0.0
2019-02-04,linares,45000,0.0,17.2,0.0
2019-02-04,lucena,88000,0.0,17.5,0.0
2019-02-04,martos,68000,0.0,16.4,0.0
2019-02-04,sevilla_capital,75000,0.0,19.4,0.0
2019-02-04,ubeda,98000,0.0,15.1,0.0
2019-02-11,antequera,35000,0.0,16.8,0.0
2019-02-11,baeza,72000,0.0,16.8,0.0
2019-02-11,baza,28000,0.0,17.2,0.0
2019-02-11,cabra,52000,0.0,18.4,0.0
2019-02-11,cordoba_capital,140000,0.0,19.4,0.0
2019-02-11,ecija,42000,0.0,20.1,0.0
2019-02-11,granada_capital,55000,0.0,18.2,0.0
2019-02-11,jaen_capital,165000,0.0,18.3,0.0
2019-02-11,linares,45000,0.0,19.2,0.0
2019-02-11,lucena,88000,0.0,17.4,0.0
2019-02-11,martos,68000,0.0,17.6,0.0
2019-02-11,sevilla_capital,75000,0.0,20.6,0.0
2019-02-11,ubeda,98000,0.0,17.1,0.0
2019-02-18,antequera,35000,0.0,20.3,0.0
2019-02-18,baeza,72000,0.0,18.2,0.0
2019-02-18,baza,28000,0.0,20.3,0.0
2019-02-18,cabra,52000,0.0,20.6,0.0
2019-02-18,cordoba_capital,140000,0.0,21.9,0.0
2019-02-18,ecija,42000,0.0,22.8,0.0
2019-02-18,granada_capital,55000,0.0,19.5,0.0
2019-02-18,jaen_capital,165000,0.0,20.6,0.0
2019-02-18,linares,45000,0.0,20.8,0.0
2019-02-18,lucena,88000,0.0,19.4,0.0
2019-02-18,martos,68000,0.0,19.7,0.0
2019-02-18,sevilla_capital,75000,0.0,23.6,0.0
2019-02-18,ubeda,98000,0.0,18.3,0.0
2019-02-25,antequera,35000,0.0,21.1,0.0
2019-02-25,baeza,72000,0.0,19.3,0.0
2019-02-25,baza,28000,0.0,22.2,0.0
2019-02-25,cabra,52000,0.0,21.9,0.0
2019-02-25,cordoba_capital,140000,0.0,23.6,0.0
2019-02-25,ecija,42000,0.0,24.8,0.0
2019-02-25,granada_capital,55000,0.0,20.9,0.0
2019-02-25,jaen_capital,165000,0.0,21.4,0.0
2019-02-25,linares,45000,0.0,22.0,0.0
2019-02-25,lucena,88000,0.0,21.5,0.0
2019-02-25,martos,68000,0.0,20.5,0.0
2019-02-25,sevilla_capital,75000,0.0,24.8,0.0
2019-02-25,ubeda,98000,0.0,19.5,0.0
2019-03-04,antequera,35000,0.0,21.5,0.0
2019-03-04,baeza,72000,0.0,19.0,0.0
2019-03-04,baza,28000,0.0,21.8,0.0
2019-03-04,cabra,52000,0.0,21.4,0.0
2019-03-04,cordoba_capital,140000,0.0,24.0,0.0
2019-03-04,ecija,42000,0.0,24.0,0.0
2019-03-04,granada_capital,55000,0.0,21.5,0.0
2019-03-04,jaen_capital,165000,0.0,20.9,0.0
2019-03-04,linares,45000,0.0,22.0,0.0
2019-03-04,lucena,88000,0.0,21.0,0.0
2019-03-04,martos,68000,0.0,20.2,0.0
2019-03-04,sevilla_capital,75000,0.0,24.8,0.0
2019-03-04,ubeda,98000,0.0,19.2,0.0
2019-03-11,antequera,35000,0.0,24.0,0.0
2019-03-11,baeza,72000,0.0,21.7,0.0
2019-03-11,baza,28000,0.0,24.1,0.0
2019-03-11,cabra,52000,0.0,23.8,0.0
2019-03-11,cordoba_capital,140000,0.0,26.1,0.0
2019-03-11,ecija,42000,0.0,27.6,0.0
2019-03-11,granada_capital,55000,0.0,23.2,0.0
2019-03-11,jaen_capital,165000,0.0,23.6,0.0
2019-03-11,linares,45000,0.0,24.4,0.0
2019-03-11,lucena,88000,0.0,23.1,0.0
2019-03-11,martos,68000,0.0,22.6,0.0
2019-03-11,sevilla_capital,75000,0.0,26.7,0.0
2019-03-11,ubeda,98000,0.0,22.0,0.0
2019-03-18,antequera,35000,0.0,18.7,0.0
2019-03-18,baeza,72000,0.0,17.4,0.0
2019-03-18,baza,28000,0.0,16.5,0.0
2019-03-18,cabra,52000,0.0,19.4,0.0
2019-03-18,cordoba_capital,140000,0.0,22.6,0.0
2019-03-18,ecija,42000,0.0,23.1,0.0
2019-03-18,granada_capital,55000,0.0,18.4,0.0
2019-03-18,jaen_capital,165000,0.0,19.2,0.0
2019-03-18,linares,45000,0.0,20.4,0.0
2019-03-18,lucena,88000,0.0,18.5,0.0
2019-03-18,martos,68000,0.0,18.4,0.0
2019-03-18,sevilla_capital,75000,0.0,23.6,0.0
2019-03-18,ubeda,98000,0.0,17.7,0.0
2019-03-25,antequera,35000,0.0,20.0,0.0
2019-03-25,baeza,72000,0.0,19.8,0.0
2019-03-25,baza,28000,0.0,19.4,0.0
2019-03-25,cabra,52000,0.0,23.7,0.0
2019-03-25,cordoba_capital,140000,0.0,26.1,0.0
2019-03-25,ecija,42000,0.0,26.0,0.0
2019-03-25,granada_capital,55000,0.0,21.9,0.0
2019-03-25,jaen_capital,165000,0.0,22.0,0.0
2019-03-25,linares,45000,0.0,22.6,0.0
2019-03-25,lucena,88000,0.0,22.9,0.0
2019-03-25,martos,68000,0.0,21.5,0.0
2019-03-25,sevilla_capital,75000,0.0,26.5,0.0
2019-03-25,ubeda,98000,0.0,20.1,0.0
2019-04-01,antequera,35000,0.0,21.0,0.0
2019-04-01,baeza,72000,0.0,17.3,0.0
2019-04-01,baza,28000,0.0,19.6,0.0
2019-04-01,cabra,52000,0.0,19.6,0.0
2019-04-01,cordoba_capital,140000,0.0,22.3,0.0
2019-04-01,ecija,42000,0.0,23.4,0.0
2019-04-01,granada_capital,55000,0.0,19.4,0.0
2019-04-01,jaen_capital,165000,0.0,19.7,0.0
2019-04-01,linares,45000,0.0,20.3,0.0
2019-04-01,lucena,88000,0.0,19.5,0.0
2019-04-01,martos,68000,0.0,18.8,0.0
2019-04-01,sevilla_capital,75000,0.0,22.9,0.0
2019-04-01,ubeda,98000,0.0,17.5,0.0
2019-04-08,antequera,35000,0.0,24.4,0.0
2019-04-08,baeza,72000,0.0,20.2,0.0
2019-04-08,baza,28000,0.0,22.9,0.0
2019-04-08,cabra,52000,0.0,23.3,0.0
2019-04-08,cordoba_capital,140000,0.0,24.9,0.0
2019-04-08,ecija,42000,0.0,26.2,0.0
2019-04-08,granada_capital,55000,0.0,23.1,0.0
2019-04-08,jaen_capital,165000,0.0,22.5,0.0
2019-04-08,linares,45000,0.0,22.9,0.0
2019-04-08,lucena,88000,0.0,23.2,0.0
2019-04-08,martos,68000,0.0,21.8,0.0
2019-04-08,sevilla_capital,75000,0.0,26.7,0.0
2019-04-08,ubeda,98000,0.0,20.4,0.0
2019-04-15,antequera,35000,0.0,25.7,0.0
2019-04-15,baeza,72000,0.0,26.7,0.0
2019-04-15,baza,28000,0.0,26.5,0.0
2019-04-15,cabra,52000,0.0,25.2,0.0
2019-04-15,cordoba_capital,140000,0.0,26.4,0.0
2019-04-15,ecija,42000,0.0,27.0,0.0
2019-04-15,granada_capital,55000,0.0,26.2,0.0
2019-04-15,jaen_capital,165000,0.0,28.3,0.0
2019-04-15,linares,45000,0.0,29.3,0.0
2019-04-15,lucena,88000,0.0,24.7,0.0
2019-04-15,martos,68000,0.0,26.3,0.0
2019-04-15,sevilla_capital,75000,0.0,26.0,0.0
2019-04-15,ubeda,98000,0.0,26.7,0.0
2019-04-22,antequera,35000,0.0,21.1,0.0
2019-04-22,baeza,72000,0.0,23.0,0.0
2019-04-22,baza,28000,0.0,21.7,0.0
2019-04-22,cabra,52000,0.0,24.6,0.0
2019-04-22,cordoba_capital,140000,0.0,27.1,0.0
2019-04-22,ecija,42000,0.0,27.3,0.0
2019-04-22,granada_capital,55000,0.0,24.1,0.0
2019-04-22,jaen_capital,165000,0.0,25.1,0.0
2019-04-22,linares,45000,0.0,25.9,0.0
2019-04-22,lucena,88000,0.0,24.0,0.0
2019-04-22,martos,68000,0.0,24.2,0.0
2019-04-22,sevilla_capital,75000,0.0,28.0,0.0
2019-04-22,ubeda,98000,0.0,23.1,0.0
2019-04-29,antequera,35000,0.0,25.5,0.0
2019-04-29,baeza,72000,0.0,23.9,0.0
2019-04-29,baza,28000,0.0,24.5,0.0
2019-04-29,cabra,52000,0.0,26.9,0.0
2019-04-29,cordoba_capital,140000,0.0,30.2,0.0
2019-04-29,ecija,42000,0.0,30.8,0.0
2019-04-29,granada_capital,55000,0.0,25.7,0.0
2019-04-29,jaen_capital,165000,0.0,26.3,0.0
2019-04-29,linares,45000,0.0,27.0,0.0
2019-04-29,lucena,88000,0.0,26.4,0.0
2019-04-29,martos,68000,0.0,25.6,0.0
2019-04-29,sevilla_capital,75000,0.0,31.3,0.0
2019-04-29,ubeda,98000,0.0,24.0,0.0
2019-05-06,antequera,35000,0.0,29.6,0.0
2019-05-06,baeza,72000,0.0,27.4,0.0
2019-05-06,baza,28000,0.0,29.3,0.0
2019-05-06,cabra,52000,0.0,29.3,0.0
2019-05-06,cordoba_capital,140000,0.0,33.4,0.0
2019-05-06,ecija,42000,0.0,33.1,0.0
2019-05-06,granada_capital,55000,0.0,29.0,0.0
2019-05-06,jaen_capital,165000,0.0,29.6,0.0
2019-05-06,linares,45000,0.0,30.6,0.0
2019-05-06,lucena,88000,0.0,29.0,0.0
2019-05-06,martos,68000,0.0,28.7,0.0
2019-05-06,sevilla_capital,75000,0.0,34.0,0.0
2019-05-06,ubeda,98000,0.0,27.6,0.0
2019-05-13,antequera,35000,0.0,32.0,0.0
2019-05-13,baeza,72000,0.0,29.2,0.0
2019-05-13,baza,28000,0.0,30.8,0.0
2019-05-13,cabra,52000,0.0,31.1,0.0
2019-05-13,cordoba_capital,140000,0.0,36.3,0.0
2019-05-13,ecija,42000,0.0,36.1,0.0
2019-05-13,granada_capital,55000,0.0,30.3,0.0
2019-05-13,jaen_capital,165000,0.0,31.3,0.0
2019-05-13,linares,45000,0.0,32.3,0.0
2019-05-13,lucena,88000,0.0,30.6,0.0
2019-05-13,martos,68000,0.0,29.8,0.0
2019-05-13,sevilla_capital,75000,0.0,36.4,0.0
2019-05-13,ubeda,98000,0.0,29.3,0.0
2019-05-20,antequera,35000,0.0,27.9,0.0
2019-05-20,baeza,72000,0.0,26.5,0.0
2019-05-20,baza,28000,0.0,28.1,0.0
2019-05-20,cabra,52000,0.0,28.8,0.0
2019-05-20,cordoba_capital,140000,0.0,32.4,0.0
2019-05-20,ecija,42000,0.0,32.8,0.0
2019-05-20,granada_capital,55000,0.0,27.9,0.0
2019-05-20,jaen_capital,165000,0.0,28.8,0.0
2019-05-20,linares,45000,0.0,29.6,0.0
2019-05-20,lucena,88000,0.0,28.3,0.0
2019-05-20,martos,68000,0.0,27.6,0.0
2019-05-20,sevilla_capital,75000,0.0,32.9,0.0
2019-05-20,ubeda,98000,0.0,26.8,0.0
2019-05-27,antequera,35000,0.0,31.5,0.0
2019-05-27,baeza,72000,0.0,31.4,0.0
2019-05-27,baza,28000,0.0,30.9,0.0
2019-05-27,cabra,52000,0.0,32.1,0.0
2019-05-27,cordoba_capital,140000,0.0,36.0,0.0
2019-05-27,ecija,42000,0.0,35.7,0.0
2019-05-27,granada_capital,55000,0.0,31.8,0.0
2019-05-27,jaen_capital,165000,0.0,33.0,0.0
2019-05-27,linares,45000,0.0,34.2,0.0
2019-05-27,lucena,88000,0.0,31.2,0.0
2019-05-27,martos,68000,0.0,31.5,0.0
2019-05-27,sevilla_capital,75000,0.0,36.2,0.0
2019-05-27,ubeda,98000,0.0,31.7,0.0
2019-06-03,antequera,35000,0.0,31.0,0.0
2019-06-03,baeza,72000,0.0,31.5,0.0
2019-06-03,baza,28000,0.0,32.7,0.0
2019-06-03,cabra,52000,0.0,33.2,0.0
2019-06-03,cordoba_capital,140000,0.0,36.4,0.0
2019-06-03,ecija,42000,0.0,36.5,0.0
2019-06-03,granada_capital,55000,0.0,32.2,0.0
2019-06-03,jaen_capital,165000,0.0,33.4,0.0
2019-06-03,linares,45000,0.0,34.2,0.0
2019-06-03,lucena,88000,0.0,32.3,0.0
2019-06-03,martos,68000,0.0,31.8,0.0
2019-06-03,sevilla_capital,75000,0.0,35.7,0.0
2019-06-03,ubeda,98000,0.0,31.9,0.0
2019-06-10,antequera,35000,0.0,27.9,0.0
2019-06-10,baeza,72000,0.0,27.2,0.0
2019-06-10,baza,28000,0.0,28.9,0.0
2019-06-10,cabra,52000,0.0,28.3,0.0
2019-06-10,cordoba_capital,140000,0.0,31.6,0.0
2019-06-10,ecija,42000,0.0,32.1,0.0
2019-06-10,granada_capital,55000,0.0,29.0,0.0
2019-06-10,jaen_capital,165000,0.0,29.0,0.0
2019-06-10,linares,45000,0.0,29.9,0.0
2019-06-10,lucena,88000,0.0,27.7,0.0
2019-06-10,martos,68000,0.0,27.5,0.0
2019-06-10,sevilla_capital,75000,0.0,31.0,0.0
2019-06-10,ubeda,98000,0.0,27.6,0.0
2019-06-17,antequera,35000,0.0,30.7,0.0
2019-06-17,baeza,72000,0.0,33.0,0.0
2019-06-17,baza,28000,0.0,34.2,0.0
2019-06-17,cabra,52000,0.0,32.7,0.0
2019-06-17,cordoba_capital,140000,0.0,34.5,0.0
2019-06-17,ecija,42000,0.0,34.4,0.0
2019-06-17,granada_capital,55000,0.0,33.8,0.0
2019-06-17,jaen_capital,165000,0.0,33.6,0.0
2019-06-17,linares,45000,0.0,35.0,0.0
2019-06-17,lucena,88000,0.0,32.3,0.0
2019-06-17,martos,68000,0.0,31.6,0.0
2019-06-17,sevilla_capital,75000,0.0,33.0,0.0
2019-06-17,ubeda,98000,0.0,33.8,0.0
2019-06-24,antequera,35000,0.0,34.5,0.0
2019-06-24,baeza,72000,0.0,39.4,0.0
2019-06-24,baza,28000,0.0,37.9,0.0
2019-06-24,cabra,52000,0.0,37.5,0.0
2019-06-24,cordoba_capital,140000,0.0,39.7,0.0
2019-06-24,ecija,42000,0.0,38.5,0.0
2019-06-24,granada_capital,55000,0.0,38.4,0.0
2019-06-24,jaen_capital,165000,0.0,40.1,0.0
2019-06-24,linares,45000,0.0,41.9,0.0
2019-06-24,lucena,88000,0.0,36.5,0.0
2019-06-24,martos,68000,0.0,37.3,0.0
2019-06-24,sevilla_capital,75000,0.0,36.2,0.0
2019-06-24,ubeda,98000,0.0,39.6,0.0
2019-07-01,antequera,35000,0.0,33.7,0.0
2019-07-01,baeza,72000,0.0,33.4,0.0
2019-07-01,baza,28000,0.0,36.0,0.0
2019-07-01,cabra,52000,0.0,33.7,0.0
2019-07-01,cordoba_capital,140000,0.0,35.8,0.0
2019-07-01,ecija,42000,0.0,35.1,0.0
2019-07-01,granada_capital,55000,0.0,34.4,0.0
2019-07-01,jaen_capital,165000,0.0,34.8,0.0
2019-07-01,linares,45000,0.0,35.6,0.0
2019-07-01,lucena,88000,0.0,32.9,0.0
2019-07-01,martos,68000,0.0,32.8,0.0
2019-07-01,sevilla_capital,75000,0.0,34.6,0.0
2019-07-01,ubeda,98000,0.0,34.0,0.0
2019-07-08,antequera,35000,0.0,34.1,0.0
2019-07-08,baeza,72000,0.0,37.7,0.0
2019-07-08,baza,28000,0.0,38.0,0.0
2019-07-08,cabra,52000,0.0,37.7,0.0
2019-07-08,cordoba_capital,140000,0.0,39.9,0.0
2019-07-08,ecija,42000,0.0,39.2,0.0
2019-07-08,granada_capital,55000,0.0,37.7,0.0
2019-07-08,jaen_capital,165000,0.0,39.1,0.0
2019-07-08,linares,45000,0.0,40.3,0.0
2019-07-08,lucena,88000,0.0,36.7,0.0
2019-07-08,martos,68000,0.0,37.2,0.0
2019-07-08,sevilla_capital,75000,0.0,38.7,0.0
2019-07-08,ubeda,98000,0.0,38.1,0.0
2019-07-15,antequera,35000,0.0,35.6,0.0
2019-07-15,baeza,72000,0.0,37.0,0.0
2019-07-15,baza,28000,0.0,37.0,0.0
2019-07-15,cabra,52000,0.0,37.3,0.0
2019-07-15,cordoba_capital,140000,0.0,39.6,0.0
2019-07-15,ecija,42000,0.0,39.0,0.0
2019-07-15,granada_capital,55000,0.0,37.3,0.0
2019-07-15,jaen_capital,165000,0.0,38.3,0.0
2019-07-15,linares,45000,0.0,39.6,0.0
2019-07-15,lucena,88000,0.0,36.6,0.0
2019-07-15,martos,68000,0.0,36.3,0.0
2019-07-15,sevilla_capital,75000,0.0,38.4,0.0
2019-07-15,ubeda,98000,0.0,37.3,0.0
2019-07-22,antequera,35000,0.0,33.2,0.0
2019-07-22,baeza,72000,0.0,37.0,0.0
2019-07-22,baza,28000,0.0,36.0,0.0
2019-07-22,cabra,52000,0.0,36.8,0.0
2019-07-22,cordoba_capital,140000,0.0,38.8,0.0
2019-07-22,ecija,42000,0.0,38.7,0.0
2019-07-22,granada_capital,55000,0.0,37.4,0.0
2019-07-22,jaen_capital,165000,0.0,38.8,0.0
2019-07-22,linares,45000,0.0,39.8,0.0
2019-07-22,lucena,88000,0.0,35.8,0.0
2019-07-22,martos,68000,0.0,36.9,0.0
2019-07-22,sevilla_capital,75000,0.0,37.2,0.0
2019-07-22,ubeda,98000,0.0,37.5,0.0
2019-07-29,antequera,35000,0.0,34.7,0.0
2019-07-29,baeza,72000,0.0,35.4,0.0
2019-07-29,baza,28000,0.0,36.9,0.0
2019-07-29,cabra,52000,0.0,36.0,0.0
2019-07-29,cordoba_capital,140000,0.0,38.4,0.0
2019-07-29,ecija,42000,0.0,37.8,0.0
2019-07-29,granada_capital,55000,0.0,36.2,0.0
2019-07-29,jaen_capital,165000,0.0,37.0,0.0
2019-07-29,linares,45000,0.0,38.1,0.0
2019-07-29,lucena,88000,0.0,35.5,0.0
2019-07-29,martos,68000,0.0,35.3,0.0
2019-07-29,sevilla_capital,75000,0.0,37.2,0.0
2019-07-29,ubeda,98000,0.0,35.7,0.0
2019-08-05,antequera,35000,0.0,36.2,0.0
2019-08-05,baeza,72000,0.0,35.6,0.0
2019-08-05,baza,28000,0.0,38.0,0.0
2019-08-05,cabra,52000,0.0,36.5,0.0
2019-08-05,cordoba_capital,140000,0.0,38.2,0.0
2019-08-05,ecija,42000,0.0,37.7,0.0
2019-08-05,granada_capital,55000,0.0,37.0,0.0
2019-08-05,jaen_capital,165000,0.0,37.3,0.0
2019-08-05,linares,45000,0.0,37.9,0.0
2019-08-05,lucena,88000,0.0,36.0,0.0
2019-08-05,martos,68000,0.0,35.5,0.0
2019-08-05,sevilla_capital,75000,0.0,37.4,0.0
2019-08-05,ubeda,98000,0.0,36.0,0.0
2019-08-12,antequera,35000,0.0,34.8,0.0
2019-08-12,baeza,72000,0.0,36.2,0.0
2019-08-12,baza,28000,0.0,36.4,0.0
2019-08-12,cabra,52000,0.0,38.0,0.0
2019-08-12,cordoba_capital,140000,0.0,39.8,0.0
2019-08-12,ecija,42000,0.0,40.1,0.0
2019-08-12,granada_capital,55000,0.0,36.8,0.0
2019-08-12,jaen_capital,165000,0.0,38.1,0.0
2019-08-12,linares,45000,0.0,38.8,0.0
2019-08-12,lucena,88000,0.0,37.2,0.0
2019-08-12,martos,68000,0.0,36.7,0.0
2019-08-12,sevilla_capital,75000,0.0,38.9,0.0
2019-08-12,ubeda,98000,0.0,36.5,0.0
2019-08-19,antequera,35000,0.0,34.7,0.0
2019-08-19,baeza,72000,0.0,33.8,0.0
2019-08-19,baza,28000,0.0,36.2,0.0
2019-08-19,cabra,52000,0.0,34.6,0.0
2019-08-19,cordoba_capital,140000,0.0,37.3,0.0
2019-08-19,ecija,42000,0.0,36.8,0.0
2019-08-19,granada_capital,55000,0.0,35.8,0.0
2019-08-19,jaen_capital,165000,0.0,35.5,0.0
2019-08-19,linares,45000,0.0,36.4,0.0
2019-08-19,lucena,88000,0.0,34.1,0.0
2019-08-19,martos,68000,0.0,34.3,0.0
2019-08-19,sevilla_capital,75000,0.0,37.1,0.0
2019-08-19,ubeda,98000,0.0,34.2,0.0
2019-08-26,antequera,35000,0.0,32.0,0.0
2019-08-26,baeza,72000,0.0,32.3,0.0
2019-08-26,baza,28000,0.0,32.0,0.0
2019-08-26,cabra,52000,0.0,34.8,0.0
2019-08-26,cordoba_capital,140000,0.0,37.2,0.0
2019-08-26,ecija,42000,0.0,37.2,0.0
2019-08-26,granada_capital,55000,0.0,33.0,0.0
2019-08-26,jaen_capital,165000,0.0,34.4,0.0
2019-08-26,linares,45000,0.0,35.9,0.0
2019-08-26,lucena,88000,0.0,33.7,0.0
2019-08-26,martos,68000,0.0,33.6,0.0
2019-08-26,sevilla_capital,75000,0.0,37.1,0.0
2019-08-26,ubeda,98000,0.0,32.6,0.0
2019-09-02,antequera,35000,0.0,30.0,0.0
2019-09-02,baeza,72000,0.0,32.6,0.0
2019-09-02,baza,28000,0.0,30.3,0.0
2019-09-02,cabra,52000,0.0,34.2,0.0
2019-09-02,cordoba_capital,140000,0.0,37.4,0.0
2019-09-02,ecija,42000,0.0,37.6,0.0
2019-09-02,granada_capital,55000,0.0,32.8,0.0
2019-09-02,jaen_capital,165000,0.0,34.8,0.0
2019-09-02,linares,45000,0.0,35.7,0.0
2019-09-02,lucena,88000,0.0,33.2,0.0
2019-09-02,martos,68000,0.0,33.4,0.0
2019-09-02,sevilla_capital,75000,0.0,37.0,0.0
2019-09-02,ubeda,98000,0.0,32.9,0.0
2019-09-09,antequera,35000,0.0,28.2,0.0
2019-09-09,baeza,72000,0.0,26.9,0.0
2019-09-09,baza,28000,0.0,26.8,0.0
2019-09-09,cabra,52000,0.0,29.8,0.0
2019-09-09,cordoba_capital,140000,0.0,33.9,0.0
2019-09-09,ecija,42000,0.0,33.3,0.0
2019-09-09,granada_capital,55000,0.0,28.0,0.0
2019-09-09,jaen_capital,165000,0.0,29.3,0.0
2019-09-09,linares,45000,0.0,30.4,0.0
2019-09-09,lucena,88000,0.0,29.0,0.0
2019-09-09,martos,68000,0.0,28.4,0.0
2019-09-09,sevilla_capital,75000,0.0,33.9,0.0
2019-09-09,ubeda,98000,0.0,26.8,0.0
2019-09-16,antequera,35000,0.0,26.8,0.0
2019-09-16,baeza,72000,0.0,27.1,0.0
2019-09-16,baza,28000,0.0,27.1,0.0
2019-09-16,cabra,52000,0.0,29.6,0.0
2019-09-16,cordoba_capital,140000,0.0,30.8,0.0
2019-09-16,ecija,42000,0.0,30.7,0.0
2019-09-16,granada_capital,55000,0.0,28.8,0.0
2019-09-16,jaen_capital,165000,0.0,29.3,0.0
2019-09-16,linares,45000,0.0,29.8,0.0
2019-09-16,lucena,88000,0.0,28.5,0.0
2019-09-16,martos,68000,0.0,28.4,0.0
2019-09-16,sevilla_capital,75000,0.0,30.0,0.0
2019-09-16,ubeda,98000,0.0,27.3,0.0
2019-09-23,antequera,35000,0.0,28.9,0.0
2019-09-23,baeza,72000,0.0,29.1,0.0
2019-09-23,baza,28000,0.0,31.3,0.0
2019-09-23,cabra,52000,0.0,32.2,0.0
2019-09-23,cordoba_capital,140000,0.0,34.3,0.0
2019-09-23,ecija,42000,0.0,34.7,0.0
2019-09-23,granada_capital,55000,0.0,31.8,0.0
2019-09-23,jaen_capital,165000,0.0,31.3,0.0
2019-09-23,linares,45000,0.0,31.7,0.0
2019-09-23,lucena,88000,0.0,31.0,0.0
2019-09-23,martos,68000,0.0,30.6,0.0
2019-09-23,sevilla_capital,75000,0.0,33.7,0.0
2019-09-23,ubeda,98000,0.0,29.5,0.0
2019-09-30,antequera,35000,0.0,29.8,0.0
2019-09-30,baeza,72000,0.0,28.3,0.0
2019-09-30,baza,28000,0.0,30.4,0.0
2019-09-30,cabra,52000,0.0,31.4,0.0
2019-09-30,cordoba_capital,140000,0.0,33.4,0.0
2019-09-30,ecija,42000,0.0,33.5,0.0
2019-09-30,granada_capital,55000,0.0,31.0,0.0
2019-09-30,jaen_capital,165000,0.0,30.3,0.0
2019-09-30,linares,45000,0.0,30.9,0.0
2019-09-30,lucena,88000,0.0,30.2,0.0
2019-09-30,martos,68000,0.0,29.7,0.0
2019-09-30,sevilla_capital,75000,0.0,32.8,0.0
2019-09-30,ubeda,98000,0.0,28.7,0.0
2019-10-07,antequera,35000,0.0,30.6,0.0
2019-10-07,baeza,72000,0.0,28.6,0.0
2019-10-07,baza,28000,0.0,30.2,0.0
2019-10-07,cabra,52000,0.0,31.5,0.0
2019-10-07,cordoba_capital,140000,0.0,34.1,0.0
2019-10-07,ecija,42000,0.0,33.6,0.0
2019-10-07,granada_capital,55000,0.0,31.6,0.0
2019-10-07,jaen_capital,165000,0.0,30.7,0.0
2019-10-07,linares,45000,0.0,31.4,0.0
2019-10-07,lucena,88000,0.0,30.5,0.0
2019-10-07,martos,68000,0.0,29.7,0.0
2019-10-07,sevilla_capital,75000,0.0,33.1,0.0
2019-10-07,ubeda,98000,0.0,29.1,0.0
2019-10-14,antequera,35000,0.0,24.5,0.0
2019-10-14,baeza,72000,0.0,22.1,0.0
2019-10-14,baza,28000,0.0,24.8,0.0
2019-10-14,cabra,52000,0.0,24.6,0.0
2019-10-14,cordoba_capital,140000,0.0,25.8,0.0
2019-10-14,ecija,42000,0.0,25.8,0.0
2019-10-14,granada_capital,55000,0.0,25.3,0.0
2019-10-14,jaen_capital,165000,0.0,24.6,0.0
2019-10-14,linares,45000,0.0,24.5,0.0
2019-10-14,lucena,88000,0.0,23.4,0.0
2019-10-14,martos,68000,0.0,23.5,0.0
2019-10-14,sevilla_capital,75000,0.0,25.7,0.0
2019-10-14,ubeda,98000,0.0,22.5,0.0
2019-10-21,antequera,35000,0.0,23.5,0.0
2019-10-21,baeza,72000,0.0,22.6,0.0
2019-10-21,baza,28000,0.0,24.1,0.0
2019-10-21,cabra,52000,0.0,25.9,0.0
2019-10-21,cordoba_capital,140000,0.0,26.9,0.0
2019-10-21,ecija,42000,0.0,28.3,0.0
2019-10-21,granada_capital,55000,0.0,24.8,0.0
2019-10-21,jaen_capital,165000,0.0,24.8,0.0
2019-10-21,linares,45000,0.0,25.2,0.0
2019-10-21,lucena,88000,0.0,25.0,0.0
2019-10-21,martos,68000,0.0,24.2,0.0
2019-10-21,sevilla_capital,75000,0.0,27.3,0.0
2019-10-21,ubeda,98000,0.0,22.9,0.0
2019-10-28,antequera,35000,0.0,23.7,0.0
2019-10-28,baeza,72000,0.0,20.0,0.0
2019-10-28,baza,28000,0.0,22.3,0.0
2019-10-28,cabra,52000,0.0,23.0,0.0
2019-10-28,cordoba_capital,140000,0.0,26.6,0.0
2019-10-28,ecija,42000,0.0,26.9,0.0
2019-10-28,granada_capital,55000,0.0,22.2,0.0
2019-10-28,jaen_capital,165000,0.0,22.2,0.0
2019-10-28,linares,45000,0.0,23.3,0.0
2019-10-28,lucena,88000,0.0,22.5,0.0
2019-10-28,martos,68000,0.0,21.4,0.0
2019-10-28,sevilla_capital,75000,0.0,27.5,0.0
2019-10-28,ubeda,98000,0.0,20.0,0.0
2019-11-04,antequera,35000,0.0,19.3,0.0
2019-11-04,baeza,72000,0.0,14.9,0.0
2019-11-04,baza,28000,0.0,17.2,0.0
2019-11-04,cabra,52000,0.0,18.3,0.0
2019-11-04,cordoba_capital,140000,0.0,20.3,0.0
2019-11-04,ecija,42000,0.0,21.2,0.0
2019-11-04,granada_capital,55000,0.0,15.7,0.0
2019-11-04,jaen_capital,165000,0.0,17.6,0.0
2019-11-04,linares,45000,0.0,17.7,0.0
2019-11-04,lucena,88000,0.0,17.7,0.0
2019-11-04,martos,68000,0.0,16.9,0.0
2019-11-04,sevilla_capital,75000,0.0,21.9,0.0
2019-11-04,ubeda,98000,0.0,15.0,0.0
2019-11-11,antequera,35000,0.0,16.9,0.0
2019-11-11,baeza,72000,0.0,13.5,0.0
2019-11-11,baza,28000,0.0,13.4,0.0
2019-11-11,cabra,52000,0.0,16.8,0.0
2019-11-11,cordoba_capital,140000,0.0,20.0,0.0
2019-11-11,ecija,42000,0.0,20.7,0.0
2019-11-11,granada_capital,55000,0.0,13.5,0.0
2019-11-11,jaen_capital,165000,0.0,15.7,0.0
2019-11-11,linares,45000,0.0,16.8,0.0
2019-11-11,lucena,88000,0.0,16.1,0.0
2019-11-11,martos,68000,0.0,15.0,0.0
2019-11-11,sevilla_capital,75000,0.0,21.4,0.0
2019-11-11,ubeda,98000,0.0,13.4,0.0
2019-11-18,antequera,35000,0.0,14.1,0.0
2019-11-18,baeza,72000,0.0,11.2,0.0
2019-11-18,baza,28000,0.0,12.4,0.0
2019-11-18,cabra,52000,0.0,14.4,0.0
2019-11-18,cordoba_capital,140000,0.0,15.8,0.0
2019-11-18,ecija,42000,0.0,16.6,0.0
2019-11-18,granada_capital,55000,0.0,12.3,0.0
2019-11-18,jaen_capital,165000,0.0,13.6,0.0
2019-11-18,linares,45000,0.0,13.8,0.0
2019-11-18,lucena,88000,0.0,13.9,0.0
2019-11-18,martos,68000,0.0,12.9,0.0
2019-11-18,sevilla_capital,75000,0.0,17.4,0.0
2019-11-18,ubeda,98000,0.0,11.4,0.0
2019-11-25,antequera,35000,0.0,19.2,0.0
2019-11-25,baeza,72000,0.0,15.5,0.0
2019-11-25,baza,28000,0.0,19.6,0.0
2019-11-25,cabra,52000,0.0,18.9,0.0
2019-11-25,cordoba_capital,140000,0.0,19.0,0.0
2019-11-25,ecija,42000,0.0,19.5,0.0
2019-11-25,granada_capital,55000,0.0,19.0,0.0
2019-11-25,jaen_capital,165000,0.0,17.9,0.0
2019-11-25,linares,45000,0.0,17.4,0.0
2019-11-25,lucena,88000,0.0,18.2,0.0
2019-11-25,martos,68000,0.0,17.2,0.0
2019-11-25,sevilla_capital,75000,0.0,20.2,0.0
2019-11-25,ubeda,98000,0.0,15.8,0.0
2019-12-02,antequera,35000,0.0,16.2,0.0
2019-12-02,baeza,72000,0.0,13.3,0.0
2019-12-02,baza,28000,0.0,13.7,0.0
2019-12-02,cabra,52000,0.0,16.4,0.0
2019-12-02,cordoba_capital,140000,0.0,17.6,0.0
2019-12-02,ecija,42000,0.0,18.0,0.0
2019-12-02,granada_capital,55000,0.0,15.7,0.0
2019-12-02,jaen_capital,165000,0.0,15.7,0.0
2019-12-02,linares,45000,0.0,16.0,0.0
2019-12-02,lucena,88000,0.0,16.0,0.0
2019-12-02,martos,68000,0.0,15.4,0.0
2019-12-02,sevilla_capital,75000,0.0,18.6,0.0
2019-12-02,ubeda,98000,0.0,13.4,0.0
2019-12-09,antequera,35000,0.0,17.7,0.0
2019-12-09,baeza,72000,0.0,12.9,0.0
2019-12-09,baza,28000,0.0,16.2,0.0
2019-12-09,cabra,52000,0.0,16.7,0.0
2019-12-09,cordoba_capital,140000,0.0,17.9,0.0
2019-12-09,ecija,42000,0.0,18.3,0.0
2019-12-09,granada_capital,55000,0.0,17.5,0.0
2019-12-09,jaen_capital,165000,0.0,15.2,0.0
2019-12-09,linares,45000,0.0,15.1,0.0
2019-12-09,lucena,88000,0.0,16.2,0.0
2019-12-09,martos,68000,0.0,15.0,0.0
2019-12-09,sevilla_capital,75000,0.0,18.9,0.0
2019-12-09,ubeda,98000,0.0,13.0,0.0
2019-12-16,antequera,35000,0.0,16.8,0.0
2019-12-16,baeza,72000,0.0,16.5,0.0
2019-12-16,baza,28000,0.0,15.9,0.0
2019-12-16,cabra,52000,0.0,18.7,0.0
2019-12-16,cordoba_capital,140000,0.0,19.6,0.0
2019-12-16,ecija,42000,0.0,20.2,0.0
2019-12-16,granada_capital,55000,0.0,17.5,0.0
2019-12-16,jaen_capital,165000,0.0,19.0,0.0
2019-12-16,linares,45000,0.0,19.3,0.0
2019-12-16,lucena,88000,0.0,17.6,0.0
2019-12-16,martos,68000,0.0,18.0,0.0
2019-12-16,sevilla_capital,75000,0.0,19.3,0.0
2019-12-16,ubeda,98000,0.0,16.4,0.0
2019-12-23,antequera,35000,0.0,20.8,0.0
2019-12-23,baeza,72000,0.0,17.6,0.0
2019-12-23,baza,28000,0.0,19.1,0.0
2019-12-23,cabra,52000,0.0,21.7,0.0
2019-12-23,cordoba_capital,140000,0.0,20.9,0.0
2019-12-23,ecija,42000,0.0,21.8,0.0
2019-12-23,granada_capital,55000,0.0,21.4,0.0
2019-12-23,jaen_capital,165000,0.0,20.3,0.0
2019-12-23,linares,45000,0.0,19.6,0.0
2019-12-23,lucena,88000,0.0,20.9,0.0
2019-12-23,martos,68000,0.0,20.0,0.0
2019-12-23,sevilla_capital,75000,0.0,21.4,0.0
2019-12-23,ubeda,98000,0.0,17.9,0.0
2019-12-30,antequera,35000,0.0,15.9,0.0
2019-12-30,baeza,72000,0.0,13.5,0.0
2019-12-30,baza,28000,0.0,16.6,0.0
2019-12-30,cabra,52000,0.0,17.5,0.0
2019-12-30,cordoba_capital,140000,0.0,16.9,0.0
2019-12-30,ecija,42000,0.0,17.7,0.0
2019-12-30,granada_capital,55000,0.0,16.6,0.0
2019-12-30,jaen_capital,165000,0.0,15.6,0.0
2019-12-30,linares,45000,0.0,15.5,0.0
2019-12-30,lucena,88000,0.0,16.6,0.0
2019-12-30,martos,68000,0.0,15.2,0.0
2019-12-30,sevilla_capital,75000,0.0,17.0,0.0
2019-12-30,ubeda,98000,0.0,13.7,0.0
2020-01-06,antequera,35000,0.0,16.5,0.0
2020-01-06,baeza,72000,0.0,13.4,0.0
2020-01-06,baza,28000,0.0,15.9,0.0
2020-01-06,cabra,52000,0.0,16.7,0.0
2020-01-06,cordoba_capital,140000,0.0,17.7,0.0
2020-01-06,ecija,42000,0.0,17.5,0.0
2020-01-06,granada_capital,55000,0.0,16.9,0.0
2020-01-06,jaen_capital,165000,0.0,15.6,0.0
2020-01-06,linares,45000,0.0,15.7,0.0
2020-01-06,lucena,88000,0.0,16.0,0.0
2020-01-06,martos,68000,0.0,15.2,0.0
2020-01-06,sevilla_capital,75000,0.0,18.2,0.0
2020-01-06,ubeda,98000,0.0,13.6,0.0
2020-01-13,antequera,35000,0.0,15.4,0.0
2020-01-13,baeza,72000,0.0,12.9,0.0
2020-01-13,baza,28000,0.0,14.3,0.0
2020-01-13,cabra,52000,0.0,15.9,0.0
2020-01-13,cordoba_capital,140000,0.0,16.9,0.0
2020-01-13,ecija,42000,0.0,18.1,0.0
2020-01-13,granada_capital,55000,0.0,14.6,0.0
2020-01-13,jaen_capital,165000,0.0,15.6,0.0
2020-01-13,linares,45000,0.0,15.4,0.0
2020-01-13,lucena,88000,0.0,15.5,0.0
2020-01-13,martos,68000,0.0,14.8,0.0
2020-01-13,sevilla_capital,75000,0.0,18.1,0.0
2020-01-13,ubeda,98000,0.0,13.0,0.0
2020-01-20,antequera,35000,0.0,12.0,0.0
2020-01-20,baeza,72000,0.0,11.8,0.0
2020-01-20,baza,28000,0.0,11.4,0.0
2020-01-20,cabra,52000,0.0,13.5,0.0
2020-01-20,cordoba_capital,140000,0.0,14.5,0.0
2020-01-20,ecija,42000,0.0,15.4,0.0
2020-01-20,granada_capital,55000,0.0,13.1,0.0
2020-01-20,jaen_capital,165000,0.0,13.9,0.0
2020-01-20,linares,45000,0.0,14.3,0.0
2020-01-20,lucena,88000,0.0,12.7,0.0
2020-01-20,martos,68000,0.0,12.8,0.0
2020-01-20,sevilla_capital,75000,0.0,15.9,0.0
2020-01-20,ubeda,98000,0.0,12.0,0.0
2020-01-27,antequera,35000,0.0,20.4,0.0
2020-01-27,baeza,72000,0.0,17.3,0.0
2020-01-27,baza,28000,0.0,19.8,0.0
2020-01-27,cabra,52000,0.0,21.7,0.0
2020-01-27,cordoba_capital,140000,0.0,20.9,0.0
2020-01-27,ecija,42000,0.0,21.9,0.0
2020-01-27,granada_capital,55000,0.0,21.0,0.0
2020-01-27,jaen_capital,165000,0.0,20.0,0.0
2020-01-27,linares,45000,0.0,19.3,0.0
2020-01-27,lucena,88000,0.0,21.1,0.0
2020-01-27,martos,68000,0.0,19.8,0.0
2020-01-27,sevilla_capital,75000,0.0,21.7,0.0
2020-01-27,ubeda,98000,0.0,17.5,0.0
2020-02-03,antequera,35000,0.0,21.9,0.0
2020-02-03,baeza,72000,0.0,19.7,0.0
2020-02-03,baza,28000,0.0,22.1,0.0
2020-02-03,cabra,52000,0.0,23.3,0.0
2020-02-03,cordoba_capital,140000,0.0,22.9,0.0
2020-02-03,ecija,42000,0.0,24.0,0.0
2020-02-03,granada_capital,55000,0.0,22.4,0.0
2020-02-03,jaen_capital,165000,0.0,22.0,0.0
2020-02-03,linares,45000,0.0,21.9,0.0
2020-02-03,lucena,88000,0.0,22.6,0.0
2020-02-03,martos,68000,0.0,21.5,0.0
2020-02-03,sevilla_capital,75000,0.0,23.6,0.0
2020-02-03,ubeda,98000,0.0,19.9,0.0
2020-02-10,antequera,35000,0.0,20.3,0.0
2020-02-10,baeza,72000,0.0,17.9,0.0
2020-02-10,baza,28000,0.0,21.3,0.0
2020-02-10,cabra,52000,0.0,20.9,0.0
2020-02-10,cordoba_capital,140000,0.0,20.8,0.0
2020-02-10,ecija,42000,0.0,21.7,0.0
2020-02-10,granada_capital,55000,0.0,21.3,0.0
2020-02-10,jaen_capital,165000,0.0,20.2,0.0
2020-02-10,linares,45000,0.0,20.1,0.0
2020-02-10,lucena,88000,0.0,20.1,0.0
2020-02-10,martos,68000,0.0,19.4,0.0
2020-02-10,sevilla_capital,75000,0.0,21.4,0.0
2020-02-10,ubeda,98000,0.0,18.0,0.0
2020-02-17,antequera,35000,0.0,19.5,0.0
2020-02-17,baeza,72000,0.0,19.6,0.0
2020-02-17,baza,28000,0.0,20.9,0.0
2020-02-17,cabra,52000,0.0,22.1,0.0
2020-02-17,cordoba_capital,140000,0.0,23.2,0.0
2020-02-17,ecija,42000,0.0,23.9,0.0
2020-02-17,granada_capital,55000,0.0,21.9,0.0
2020-02-17,jaen_capital,165000,0.0,22.0,0.0
2020-02-17,linares,45000,0.0,22.0,0.0
2020-02-17,lucena,88000,0.0,20.9,0.0
2020-02-17,martos,68000,0.0,21.2,0.0
2020-02-17,sevilla_capital,75000,0.0,24.0,0.0
2020-02-17,ubeda,98000,0.0,19.7,0.0
2020-02-24,antequera,35000,0.0,21.0,0.0
2020-02-24,baeza,72000,0.0,19.5,0.0
2020-02-24,baza,28000,0.0,22.1,0.0
2020-02-24,cabra,52000,0.0,22.1,0.0
2020-02-24,cordoba_capital,140000,0.0,23.7,0.0
2020-02-24,ecija,42000,0.0,25.1,0.0
2020-02-24,granada_capital,55000,0.0,21.5,0.0
2020-02-24,jaen_capital,165000,0.0,22.1,0.0
2020-02-24,linares,45000,0.0,21.9,0.0
2020-02-24,lucena,88000,0.0,21.1,0.0
2020-02-24,martos,68000,0.0,21.2,0.0
2020-02-24,sevilla_capital,75000,0.0,23.6,0.0
2020-02-24,ubeda,98000,0.0,19.6,0.0
2020-03-02,antequera,35000,0.0,20.9,0.0
2020-03-02,baeza,72000,0.0,17.1,0.0
2020-03-02,baza,28000,0.0,20.0,0.0
2020-03-02,cabra,52000,0.0,20.3,0.0
2020-03-02,cordoba_capital,140000,0.0,22.4,0.0
2020-03-02,ecija,42000,0.0,23.2,0.0
2020-03-02,granada_capital,55000,0.0,20.2,0.0
2020-03-02,jaen_capital,165000,0.0,19.8,0.0
2020-03-02,linares,45000,0.0,19.7,0.0
2020-03-02,lucena,88000,0.0,19.8,0.0
2020-03-02,martos,68000,0.0,19.1,0.0
2020-03-02,sevilla_capital,75000,0.0,23.3,0.0
2020-03-02,ubeda,98000,0.0,17.1,0.0
2020-03-09,antequera,35000,0.0,25.1,0.0
2020-03-09,baeza,72000,0.0,25.4,0.0
2020-03-09,baza,28000,0.0,27.2,0.0
2020-03-09,cabra,52000,0.0,27.6,0.0
2020-03-09,cordoba_capital,140000,0.0,29.2,0.0
2020-03-09,ecija,42000,0.0,30.9,0.0
2020-03-09,granada_capital,55000,0.0,27.0,0.0
2020-03-09,jaen_capital,165000,0.0,27.6,0.0
2020-03-09,linares,45000,0.0,27.9,0.0
2020-03-09,lucena,88000,0.0,26.4,0.0
2020-03-09,martos,68000,0.0,26.6,0.0
2020-03-09,sevilla_capital,75000,0.0,30.1,0.0
2020-03-09,ubeda,98000,0.0,25.4,0.0
2020-03-16,antequera,35000,0.0,18.9,0.0
2020-03-16,baeza,72000,0.0,18.3,0.0
2020-03-16,baza,28000,0.0,16.6,0.0
2020-03-16,cabra,52000,0.0,22.8,0.0
2020-03-16,cordoba_capital,140000,0.0,24.0,0.0
2020-03-16,ecija,42000,0.0,25.2,0.0
2020-03-16,granada_capital,55000,0.0,21.0,0.0
2020-03-16,jaen_capital,165000,0.0,21.1,0.0
2020-03-16,linares,45000,0.0,21.3,0.0
2020-03-16,lucena,88000,0.0,21.6,0.0
2020-03-16,martos,68000,0.0,20.6,0.0
2020-03-16,sevilla_capital,75000,0.0,24.9,0.0
2020-03-16,ubeda,98000,0.0,18.4,0.0
2020-03-23,antequera,35000,0.0,17.5,0.0
2020-03-23,baeza,72000,0.0,16.3,0.0
2020-03-23,baza,28000,0.0,16.1,0.0
2020-03-23,cabra,52000,0.0,18.2,0.0
2020-03-23,cordoba_capital,140000,0.0,21.7,0.0
2020-03-23,ecija,42000,0.0,22.1,0.0
2020-03-23,granada_capital,55000,0.0,17.5,0.0
2020-03-23,jaen_capital,165000,0.0,18.2,0.0
2020-03-23,linares,45000,0.0,19.5,0.0
2020-03-23,lucena,88000,0.0,17.7,0.0
2020-03-23,martos,68000,0.0,17.2,0.0
2020-03-23,sevilla_capital,75000,0.0,22.0,0.0
2020-03-23,ubeda,98000,0.0,16.3,0.0
2020-03-30,antequera,35000,0.0,16.7,0.0
2020-03-30,baeza,72000,0.0,18.9,0.0
2020-03-30,baza,28000,0.0,18.6,0.0
2020-03-30,cabra,52000,0.0,20.2,0.0
2020-03-30,cordoba_capital,140000,0.0,22.2,0.0
2020-03-30,ecija,42000,0.0,23.0,0.0
2020-03-30,granada_capital,55000,0.0,19.5,0.0
2020-03-30,jaen_capital,165000,0.0,20.9,0.0
2020-03-30,linares,45000,0.0,21.6,0.0
2020-03-30,lucena,88000,0.0,19.1,0.0
2020-03-30,martos,68000,0.0,19.9,0.0
2020-03-30,sevilla_capital,75000,0.0,21.5,0.0
2020-03-30,ubeda,98000,0.0,19.1,0.0
2020-04-06,antequera,35000,0.0,17.7,0.0
2020-04-06,baeza,72000,0.0,20.6,0.0
2020-04-06,baza,28000,0.0,20.4,0.0
2020-04-06,cabra,52000,0.0,21.2,0.0
2020-04-06,cordoba_capital,140000,0.0,22.5,0.0
2020-04-06,ecija,42000,0.0,23.1,0.0
2020-04-06,granada_capital,55000,0.0,21.5,0.0
2020-04-06,jaen_capital,165000,0.0,22.2,0.0
2020-04-06,linares,45000,0.0,23.4,0.0
2020-04-06,lucena,88000,0.0,20.4,0.0
2020-04-06,martos,68000,0.0,20.9,0.0
2020-04-06,sevilla_capital,75000,0.0,23.5,0.0
2020-04-06,ubeda,98000,0.0,20.8,0.0
2020-04-13,antequera,35000,0.0,19.8,0.0
2020-04-13,baeza,72000,0.0,20.9,0.0
2020-04-13,baza,28000,0.0,22.0,0.0
2020-04-13,cabra,52000,0.0,21.5,0.0
2020-04-13,cordoba_capital,140000,0.0,22.8,0.0
2020-04-13,ecija,42000,0.0,23.3,0.0
2020-04-13,granada_capital,55000,0.0,21.6,0.0
2020-04-13,jaen_capital,165000,0.0,23.2,0.0
2020-04-13,linares,45000,0.0,23.3,0.0
2020-04-13,lucena,88000,0.0,20.8,0.0
2020-04-13,martos,68000,0.0,21.6,0.0
2020-04-13,sevilla_capital,75000,0.0,22.6,0.0
2020-04-13,ubeda,98000,0.0,21.1,0.0
2020-04-20,antequera,35000,0.0,18.9,0.0
2020-04-20,baeza,72000,0.0,21.9,0.0
2020-04-20,baza,28000,0.0,20.1,0.0
2020-04-20,cabra,52000,0.0,23.4,0.0
2020-04-20,cordoba_capital,140000,0.0,25.2,0.0
2020-04-20,ecija,42000,0.0,25.9,0.0
2020-04-20,granada_capital,55000,0.0,22.5,0.0
2020-04-20,jaen_capital,165000,0.0,24.1,0.0
2020-04-20,linares,45000,0.0,24.8,0.0
2020-04-20,lucena,88000,0.0,22.2,0.0
2020-04-20,martos,68000,0.0,23.2,0.0
2020-04-20,sevilla_capital,75000,0.0,25.2,0.0
2020-04-20,ubeda,98000,0.0,21.9,0.0
2020-04-27,antequera,35000,0.0,27.8,0.0
2020-04-27,baeza,72000,0.0,29.7,0.0
2020-04-27,baza,28000,0.0,30.6,0.0
2020-04-27,cabra,52000,0.0,31.4,0.0
2020-04-27,cordoba_capital,140000,0.0,33.4,0.0
2020-04-27,ecija,42000,0.0,35.0,0.0
2020-04-27,granada_capital,55000,0.0,30.2,0.0
2020-04-27,jaen_capital,165000,0.0,31.8,0.0
2020-04-27,linares,45000,0.0,32.2,0.0
2020-04-27,lucena,88000,0.0,30.3,0.0
2020-04-27,martos,68000,0.0,30.5,0.0
2020-04-27,sevilla_capital,75000,0.0,33.1,0.0
2020-04-27,ubeda,98000,0.0,29.9,0.0
2020-05-04,antequera,35000,0.0,27.2,0.0
2020-05-04,baeza,72000,0.0,30.5,0.0
2020-05-04,baza,28000,0.0,30.8,0.0
2020-05-04,cabra,52000,0.0,29.3,0.0
2020-05-04,cordoba_capital,140000,0.0,30.7,0.0
2020-05-04,ecija,42000,0.0,31.3,0.0
2020-05-04,granada_capital,55000,0.0,30.2,0.0
2020-05-04,jaen_capital,165000,0.0,32.3,0.0
2020-05-04,linares,45000,0.0,33.1,0.0
2020-05-04,lucena,88000,0.0,28.0,0.0
2020-05-04,martos,68000,0.0,30.3,0.0
2020-05-04,sevilla_capital,75000,0.0,29.2,0.0
2020-05-04,ubeda,98000,0.0,30.8,0.0
2020-05-11,antequera,35000,0.0,20.4,0.0
2020-05-11,baeza,72000,0.0,19.2,0.0
2020-05-11,baza,28000,0.0,20.8,0.0
2020-05-11,cabra,52000,0.0,21.4,0.0
2020-05-11,cordoba_capital,140000,0.0,23.5,0.0
2020-05-11,ecija,42000,0.0,24.6,0.0
2020-05-11,granada_capital,55000,0.0,19.1,0.0
2020-05-11,jaen_capital,165000,0.0,21.0,0.0
2020-05-11,linares,45000,0.0,21.9,0.0
2020-05-11,lucena,88000,0.0,20.9,0.0
2020-05-11,martos,68000,0.0,20.1,0.0
2020-05-11,sevilla_capital,75000,0.0,24.4,0.0
2020-05-11,ubeda,98000,0.0,19.3,0.0
2020-05-18,antequera,35000,0.0,29.2,0.0
2020-05-18,baeza,72000,0.0,31.0,0.0
2020-05-18,baza,28000,0.0,30.5,0.0
2020-05-18,cabra,52000,0.0,32.6,0.0
2020-05-18,cordoba_capital,140000,0.0,35.9,0.0
2020-05-18,ecija,42000,0.0,37.2,0.0
2020-05-18,granada_capital,55000,0.0,31.0,0.0
2020-05-18,jaen_capital,165000,0.0,32.6,0.0
2020-05-18,linares,45000,0.0,34.0,0.0
2020-05-18,lucena,88000,0.0,32.2,0.0
2020-05-18,martos,68000,0.0,31.5,0.0
2020-05-18,sevilla_capital,75000,0.0,35.3,0.0
2020-05-18,ubeda,98000,0.0,31.0,0.0
2020-05-25,antequera,35000,0.0,26.0,0.0
2020-05-25,baeza,72000,0.0,29.9,0.0
2020-05-25,baza,28000,0.0,28.1,0.0
2020-05-25,cabra,52000,0.0,30.6,0.0
2020-05-25,cordoba_capital,140000,0.0,34.5,0.0
2020-05-25,ecija,42000,0.0,35.1,0.0
2020-05-25,granada_capital,55000,0.0,30.0,0.0
2020-05-25,jaen_capital,165000,0.0,31.5,0.0
2020-05-25,linares,45000,0.0,32.7,0.0
2020-05-25,lucena,88000,0.0,29.3,0.0
2020-05-25,martos,68000,0.0,30.3,0.0
2020-05-25,sevilla_capital,75000,0.0,34.5,0.0
2020-05-25,ubeda,98000,0.0,30.0,0.0
2020-06-01,antequera,35000,0.0,28.1,0.0
2020-06-01,baeza,72000,0.0,28.1,0.0
2020-06-01,baza,28000,0.0,30.8,0.0
2020-06-01,cabra,52000,0.0,29.1,0.0
2020-06-01,cordoba_capital,140000,0.0,31.7,0.0
2020-06-01,ecija,42000,0.0,31.9,0.0
2020-06-01,granada_capital,55000,0.0,29.6,0.0
2020-06-01,jaen_capital,165000,0.0,30.0,0.0
2020-06-01,linares,45000,0.0,30.7,0.0
2020-06-01,lucena,88000,0.0,28.3,0.0
2020-06-01,martos,68000,0.0,28.3,0.0
2020-06-01,sevilla_capital,75000,0.0,30.3,0.0
2020-06-01,ubeda,98000,0.0,28.5,0.0
2020-06-08,antequera,35000,0.0,26.4,0.0
2020-06-08,baeza,72000,0.0,25.4,0.0
2020-06-08,baza,28000,0.0,26.4,0.0
2020-06-08,cabra,52000,0.0,27.6,0.0
2020-06-08,cordoba_capital,140000,0.0,31.0,0.0
2020-06-08,ecija,42000,0.0,31.0,0.0
2020-06-08,granada_capital,55000,0.0,26.2,0.0
2020-06-08,jaen_capital,165000,0.0,27.5,0.0
2020-06-08,linares,45000,0.0,28.4,0.0
2020-06-08,lucena,88000,0.0,26.9,0.0
2020-06-08,martos,68000,0.0,26.4,0.0
2020-06-08,sevilla_capital,75000,0.0,29.8,0.0
2020-06-08,ubeda,98000,0.0,25.5,0.0
2020-06-15,antequera,35000,0.0,33.6,0.0
2020-06-15,baeza,72000,0.0,32.8,0.0
2020-06-15,baza,28000,0.0,34.1,0.0
2020-06-15,cabra,52000,0.0,34.1,0.0
2020-06-15,cordoba_capital,140000,0.0,37.5,0.0
2020-06-15,ecija,42000,0.0,37.5,0.0
2020-06-15,granada_capital,55000,0.0,33.9,0.0
2020-06-15,jaen_capital,165000,0.0,34.6,0.0
2020-06-15,linares,45000,0.0,35.5,0.0
2020-06-15,lucena,88000,0.0,33.5,0.0
2020-06-15,martos,68000,0.0,33.0,0.0
2020-06-15,sevilla_capital,75000,0.0,36.5,0.0
2020-06-15,ubeda,98000,0.0,33.2,0.0
2020-06-22,antequera,35000,0.0,33.1,0.0
2020-06-22,baeza,72000,0.0,35.9,0.0
2020-06-22,baza,28000,0.0,34.6,0.0
2020-06-22,cabra,52000,0.0,36.5,0.0
2020-06-22,cordoba_capital,140000,0.0,39.7,0.0
2020-06-22,ecija,42000,0.0,39.6,0.0
2020-06-22,granada_capital,55000,0.0,36.6,0.0
2020-06-22,jaen_capital,165000,0.0,37.8,0.0
2020-06-22,linares,45000,0.0,38.5,0.0
2020-06-22,lucena,88000,0.0,35.4,0.0
2020-06-22,martos,68000,0.0,36.1,0.0
2020-06-22,sevilla_capital,75000,0.0,38.9,0.0
2020-06-22,ubeda,98000,0.0,36.1,0.0
2020-06-29,antequera,35000,0.0,35.2,0.0
2020-06-29,baeza,72000,0.0,35.7,0.0
2020-06-29,baza,28000,0.0,37.6,0.0
2020-06-29,cabra,52000,0.0,36.6,0.0
2020-06-29,cordoba_capital,140000,0.0,39.5,0.0
2020-06-29,ecija,42000,0.0,39.4,0.0
2020-06-29,granada_capital,55000,0.0,35.9,0.0
2020-06-29,jaen_capital,165000,0.0,37.3,0.0
2020-06-29,linares,45000,0.0,38.2,0.0
2020-06-29,lucena,88000,0.0,35.8,0.0
2020-06-29,martos,68000,0.0,35.4,0.0
2020-06-29,sevilla_capital,75000,0.0,37.9,0.0
2020-06-29,ubeda,98000,0.0,36.1,0.0
2020-07-06,antequera,35000,0.0,37.7,0.0
2020-07-06,baeza,72000,0.0,37.7,0.0
2020-07-06,baza,28000,0.0,38.2,0.0
2020-07-06,cabra,52000,0.0,39.3,0.0
2020-07-06,cordoba_capital,140000,0.0,42.4,0.0
2020-07-06,ecija,42000,0.0,41.9,0.0
2020-07-06,granada_capital,55000,0.0,38.4,0.0
2020-07-06,jaen_capital,165000,0.0,39.6,0.0
2020-07-06,linares,45000,0.0,40.0,0.0
2020-07-06,lucena,88000,0.0,38.8,0.0
2020-07-06,martos,68000,0.0,37.7,0.0
2020-07-06,sevilla_capital,75000,0.0,40.8,0.0
2020-07-06,ubeda,98000,0.0,37.9,0.0
2020-07-13,antequera,35000,0.0,33.2,0.0
2020-07-13,baeza,72000,0.0,35.3,0.0
2020-07-13,baza,28000,0.0,34.8,0.0
2020-07-13,cabra,52000,0.0,37.1,0.0
2020-07-13,cordoba_capital,140000,0.0,40.2,0.0
2020-07-13,ecija,42000,0.0,39.8,0.0
2020-07-13,granada_capital,55000,0.0,35.7,0.0
2020-07-13,jaen_capital,165000,0.0,36.8,0.0
2020-07-13,linares,45000,0.0,38.1,0.0
2020-07-13,lucena,88000,0.0,36.2,0.0
2020-07-13,martos,68000,0.0,35.4,0.0
2020-07-13,sevilla_capital,75000,0.0,39.5,0.0
2020-07-13,ubeda,98000,0.0,35.6,0.0
2020-07-20,antequera,35000,0.0,35.0,0.0
2020-07-20,baeza,72000,0.0,38.9,0.0
2020-07-20,baza,28000,0.0,38.5,0.0
2020-07-20,cabra,52000,0.0,40.4,0.0
2020-07-20,cordoba_capital,140000,0.0,42.6,0.0
2020-07-20,ecija,42000,0.0,42.7,0.0
2020-07-20,granada_capital,55000,0.0,39.7,0.0
2020-07-20,jaen_capital,165000,0.0,40.6,0.0
2020-07-20,linares,45000,0.0,41.3,0.0
2020-07-20,lucena,88000,0.0,39.2,0.0
2020-07-20,martos,68000,0.0,39.1,0.0
2020-07-20,sevilla_capital,75000,0.0,40.3,0.0
2020-07-20,ubeda,98000,0.0,39.2,0.0
2020-07-27,antequera,35000,0.0,38.9,0.0
2020-07-27,baeza,72000,0.0,38.2,0.0
2020-07-27,baza,28000,0.0,38.8,0.0
2020-07-27,cabra,52000,0.0,40.1,0.0
2020-07-27,cordoba_capital,140000,0.0,42.7,0.0
2020-07-27,ecija,42000,0.0,42.1,0.0
2020-07-27,granada_capital,55000,0.0,38.7,0.0
2020-07-27,jaen_capital,165000,0.0,40.2,0.0
2020-07-27,linares,45000,0.0,41.3,0.0
2020-07-27,lucena,88000,0.0,39.1,0.0
2020-07-27,martos,68000,0.0,38.6,0.0
2020-07-27,sevilla_capital,75000,0.0,41.7,0.0
2020-07-27,ubeda,98000,0.0,38.9,0.0
2020-08-03,antequera,35000,0.0,34.6,0.0
2020-08-03,baeza,72000,0.0,37.5,0.0
2020-08-03,baza,28000,0.0,38.1,0.0
2020-08-03,cabra,52000,0.0,38.6,0.0
2020-08-03,cordoba_capital,140000,0.0,40.3,0.0
2020-08-03,ecija,42000,0.0,39.9,0.0
2020-08-03,granada_capital,55000,0.0,37.9,0.0
2020-08-03,jaen_capital,165000,0.0,39.8,0.0
2020-08-03,linares,45000,0.0,40.2,0.0
2020-08-03,lucena,88000,0.0,37.4,0.0
2020-08-03,martos,68000,0.0,38.0,0.0
2020-08-03,sevilla_capital,75000,0.0,39.1,0.0
2020-08-03,ubeda,98000,0.0,38.0,0.0
2020-08-10,antequera,35000,0.0,32.0,0.0
2020-08-10,baeza,72000,0.0,33.6,0.0
2020-08-10,baza,28000,0.0,36.1,0.0
2020-08-10,cabra,52000,0.0,36.1,0.0
2020-08-10,cordoba_capital,140000,0.0,37.6,0.0
2020-08-10,ecija,42000,0.0,37.4,0.0
2020-08-10,granada_capital,55000,0.0,36.0,0.0
2020-08-10,jaen_capital,165000,0.0,36.1,0.0
2020-08-10,linares,45000,0.0,36.3,0.0
2020-08-10,lucena,88000,0.0,34.9,0.0
2020-08-10,martos,68000,0.0,34.8,0.0
2020-08-10,sevilla_capital,75000,0.0,34.2,0.0
2020-08-10,ubeda,98000,0.0,34.0,0.0
2020-08-17,antequera,35000,0.0,35.2,0.0
2020-08-17,baeza,72000,0.0,35.2,0.0
2020-08-17,baza,28000,0.0,37.9,0.0
2020-08-17,cabra,52000,0.0,36.6,0.0
2020-08-17,cordoba_capital,140000,0.0,38.2,0.0
2020-08-17,ecija,42000,0.0,37.9,0.0
2020-08-17,granada_capital,55000,0.0,36.9,0.0
2020-08-17,jaen_capital,165000,0.0,36.8,0.0
2020-08-17,linares,45000,0.0,37.6,0.0
2020-08-17,lucena,88000,0.0,35.5,0.0
2020-08-17,martos,68000,0.0,35.0,0.0
2020-08-17,sevilla_capital,75000,0.0,37.4,0.0
2020-08-17,ubeda,98000,0.0,36.0,0.0
2020-08-24,antequera,35000,0.0,35.9,0.0
2020-08-24,baeza,72000,0.0,36.8,0.0
2020-08-24,baza,28000,0.0,38.0,0.0
2020-08-24,cabra,52000,0.0,38.5,0.0
2020-08-24,cordoba_capital,140000,0.0,39.8,0.0
2020-08-24,ecija,42000,0.0,39.5,0.0
2020-08-24,granada_capital,55000,0.0,37.9,0.0
2020-08-24,jaen_capital,165000,0.0,38.3,0.0
2020-08-24,linares,45000,0.0,39.3,0.0
2020-08-24,lucena,88000,0.0,37.6,0.0
2020-08-24,martos,68000,0.0,36.7,0.0
2020-08-24,sevilla_capital,75000,0.0,38.8,0.0
2020-08-24,ubeda,98000,0.0,37.1,0.0
2020-08-31,antequera,35000,0.0,28.1,0.0
2020-08-31,baeza,72000,0.0,32.1,0.0
2020-08-31,baza,28000,0.0,31.5,0.0
2020-08-31,cabra,52000,0.0,33.3,0.0
2020-08-31,cordoba_capital,140000,0.0,36.0,0.0
2020-08-31,ecija,42000,0.0,35.8,0.0
2020-08-31,granada_capital,55000,0.0,32.7,0.0
2020-08-31,jaen_capital,165000,0.0,33.9,0.0
2020-08-31,linares,45000,0.0,34.9,0.0
2020-08-31,lucena,88000,0.0,31.8,0.0
2020-08-31,martos,68000,0.0,32.6,0.0
2020-08-31,sevilla_capital,75000,0.0,35.8,0.0
2020-08-31,ubeda,98000,0.0,32.3,0.0
2020-09-07,antequera,35000,0.0,33.1,0.0
2020-09-07,baeza,72000,0.0,32.9,0.0
2020-09-07,baza,28000,0.0,31.4,0.0
2020-09-07,cabra,52000,0.0,34.7,0.0
2020-09-07,cordoba_capital,140000,0.0,36.7,0.0
2020-09-07,ecija,42000,0.0,36.7,0.0
2020-09-07,granada_capital,55000,0.0,33.9,0.0
2020-09-07,jaen_capital,165000,0.0,35.3,0.0
2020-09-07,linares,45000,0.0,35.7,0.0
2020-09-07,lucena,88000,0.0,33.3,0.0
2020-09-07,martos,68000,0.0,34.0,0.0
2020-09-07,sevilla_capital,75000,0.0,36.5,0.0
2020-09-07,ubeda,98000,0.0,33.1,0.0
2020-09-14,antequera,35000,0.0,27.5,0.0
2020-09-14,baeza,72000,0.0,32.1,0.0
2020-09-14,baza,28000,0.0,30.3,0.0
2020-09-14,cabra,52000,0.0,33.0,0.0
2020-09-14,cordoba_capital,140000,0.0,34.9,0.0
2020-09-14,ecija,42000,0.0,34.9,0.0
2020-09-14,granada_capital,55000,0.0,32.0,0.0
2020-09-14,jaen_capital,165000,0.0,34.3,0.0
2020-09-14,linares,45000,0.0,34.6,0.0
2020-09-14,lucena,88000,0.0,30.9,0.0
2020-09-14,martos,68000,0.0,32.7,0.0
2020-09-14,sevilla_capital,75000,0.0,33.1,0.0
2020-09-14,ubeda,98000,0.0,32.3,0.0
2020-09-21,antequera,35000,0.0,27.8,0.0
2020-09-21,baeza,72000,0.0,24.9,0.0
2020-09-21,baza,28000,0.0,27.9,0.0
2020-09-21,cabra,52000,0.0,27.3,0.0
2020-09-21,cordoba_capital,140000,0.0,28.3,0.0
2020-09-21,ecija,42000,0.0,29.4,0.0
2020-09-21,granada_capital,55000,0.0,28.3,0.0
2020-09-21,jaen_capital,165000,0.0,26.9,0.0
2020-09-21,linares,45000,0.0,27.6,0.0
2020-09-21,lucena,88000,0.0,26.5,0.0
2020-09-21,martos,68000,0.0,25.9,0.0
2020-09-21,sevilla_capital,75000,0.0,29.3,0.0
2020-09-21,ubeda,98000,0.0,25.2,0.0
2020-09-28,antequera,35000,0.0,26.1,0.0
2020-09-28,baeza,72000,0.0,27.6,0.0
2020-09-28,baza,28000,0.0,29.1,0.0
2020-09-28,cabra,52000,0.0,29.6,0.0
2020-09-28,cordoba_capital,140000,0.0,30.8,0.0
2020-09-28,ecija,42000,0.0,32.1,0.0
2020-09-28,granada_capital,55000,0.0,30.1,0.0
2020-09-28,jaen_capital,165000,0.0,29.4,0.0
2020-09-28,linares,45000,0.0,30.2,0.0
2020-09-28,lucena,88000,0.0,28.2,0.0
2020-09-28,martos,68000,0.0,28.2,0.0
2020-09-28,sevilla_capital,75000,0.0,31.7,0.0
2020-09-28,ubeda,98000,0.0,28.0,0.0
2020-10-05,antequera,35000,0.0,27.8,0.0
2020-10-05,baeza,72000,0.0,26.9,0.0
2020-10-05,baza,28000,0.0,28.5,0.0
2020-10-05,cabra,52000,0.0,28.9,0.0
2020-10-05,cordoba_capital,140000,0.0,31.3,0.0
2020-10-05,ecija,42000,0.0,32.0,0.0
2020-10-05,granada_capital,55000,0.0,29.0,0.0
2020-10-05,jaen_capital,165000,0.0,28.9,0.0
2020-10-05,linares,45000,0.0,29.8,0.0
2020-10-05,lucena,88000,0.0,28.0,0.0
2020-10-05,martos,68000,0.0,27.7,0.0
2020-10-05,sevilla_capital,75000,0.0,32.2,0.0
2020-10-05,ubeda,98000,0.0,27.1,0.0
2020-10-12,antequera,35000,0.0,24.4,0.0
2020-10-12,baeza,72000,0.0,23.4,0.0
2020-10-12,baza,28000,0.0,24.2,0.0
2020-10-12,cabra,52000,0.0,25.5,0.0
2020-10-12,cordoba_capital,140000,0.0,27.2,0.0
2020-10-12,ecija,42000,0.0,27.7,0.0
2020-10-12,granada_capital,55000,0.0,25.0,0.0
2020-10-12,jaen_capital,165000,0.0,25.9,0.0
2020-10-12,linares,45000,0.0,26.1,0.0
2020-10-12,lucena,88000,0.0,23.7,0.0
2020-10-12,martos,68000,0.0,24.7,0.0
2020-10-12,sevilla_capital,75000,0.0,28.1,0.0
2020-10-12,ubeda,98000,0.0,23.8,0.0
2020-10-19,antequera,35000,0.0,23.2,0.0
2020-10-19,baeza,72000,0.0,27.1,0.0
2020-10-19,baza,28000,0.0,26.8,0.0
2020-10-19,cabra,52000,0.0,28.0,0.0
2020-10-19,cordoba_capital,140000,0.0,29.6,0.0
2020-10-19,ecija,42000,0.0,29.6,0.0
2020-10-19,granada_capital,55000,0.0,27.2,0.0
2020-10-19,jaen_capital,165000,0.0,29.9,0.0
2020-10-19,linares,45000,0.0,29.8,0.0
2020-10-19,lucena,88000,0.0,25.6,0.0
2020-10-19,martos,68000,0.0,28.1,0.0
2020-10-19,sevilla_capital,75000,0.0,29.6,0.0
2020-10-19,ubeda,98000,0.0,27.3,0.0
2020-10-26,antequera,35000,0.0,25.0,0.0
2020-10-26,baeza,72000,0.0,23.6,0.0
2020-10-26,baza,28000,0.0,24.5,0.0
2020-10-26,cabra,52000,0.0,25.9,0.0
2020-10-26,cordoba_capital,140000,0.0,26.2,0.0
2020-10-26,ecija,42000,0.0,27.7,0.0
2020-10-26,granada_capital,55000,0.0,25.4,0.0
2020-10-26,jaen_capital,165000,0.0,25.4,0.0
2020-10-26,linares,45000,0.0,26.3,0.0
2020-10-26,lucena,88000,0.0,24.8,0.0
2020-10-26,martos,68000,0.0,24.6,0.0
2020-10-26,sevilla_capital,75000,0.0,26.7,0.0
2020-10-26,ubeda,98000,0.0,23.8,0.0
2020-11-02,antequera,35000,0.0,24.2,0.0
2020-11-02,baeza,72000,0.0,23.2,0.0
2020-11-02,baza,28000,0.0,24.2,0.0
2020-11-02,cabra,52000,0.0,26.4,0.0
2020-11-02,cordoba_capital,140000,0.0,26.3,0.0
2020-11-02,ecija,42000,0.0,27.8,0.0
2020-11-02,granada_capital,55000,0.0,25.5,0.0
2020-11-02,jaen_capital,165000,0.0,25.2,0.0
2020-11-02,linares,45000,0.0,26.0,0.0
2020-11-02,lucena,88000,0.0,25.3,0.0
2020-11-02,martos,68000,0.0,24.8,0.0
2020-11-02,sevilla_capital,75000,0.0,26.9,0.0
2020-11-02,ubeda,98000,0.0,23.3,0.0
2020-11-09,antequera,35000,0.0,22.7,0.0
2020-11-09,baeza,72000,0.0,18.8,0.0
2020-11-09,baza,28000,0.0,21.2,0.0
2020-11-09,cabra,52000,0.0,23.5,0.0
2020-11-09,cordoba_capital,140000,0.0,22.5,0.0
2020-11-09,ecija,42000,0.0,24.5,0.0
2020-11-09,granada_capital,55000,0.0,22.0,0.0
2020-11-09,jaen_capital,165000,0.0,21.6,0.0
2020-11-09,linares,45000,0.0,21.1,0.0
2020-11-09,lucena,88000,0.0,22.9,0.0
2020-11-09,martos,68000,0.0,21.2,0.0
2020-11-09,sevilla_capital,75000,0.0,24.2,0.0
2020-11-09,ubeda,98000,0.0,18.9,0.0
2020-11-16,antequera,35000,0.0,21.8,0.0
2020-11-16,baeza,72000,0.0,21.2,0.0
2020-11-16,baza,28000,0.0,22.7,0.0
2020-11-16,cabra,52000,0.0,24.0,0.0
2020-11-16,cordoba_capital,140000,0.0,24.7,0.0
2020-11-16,ecija,42000,0.0,24.8,0.0
2020-11-16,granada_capital,55000,0.0,23.8,0.0
2020-11-16,jaen_capital,165000,0.0,23.1,0.0
2020-11-16,linares,45000,0.0,23.8,0.0
2020-11-16,lucena,88000,0.0,23.0,0.0
2020-11-16,martos,68000,0.0,22.6,0.0
2020-11-16,sevilla_capital,75000,0.0,24.4,0.0
2020-11-16,ubeda,98000,0.0,21.3,0.0
2020-11-23,antequera,35000,0.0,16.6,0.0
2020-11-23,baeza,72000,0.0,15.5,0.0
2020-11-23,baza,28000,0.0,17.5,0.0
2020-11-23,cabra,52000,0.0,18.5,0.0
2020-11-23,cordoba_capital,140000,0.0,18.5,0.0
2020-11-23,ecija,42000,0.0,20.1,0.0
2020-11-23,granada_capital,55000,0.0,17.1,0.0
2020-11-23,jaen_capital,165000,0.0,17.2,0.0
2020-11-23,linares,45000,0.0,17.7,0.0
2020-11-23,lucena,88000,0.0,17.0,0.0
2020-11-23,martos,68000,0.0,16.5,0.0
2020-11-23,sevilla_capital,75000,0.0,19.5,0.0
2020-11-23,ubeda,98000,0.0,15.9,0.0
2020-11-30,antequera,35000,0.0,16.9,0.0
2020-11-30,baeza,72000,0.0,14.9,0.0
2020-11-30,baza,28000,0.0,14.3,0.0
2020-11-30,cabra,52000,0.0,17.5,0.0
2020-11-30,cordoba_capital,140000,0.0,18.1,0.0
2020-11-30,ecija,42000,0.0,18.7,0.0
2020-11-30,granada_capital,55000,0.0,16.8,0.0
2020-11-30,jaen_capital,165000,0.0,17.2,0.0
2020-11-30,linares,45000,0.0,17.6,0.0
2020-11-30,lucena,88000,0.0,17.0,0.0
2020-11-30,martos,68000,0.0,16.6,0.0
2020-11-30,sevilla_capital,75000,0.0,19.3,0.0
2020-11-30,ubeda,98000,0.0,15.1,0.0
2020-12-07,antequera,35000,0.0,18.7,0.0
2020-12-07,baeza,72000,0.0,14.7,0.0
2020-12-07,baza,28000,0.0,17.7,0.0
2020-12-07,cabra,52000,0.0,18.0,0.0
2020-12-07,cordoba_capital,140000,0.0,18.7,0.0
2020-12-07,ecija,42000,0.0,20.2,0.0
2020-12-07,granada_capital,55000,0.0,18.6,0.0
2020-12-07,jaen_capital,165000,0.0,17.0,0.0
2020-12-07,linares,45000,0.0,16.7,0.0
2020-12-07,lucena,88000,0.0,17.2,0.0
2020-12-07,martos,68000,0.0,16.6,0.0
2020-12-07,sevilla_capital,75000,0.0,20.7,0.0
2020-12-07,ubeda,98000,0.0,14.9,0.0
2020-12-14,antequera,35000,0.0,16.5,0.0
2020-12-14,baeza,72000,0.0,13.6,0.0
2020-12-14,baza,28000,0.0,16.0,0.0
2020-12-14,cabra,52000,0.0,16.3,0.0
2020-12-14,cordoba_capital,140000,0.0,16.8,0.0
2020-12-14,ecija,42000,0.0,18.1,0.0
2020-12-14,granada_capital,55000,0.0,15.3,0.0
2020-12-14,jaen_capital,165000,0.0,16.3,0.0
2020-12-14,linares,45000,0.0,15.8,0.0
2020-12-14,lucena,88000,0.0,15.5,0.0
2020-12-14,martos,68000,0.0,15.5,0.0
2020-12-14,sevilla_capital,75000,0.0,17.2,0.0
2020-12-14,ubeda,98000,0.0,13.8,0.0
2020-12-21,antequera,35000,0.0,16.4,0.0
2020-12-21,baeza,72000,0.0,15.9,0.0
2020-12-21,baza,28000,0.0,17.0,0.0
2020-12-21,cabra,52000,0.0,18.9,0.0
2020-12-21,cordoba_capital,140000,0.0,18.7,0.0
2020-12-21,ecija,42000,0.0,20.4,0.0
2020-12-21,granada_capital,55000,0.0,17.6,0.0
2020-12-21,jaen_capital,165000,0.0,18.0,0.0
2020-12-21,linares,45000,0.0,18.1,0.0
2020-12-21,lucena,88000,0.0,17.8,0.0
2020-12-21,martos,68000,0.0,17.3,0.0
2020-12-21,sevilla_capital,75000,0.0,19.0,0.0
2020-12-21,ubeda,98000,0.0,16.2,0.0
2020-12-28,antequera,35000,0.0,10.1,0.0
2020-12-28,baeza,72000,0.0,7.5,0.0
2020-12-28,baza,28000,0.0,7.6,0.0
2020-12-28,cabra,52000,0.0,9.7,0.0
2020-12-28,cordoba_capital,140000,0.0,12.4,0.0
2020-12-28,ecija,42000,0.0,13.0,0.0
2020-12-28,granada_capital,55000,0.0,8.5,0.0
2020-12-28,jaen_capital,165000,0.0,9.1,0.0
2020-12-28,linares,45000,0.0,10.4,0.0
2020-12-28,lucena,88000,0.0,8.9,0.0
2020-12-28,martos,68000,0.0,8.5,0.0
2020-12-28,sevilla_capital,75000,0.0,13.5,0.0
2020-12-28,ubeda,98000,0.0,7.4,0.0
2021-01-04,antequera,35000,0.0,10.3,0.0
2021-01-04,baeza,72000,0.0,6.6,0.0
2021-01-04,baza,28000,0.0,7.7,0.0
2021-01-04,cabra,52000,0.0,9.7,0.0
2021-01-04,cordoba_capital,140000,0.0,10.0,0.0
2021-01-04,ecija,42000,0.0,11.2,0.0
2021-01-04,granada_capital,55000,0.0,9.0,0.0
2021-01-04,jaen_capital,165000,0.0,8.4,0.0
2021-01-04,linares,45000,0.0,9.2,0.0
2021-01-04,lucena,88000,0.0,9.8,0.0
2021-01-04,martos,68000,0.0,7.9,0.0
2021-01-04,sevilla_capital,75000,0.0,12.0,0.0
2021-01-04,ubeda,98000,0.0,6.8,0.0
2021-01-11,antequera,35000,0.0,15.7,0.0
2021-01-11,baeza,72000,0.0,12.3,0.0
2021-01-11,baza,28000,0.0,14.5,0.0
2021-01-11,cabra,52000,0.0,15.4,0.0
2021-01-11,cordoba_capital,140000,0.0,16.3,0.0
2021-01-11,ecija,42000,0.0,16.2,0.0
2021-01-11,granada_capital,55000,0.0,15.4,0.0
2021-01-11,jaen_capital,165000,0.0,14.3,0.0
2021-01-11,linares,45000,0.0,14.6,0.0
2021-01-11,lucena,88000,0.0,14.8,0.0
2021-01-11,martos,68000,0.0,13.8,0.0
2021-01-11,sevilla_capital,75000,0.0,16.5,0.0
2021-01-11,ubeda,98000,0.0,12.4,0.0
2021-01-18,antequera,35000,0.0,15.4,0.0
2021-01-18,baeza,72000,0.0,13.1,0.0
2021-01-18,baza,28000,0.0,14.9,0.0
2021-01-18,cabra,52000,0.0,16.6,0.0
2021-01-18,cordoba_capital,140000,0.0,16.2,0.0
2021-01-18,ecija,42000,0.0,16.5,0.0
2021-01-18,granada_capital,55000,0.0,15.6,0.0
2021-01-18,jaen_capital,165000,0.0,15.4,0.0
2021-01-18,linares,45000,0.0,15.4,0.0
2021-01-18,lucena,88000,0.0,16.1,0.0
2021-01-18,martos,68000,0.0,15.0,0.0
2021-01-18,sevilla_capital,75000,0.0,16.9,0.0
2021-01-18,ubeda,98000,0.0,13.4,0.0
2021-01-25,antequera,35000,0.0,21.4,0.0
2021-01-25,baeza,72000,0.0,18.1,0.0
2021-01-25,baza,28000,0.0,20.5,0.0
2021-01-25,cabra,52000,0.0,22.0,0.0
2021-01-25,cordoba_capital,140000,0.0,21.1,0.0
2021-01-25,ecija,42000,0.0,21.6,0.0
2021-01-25,granada_capital,55000,0.0,21.8,0.0
2021-01-25,jaen_capital,165000,0.0,20.8,0.0
2021-01-25,linares,45000,0.0,20.0,0.0
2021-01-25,lucena,88000,0.0,21.6,0.0
2021-01-25,martos,68000,0.0,20.4,0.0
2021-01-25,sevilla_capital,75000,0.0,21.2,0.0
2021-01-25,ubeda,98000,0.0,18.3,0.0
2021-02-01,antequera,35000,0.0,18.0,0.0
2021-02-01,baeza,72000,0.0,18.5,0.0
2021-02-01,baza,28000,0.0,20.7,0.0
2021-02-01,cabra,52000,0.0,19.7,0.0
2021-02-01,cordoba_capital,140000,0.0,18.1,0.0
2021-02-01,ecija,42000,0.0,19.2,0.0
2021-02-01,granada_capital,55000,0.0,19.9,0.0
2021-02-01,jaen_capital,165000,0.0,19.7,0.0
2021-02-01,linares,45000,0.0,20.2,0.0
2021-02-01,lucena,88000,0.0,18.6,0.0
2021-02-01,martos,68000,0.0,18.5,0.0
2021-02-01,sevilla_capital,75000,0.0,17.2,0.0
2021-02-01,ubeda,98000,0.0,19.0,0.0
2021-02-08,antequera,35000,0.0,18.5,0.0
2021-02-08,baeza,72000,0.0,17.0,0.0
2021-02-08,baza,28000,0.0,18.3,0.0
2021-02-08,cabra,52000,0.0,19.6,0.0
2021-02-08,cordoba_capital,140000,0.0,20.1,0.0
2021-02-08,ecija,42000,0.0,21.2,0.0
2021-02-08,granada_capital,55000,0.0,18.7,0.0
2021-02-08,jaen_capital,165000,0.0,19.4,0.0
2021-02-08,linares,45000,0.0,19.4,0.0
2021-02-08,lucena,88000,0.0,18.3,0.0
2021-02-08,martos,68000,0.0,18.6,0.0
2021-02-08,sevilla_capital,75000,0.0,21.4,0.0
2021-02-08,ubeda,98000,0.0,17.2,0.0
2021-02-15,antequera,35000,0.0,19.2,0.0
2021-02-15,baeza,72000,0.0,19.4,0.0
2021-02-15,baza,28000,0.0,20.8,0.0
2021-02-15,cabra,52000,0.0,20.8,0.0
2021-02-15,cordoba_capital,140000,0.0,21.0,0.0
2021-02-15,ecija,42000,0.0,21.9,0.0
2021-02-15,granada_capital,55000,0.0,21.0,0.0
2021-02-15,jaen_capital,165000,0.0,21.4,0.0
2021-02-15,linares,45000,0.0,21.5,0.0
2021-02-15,lucena,88000,0.0,20.4,0.0
2021-02-15,martos,68000,0.0,20.0,0.0
2021-02-15,sevilla_capital,75000,0.0,21.4,0.0
2021-02-15,ubeda,98000,0.0,19.6,0.0
2021-02-22,antequera,35000,0.0,16.0,0.0
2021-02-22,baeza,72000,0.0,16.8,0.0
2021-02-22,baza,28000,0.0,16.8,0.0
2021-02-22,cabra,52000,0.0,18.9,0.0
2021-02-22,cordoba_capital,140000,0.0,19.6,0.0
2021-02-22,ecija,42000,0.0,20.2,0.0
2021-02-22,granada_capital,55000,0.0,18.9,0.0
2021-02-22,jaen_capital,165000,0.0,19.2,0.0
2021-02-22,linares,45000,0.0,19.5,0.0
2021-02-22,lucena,88000,0.0,17.8,0.0
2021-02-22,martos,68000,0.0,18.6,0.0
2021-02-22,sevilla_capital,75000,0.0,20.1,0.0
2021-02-22,ubeda,98000,0.0,17.1,0.0
2021-03-01,antequera,35000,0.0,17.4,0.0
2021-03-01,baeza,72000,0.0,16.9,0.0
2021-03-01,baza,28000,0.0,15.6,0.0
2021-03-01,cabra,52000,0.0,19.7,0.0
2021-03-01,cordoba_capital,140000,0.0,21.4,0.0
2021-03-01,ecija,42000,0.0,21.7,0.0
2021-03-01,granada_capital,55000,0.0,17.6,0.0
2021-03-01,jaen_capital,165000,0.0,19.0,0.0
2021-03-01,linares,45000,0.0,19.7,0.0
2021-03-01,lucena,88000,0.0,19.0,0.0
2021-03-01,martos,68000,0.0,18.5,0.0
2021-03-01,sevilla_capital,75000,0.0,21.6,0.0
2021-03-01,ubeda,98000,0.0,17.0,0.0
2021-03-08,antequera,35000,0.0,18.3,0.0
2021-03-08,baeza,72000,0.0,16.0,0.0
2021-03-08,baza,28000,0.0,17.6,0.0
2021-03-08,cabra,52000,0.0,18.7,0.0
2021-03-08,cordoba_capital,140000,0.0,20.4,0.0
2021-03-08,ecija,42000,0.0,20.8,0.0
2021-03-08,granada_capital,55000,0.0,18.2,0.0
2021-03-08,jaen_capital,165000,0.0,18.1,0.0
2021-03-08,linares,45000,0.0,18.6,0.0
2021-03-08,lucena,88000,0.0,18.4,0.0
2021-03-08,martos,68000,0.0,17.5,0.0
2021-03-08,sevilla_capital,75000,0.0,20.7,0.0
2021-03-08,ubeda,98000,0.0,16.1,0.0
2021-03-15,antequera,35000,0.0,18.2,0.0
2021-03-15,baeza,72000,0.0,18.2,0.0
2021-03-15,baza,28000,0.0,18.1,0.0
2021-03-15,cabra,52000,0.0,20.7,0.0
2021-03-15,cordoba_capital,140000,0.0,22.8,0.0
2021-03-15,ecija,42000,0.0,22.9,0.0
2021-03-15,granada_capital,55000,0.0,19.8,0.0
2021-03-15,jaen_capital,165000,0.0,20.4,0.0
2021-03-15,linares,45000,0.0,20.9,0.0
2021-03-15,lucena,88000,0.0,20.2,0.0
2021-03-15,martos,68000,0.0,19.6,0.0
2021-03-15,sevilla_capital,75000,0.0,22.5,0.0
2021-03-15,ubeda,98000,0.0,18.4,0.0
2021-03-22,antequera,35000,0.0,21.9,0.0
2021-03-22,baeza,72000,0.0,22.6,0.0
2021-03-22,baza,28000,0.0,21.6,0.0
2021-03-22,cabra,52000,0.0,23.4,0.0
2021-03-22,cordoba_capital,140000,0.0,25.9,0.0
2021-03-22,ecija,42000,0.0,26.8,0.0
2021-03-22,granada_capital,55000,0.0,23.0,0.0
2021-03-22,jaen_capital,165000,0.0,25.1,0.0
2021-03-22,linares,45000,0.0,25.2,0.0
2021-03-22,lucena,88000,0.0,22.5,0.0
2021-03-22,martos,68000,0.0,23.6,0.0
2021-03-22,sevilla_capital,75000,0.0,26.1,0.0
2021-03-22,ubeda,98000,0.0,22.6,0.0
2021-03-29,antequera,35000,0.0,22.5,0.0
2021-03-29,baeza,72000,0.0,24.5,0.0
2021-03-29,baza,28000,0.0,24.1,0.0
2021-03-29,cabra,52000,0.0,27.7,0.0
2021-03-29,cordoba_capital,140000,0.0,30.3,0.0
2021-03-29,ecija,42000,0.0,28.3,0.0
2021-03-29,granada_capital,55000,0.0,27.3,0.0
2021-03-29,jaen_capital,165000,0.0,28.3,0.0
2021-03-29,linares,45000,0.0,27.2,0.0
2021-03-29,lucena,88000,0.0,25.8,0.0
2021-03-29,martos,68000,0.0,27.7,0.0
2021-03-29,sevilla_capital,75000,0.0,28.5,0.0
2021-03-29,ubeda,98000,0.0,24.4,0.0
2021-04-05,antequera,35000,0.0,22.5,0.0
2021-04-05,baeza,72000,0.0,22.6,0.0
2021-04-05,baza,28000,0.0,23.0,0.0
2021-04-05,cabra,52000,0.0,23.9,0.0
2021-04-05,cordoba_capital,140000,0.0,26.5,0.0
2021-04-05,ecija,42000,0.0,27.4,0.0
2021-04-05,granada_capital,55000,0.0,23.2,0.0
2021-04-05,jaen_capital,165000,0.0,24.8,0.0
2021-04-05,linares,45000,0.0,25.0,0.0
2021-04-05,lucena,88000,0.0,23.2,0.0
2021-04-05,martos,68000,0.0,23.6,0.0
2021-04-05,sevilla_capital,75000,0.0,26.2,0.0
2021-04-05,ubeda,98000,0.0,22.9,0.0
2021-04-12,antequera,35000,0.0,20.8,0.0
2021-04-12,baeza,72000,0.0,20.6,0.0
2021-04-12,baza,28000,0.0,20.5,0.0
2021-04-12,cabra,52000,0.0,22.0,0.0
2021-04-12,cordoba_capital,140000,0.0,24.3,0.0
2021-04-12,ecija,42000,0.0,25.5,0.0
2021-04-12,granada_capital,55000,0.0,21.9,0.0
2021-04-12,jaen_capital,165000,0.0,23.2,0.0
2021-04-12,linares,45000,0.0,23.1,0.0
2021-04-12,lucena,88000,0.0,21.0,0.0
2021-04-12,martos,68000,0.0,21.9,0.0
2021-04-12,sevilla_capital,75000,0.0,24.9,0.0
2021-04-12,ubeda,98000,0.0,20.9,0.0
2021-04-19,antequera,35000,0.0,20.9,0.0
2021-04-19,baeza,72000,0.0,19.8,0.0
2021-04-19,baza,28000,0.0,21.1,0.0
2021-04-19,cabra,52000,0.0,22.7,0.0
2021-04-19,cordoba_capital,140000,0.0,25.1,0.0
2021-04-19,ecija,42000,0.0,24.7,0.0
2021-04-19,granada_capital,55000,0.0,22.1,0.0
2021-04-19,jaen_capital,165000,0.0,23.2,0.0
2021-04-19,linares,45000,0.0,22.8,0.0
2021-04-19,lucena,88000,0.0,21.2,0.0
2021-04-19,martos,68000,0.0,22.6,0.0
2021-04-19,sevilla_capital,75000,0.0,24.5,0.0
2021-04-19,ubeda,98000,0.0,19.7,0.0
2021-04-26,antequera,35000,0.0,19.6,0.0
2021-04-26,baeza,72000,0.0,17.9,0.0
2021-04-26,baza,28000,0.0,20.2,0.0
2021-04-26,cabra,52000,0.0,19.5,0.0
2021-04-26,cordoba_capital,140000,0.0,22.1,0.0
2021-04-26,ecija,42000,0.0,22.7,0.0
2021-04-26,granada_capital,55000,0.0,20.3,0.0
2021-04-26,jaen_capital,165000,0.0,20.0,0.0
2021-04-26,linares,45000,0.0,20.7,0.0
2021-04-26,lucena,88000,0.0,19.3,0.0
2021-04-26,martos,68000,0.0,19.2,0.0
2021-04-26,sevilla_capital,75000,0.0,21.8,0.0
2021-04-26,ubeda,98000,0.0,18.1,0.0
2021-05-03,antequera,35000,0.0,26.5,0.0
2021-05-03,baeza,72000,0.0,27.8,0.0
2021-05-03,baza,28000,0.0,28.3,0.0
2021-05-03,cabra,52000,0.0,27.5,0.0
2021-05-03,cordoba_capital,140000,0.0,31.2,0.0
2021-05-03,ecija,42000,0.0,31.7,0.0
2021-05-03,granada_capital,55000,0.0,28.1,0.0
2021-05-03,jaen_capital,165000,0.0,29.7,0.0
2021-05-03,linares,45000,0.0,30.4,0.0
2021-05-03,lucena,88000,0.0,26.8,0.0
2021-05-03,martos,68000,0.0,27.9,0.0
2021-05-03,sevilla_capital,75000,0.0,29.6,0.0
2021-05-03,ubeda,98000,0.0,28.1,0.0
2021-05-10,antequera,35000,0.0,29.6,0.0
2021-05-10,baeza,72000,0.0,27.4,0.0
2021-05-10,baza,28000,0.0,29.8,0.0
2021-05-10,cabra,52000,0.0,29.0,0.0
2021-05-10,cordoba_capital,140000,0.0,32.0,0.0
2021-05-10,ecija,42000,0.0,32.5,0.0
2021-05-10,granada_capital,55000,0.0,29.1,0.0
2021-05-10,jaen_capital,165000,0.0,29.3,0.0
2021-05-10,linares,45000,0.0,30.3,0.0
2021-05-10,lucena,88000,0.0,28.3,0.0
2021-05-10,martos,68000,0.0,28.0,0.0
2021-05-10,sevilla_capital,75000,0.0,31.5,0.0
2021-05-10,ubeda,98000,0.0,27.4,0.0
2021-05-17,antequera,35000,0.0,29.5,0.0
2021-05-17,baeza,72000,0.0,28.3,0.0
2021-05-17,baza,28000,0.0,30.7,0.0
2021-05-17,cabra,52000,0.0,30.2,0.0
2021-05-17,cordoba_capital,140000,0.0,33.6,0.0
2021-05-17,ecija,42000,0.0,33.5,0.0
2021-05-17,granada_capital,55000,0.0,29.8,0.0
2021-05-17,jaen_capital,165000,0.0,30.3,0.0
2021-05-17,linares,45000,0.0,31.2,0.0
2021-05-17,lucena,88000,0.0,29.8,0.0
2021-05-17,martos,68000,0.0,29.2,0.0
2021-05-17,sevilla_capital,75000,0.0,33.3,0.0
2021-05-17,ubeda,98000,0.0,28.5,0.0
2021-05-24,antequera,35000,0.0,27.0,0.0
2021-05-24,baeza,72000,0.0,30.8,0.0
2021-05-24,baza,28000,0.0,29.2,0.0
2021-05-24,cabra,52000,0.0,30.7,0.0
2021-05-24,cordoba_capital,140000,0.0,33.5,0.0
2021-05-24,ecija,42000,0.0,33.9,0.0
2021-05-24,granada_capital,55000,0.0,30.0,0.0
2021-05-24,jaen_capital,165000,0.0,32.7,0.0
2021-05-24,linares,45000,0.0,33.5,0.0
2021-05-24,lucena,88000,0.0,29.2,0.0
2021-05-24,martos,68000,0.0,30.6,0.0
2021-05-24,sevilla_capital,75000,0.0,33.1,0.0
2021-05-24,ubeda,98000,0.0,31.3,0.0
2021-05-31,antequera,35000,0.0,28.4,0.0
2021-05-31,baeza,72000,0.0,28.6,0.0
2021-05-31,baza,28000,0.0,28.8,0.0
2021-05-31,cabra,52000,0.0,30.1,0.0
2021-05-31,cordoba_capital,140000,0.0,33.0,0.0
2021-05-31,ecija,42000,0.0,33.6,0.0
2021-05-31,granada_capital,55000,0.0,28.8,0.0
2021-05-31,jaen_capital,165000,0.0,31.2,0.0
2021-05-31,linares,45000,0.0,31.2,0.0
2021-05-31,lucena,88000,0.0,28.9,0.0
2021-05-31,martos,68000,0.0,29.7,0.0
2021-05-31,sevilla_capital,75000,0.0,32.7,0.0
2021-05-31,ubeda,98000,0.0,29.1,0.0
2021-06-07,antequera,35000,0.0,32.1,0.0
2021-06-07,baeza,72000,0.0,33.0,0.0
2021-06-07,baza,28000,0.0,32.2,0.0
2021-06-07,cabra,52000,0.0,34.4,0.0
2021-06-07,cordoba_capital,140000,0.0,37.3,0.0
2021-06-07,ecija,42000,0.0,37.1,0.0
2021-06-07,granada_capital,55000,0.0,33.5,0.0
2021-06-07,jaen_capital,165000,0.0,35.2,0.0
2021-06-07,linares,45000,0.0,35.9,0.0
2021-06-07,lucena,88000,0.0,33.6,0.0
2021-06-07,martos,68000,0.0,33.4,0.0
2021-06-07,sevilla_capital,75000,0.0,36.4,0.0
2021-06-07,ubeda,98000,0.0,33.5,0.0
2021-06-14,antequera,35000,0.0,31.7,0.0
2021-06-14,baeza,72000,0.0,33.5,0.0
2021-06-14,baza,28000,0.0,32.3,0.0
2021-06-14,cabra,52000,0.0,33.3,0.0
2021-06-14,cordoba_capital,140000,0.0,35.9,0.0
2021-06-14,ecija,42000,0.0,35.4,0.0
2021-06-14,granada_capital,55000,0.0,33.6,0.0
2021-06-14,jaen_capital,165000,0.0,34.2,0.0
2021-06-14,linares,45000,0.0,36.1,0.0
2021-06-14,lucena,88000,0.0,32.6,0.0
2021-06-14,martos,68000,0.0,32.3,0.0
2021-06-14,sevilla_capital,75000,0.0,33.3,0.0
2021-06-14,ubeda,98000,0.0,34.1,0.0
2021-06-21,antequera,35000,0.0,31.8,0.0
2021-06-21,baeza,72000,0.0,32.0,0.0
2021-06-21,baza,28000,0.0,32.2,0.0
2021-06-21,cabra,52000,0.0,32.5,0.0
2021-06-21,cordoba_capital,140000,0.0,35.7,0.0
2021-06-21,ecija,42000,0.0,35.3,0.0
2021-06-21,granada_capital,55000,0.0,32.8,0.0
2021-06-21,jaen_capital,165000,0.0,34.1,0.0
2021-06-21,linares,45000,0.0,35.0,0.0
2021-06-21,lucena,88000,0.0,31.7,0.0
2021-06-21,martos,68000,0.0,32.2,0.0
2021-06-21,sevilla_capital,75000,0.0,34.7,0.0
2021-06-21,ubeda,98000,0.0,32.3,0.0
2021-06-28,antequera,35000,0.0,34.2,0.0
2021-06-28,baeza,72000,0.0,33.8,0.0
2021-06-28,baza,28000,0.0,36.3,0.0
2021-06-28,cabra,52000,0.0,34.4,0.0
2021-06-28,cordoba_capital,140000,0.0,36.6,0.0
2021-06-28,ecija,42000,0.0,36.0,0.0
2021-06-28,granada_capital,55000,0.0,35.1,0.0
2021-06-28,jaen_capital,165000,0.0,35.7,0.0
2021-06-28,linares,45000,0.0,36.2,0.0
2021-06-28,lucena,88000,0.0,33.7,0.0
2021-06-28,martos,68000,0.0,33.7,0.0
2021-06-28,sevilla_capital,75000,0.0,34.9,0.0
2021-06-28,ubeda,98000,0.0,34.3,0.0
2021-07-05,antequera,35000,0.0,36.7,0.0
2021-07-05,baeza,72000,0.0,39.5,0.0
2021-07-05,baza,28000,0.0,40.9,0.0
2021-07-05,cabra,52000,0.0,40.5,0.0
2021-07-05,cordoba_capital,140000,0.0,42.4,0.0
2021-07-05,ecija,42000,0.0,41.7,0.0
2021-07-05,granada_capital,55000,0.0,39.8,0.0
2021-07-05,jaen_capital,165000,0.0,41.2,0.0
2021-07-05,linares,45000,0.0,41.6,0.0
2021-07-05,lucena,88000,0.0,39.1,0.0
2021-07-05,martos,68000,0.0,39.1,0.0
2021-07-05,sevilla_capital,75000,0.0,39.9,0.0
2021-07-05,ubeda,98000,0.0,39.9,0.0
2021-07-12,antequera,35000,0.0,35.4,0.0
2021-07-12,baeza,72000,0.0,36.2,0.0
2021-07-12,baza,28000,0.0,38.1,0.0
2021-07-12,cabra,52000,0.0,36.5,0.0
2021-07-12,cordoba_capital,140000,0.0,39.1,0.0
2021-07-12,ecija,42000,0.0,38.5,0.0
2021-07-12,granada_capital,55000,0.0,37.2,0.0
2021-07-12,jaen_capital,165000,0.0,37.8,0.0
2021-07-12,linares,45000,0.0,38.4,0.0
2021-07-12,lucena,88000,0.0,35.7,0.0
2021-07-12,martos,68000,0.0,35.9,0.0
2021-07-12,sevilla_capital,75000,0.0,37.7,0.0
2021-07-12,ubeda,98000,0.0,36.6,0.0
2021-07-19,antequera,35000,0.0,36.1,0.0
2021-07-19,baeza,72000,0.0,37.5,0.0
2021-07-19,baza,28000,0.0,39.3,0.0
2021-07-19,cabra,52000,0.0,38.3,0.0
2021-07-19,cordoba_capital,140000,0.0,39.5,0.0
2021-07-19,ecija,42000,0.0,39.5,0.0
2021-07-19,granada_capital,55000,0.0,38.8,0.0
2021-07-19,jaen_capital,165000,0.0,39.3,0.0
2021-07-19,linares,45000,0.0,39.6,0.0
2021-07-19,lucena,88000,0.0,37.2,0.0
2021-07-19,martos,68000,0.0,37.5,0.0
2021-07-19,sevilla_capital,75000,0.0,37.3,0.0
2021-07-19,ubeda,98000,0.0,37.9,0.0
2021-07-26,antequera,35000,0.0,36.1,0.0
2021-07-26,baeza,72000,0.0,35.7,0.0
2021-07-26,baza,28000,0.0,38.2,0.0
2021-07-26,cabra,52000,0.0,36.7,0.0
2021-07-26,cordoba_capital,140000,0.0,38.2,0.0
2021-07-26,ecija,42000,0.0,38.2,0.0
2021-07-26,granada_capital,55000,0.0,36.9,0.0
2021-07-26,jaen_capital,165000,0.0,37.8,0.0
2021-07-26,linares,45000,0.0,37.8,0.0
2021-07-26,lucena,88000,0.0,35.8,0.0
2021-07-26,martos,68000,0.0,35.9,0.0
2021-07-26,sevilla_capital,75000,0.0,36.4,0.0
2021-07-26,ubeda,98000,0.0,36.0,0.0
2021-08-02,antequera,35000,0.0,35.4,0.0
2021-08-02,baeza,72000,0.0,34.5,0.0
2021-08-02,baza,28000,0.0,36.5,0.0
2021-08-02,cabra,52000,0.0,35.3,0.0
2021-08-02,cordoba_capital,140000,0.0,38.3,0.0
2021-08-02,ecija,42000,0.0,37.5,0.0
2021-08-02,granada_capital,55000,0.0,36.5,0.0
2021-08-02,jaen_capital,165000,0.0,36.5,0.0
2021-08-02,linares,45000,0.0,37.0,0.0
2021-08-02,lucena,88000,0.0,34.8,0.0
2021-08-02,martos,68000,0.0,34.9,0.0
2021-08-02,sevilla_capital,75000,0.0,37.3,0.0
2021-08-02,ubeda,98000,0.0,34.7,0.0
2021-08-09,antequera,35000,0.0,39.2,0.0
2021-08-09,baeza,72000,0.0,41.1,0.0
2021-08-09,baza,28000,0.0,40.5,0.0
2021-08-09,cabra,52000,0.0,43.5,0.0
2021-08-09,cordoba_capital,140000,0.0,44.4,0.0
2021-08-09,ecija,42000,0.0,44.4,0.0
2021-08-09,granada_capital,55000,0.0,41.7,0.0
2021-08-09,jaen_capital,165000,0.0,43.3,0.0
2021-08-09,linares,45000,0.0,43.8,0.0
2021-08-09,lucena,88000,0.0,42.0,0.0
2021-08-09,martos,68000,0.0,42.0,0.0
2021-08-09,sevilla_capital,75000,0.0,42.3,0.0
2021-08-09,ubeda,98000,0.0,41.4,0.0
2021-08-16,antequera,35000,0.0,39.5,0.0
2021-08-16,baeza,72000,0.0,38.6,0.0
2021-08-16,baza,28000,0.0,39.2,0.0
2021-08-16,cabra,52000,0.0,39.4,0.0
2021-08-16,cordoba_capital,140000,0.0,41.8,0.0
2021-08-16,ecija,42000,0.0,41.5,0.0
2021-08-16,granada_capital,55000,0.0,40.2,0.0
2021-08-16,jaen_capital,165000,0.0,40.4,0.0
2021-08-16,linares,45000,0.0,41.2,0.0
2021-08-16,lucena,88000,0.0,39.0,0.0
2021-08-16,martos,68000,0.0,38.9,0.0
2021-08-16,sevilla_capital,75000,0.0,41.4,0.0
2021-08-16,ubeda,98000,0.0,38.8,0.0
2021-08-23,antequera,35000,0.0,32.9,0.0
2021-08-23,baeza,72000,0.0,36.1,0.0
2021-08-23,baza,28000,0.0,35.0,0.0
2021-08-23,cabra,52000,0.0,36.6,0.0
2021-08-23,cordoba_capital,140000,0.0,38.5,0.0
2021-08-23,ecija,42000,0.0,38.2,0.0
2021-08-23,granada_capital,55000,0.0,35.8,0.0
2021-08-23,jaen_capital,165000,0.0,37.0,0.0
2021-08-23,linares,45000,0.0,39.0,0.0
2021-08-23,lucena,88000,0.0,35.4,0.0
2021-08-23,martos,68000,0.0,35.7,0.0
2021-08-23,sevilla_capital,75000,0.0,36.1,0.0
2021-08-23,ubeda,98000,0.0,36.3,0.0
2021-08-30,antequera,35000,0.0,30.4,0.0
2021-08-30,baeza,72000,0.0,31.7,0.0
2021-08-30,baza,28000,0.0,32.6,0.0
2021-08-30,cabra,52000,0.0,34.7,0.0
2021-08-30,cordoba_capital,140000,0.0,36.4,0.0
2021-08-30,ecija,42000,0.0,37.0,0.0
2021-08-30,granada_capital,55000,0.0,34.4,0.0
2021-08-30,jaen_capital,165000,0.0,34.1,0.0
2021-08-30,linares,45000,0.0,34.9,0.0
2021-08-30,lucena,88000,0.0,33.0,0.0
2021-08-30,martos,68000,0.0,33.7,0.0
2021-08-30,sevilla_capital,75000,0.0,35.7,0.0
2021-08-30,ubeda,98000,0.0,32.2,0.0
2021-09-06,antequera,35000,0.0,32.5,0.0
2021-09-06,baeza,72000,0.0,34.1,0.0
2021-09-06,baza,28000,0.0,36.7,0.0
2021-09-06,cabra,52000,0.0,37.8,0.0
2021-09-06,cordoba_capital,140000,0.0,37.7,0.0
2021-09-06,ecija,42000,0.0,37.7,0.0
2021-09-06,granada_capital,55000,0.0,36.4,0.0
2021-09-06,jaen_capital,165000,0.0,37.4,0.0
2021-09-06,linares,45000,0.0,37.4,0.0
2021-09-06,lucena,88000,0.0,35.3,0.0
2021-09-06,martos,68000,0.0,36.6,0.0
2021-09-06,sevilla_capital,75000,0.0,35.8,0.0
2021-09-06,ubeda,98000,0.0,34.3,0.0
2021-09-13,antequera,35000,0.0,29.2,0.0
2021-09-13,baeza,72000,0.0,28.1,0.0
2021-09-13,baza,28000,0.0,28.6,0.0
2021-09-13,cabra,52000,0.0,30.4,0.0
2021-09-13,cordoba_capital,140000,0.0,31.9,0.0
2021-09-13,ecija,42000,0.0,32.1,0.0
2021-09-13,granada_capital,55000,0.0,30.1,0.0
2021-09-13,jaen_capital,165000,0.0,30.6,0.0
2021-09-13,linares,45000,0.0,31.5,0.0
2021-09-13,lucena,88000,0.0,29.5,0.0
2021-09-13,martos,68000,0.0,29.2,0.0
2021-09-13,sevilla_capital,75000,0.0,32.2,0.0
2021-09-13,ubeda,98000,0.0,28.5,0.0
2021-09-20,antequera,35000,0.0,28.3,0.0
2021-09-20,baeza,72000,0.0,26.8,0.0
2021-09-20,baza,28000,0.0,28.3,0.0
2021-09-20,cabra,52000,0.0,29.4,0.0
2021-09-20,cordoba_capital,140000,0.0,31.2,0.0
2021-09-20,ecija,42000,0.0,30.9,0.0
2021-09-20,granada_capital,55000,0.0,29.0,0.0
2021-09-20,jaen_capital,165000,0.0,29.1,0.0
2021-09-20,linares,45000,0.0,30.2,0.0
2021-09-20,lucena,88000,0.0,28.6,0.0
2021-09-20,martos,68000,0.0,28.4,0.0
2021-09-20,sevilla_capital,75000,0.0,29.8,0.0
2021-09-20,ubeda,98000,0.0,27.0,0.0
2021-09-27,antequera,35000,0.0,28.7,0.0
2021-09-27,baeza,72000,0.0,28.0,0.0
2021-09-27,baza,28000,0.0,29.4,0.0
2021-09-27,cabra,52000,0.0,30.6,0.0
2021-09-27,cordoba_capital,140000,0.0,32.0,0.0
2021-09-27,ecija,42000,0.0,32.4,0.0
2021-09-27,granada_capital,55000,0.0,30.4,0.0
2021-09-27,jaen_capital,165000,0.0,30.0,0.0
2021-09-27,linares,45000,0.0,31.2,0.0
2021-09-27,lucena,88000,0.0,29.6,0.0
2021-09-27,martos,68000,0.0,29.4,0.0
2021-09-27,sevilla_capital,75000,0.0,30.2,0.0
2021-09-27,ubeda,98000,0.0,28.5,0.0
2021-10-04,antequera,35000,0.0,26.7,0.0
2021-10-04,baeza,72000,0.0,25.8,0.0
2021-10-04,baza,28000,0.0,27.6,0.0
2021-10-04,cabra,52000,0.0,28.7,0.0
2021-10-04,cordoba_capital,140000,0.0,30.9,0.0
2021-10-04,ecija,42000,0.0,31.0,0.0
2021-10-04,granada_capital,55000,0.0,28.0,0.0
2021-10-04,jaen_capital,165000,0.0,27.6,0.0
2021-10-04,linares,45000,0.0,29.2,0.0
2021-10-04,lucena,88000,0.0,27.7,0.0
2021-10-04,martos,68000,0.0,27.3,0.0
2021-10-04,sevilla_capital,75000,0.0,29.9,0.0
2021-10-04,ubeda,98000,0.0,26.0,0.0
2021-10-11,antequera,35000,0.0,26.9,0.0
2021-10-11,baeza,72000,0.0,24.7,0.0
2021-10-11,baza,28000,0.0,25.7,0.0
2021-10-11,cabra,52000,0.0,28.0,0.0
2021-10-11,cordoba_capital,140000,0.0,30.0,0.0
2021-10-11,ecija,42000,0.0,30.2,0.0
2021-10-11,granada_capital,55000,0.0,27.8,0.0
2021-10-11,jaen_capital,165000,0.0,27.4,0.0
2021-10-11,linares,45000,0.0,28.0,0.0
2021-10-11,lucena,88000,0.0,26.8,0.0
2021-10-11,martos,68000,0.0,27.1,0.0
2021-10-11,sevilla_capital,75000,0.0,29.6,0.0
2021-10-11,ubeda,98000,0.0,25.0,0.0
2021-10-18,antequera,35000,0.0,26.1,0.0
2021-10-18,baeza,72000,0.0,24.9,0.0
2021-10-18,baza,28000,0.0,26.1,0.0
2021-10-18,cabra,52000,0.0,27.6,0.0
2021-10-18,cordoba_capital,140000,0.0,29.7,0.0
2021-10-18,ecija,42000,0.0,30.3,0.0
2021-10-18,granada_capital,55000,0.0,27.0,0.0
2021-10-18,jaen_capital,165000,0.0,27.7,0.0
2021-10-18,linares,45000,0.0,28.0,0.0
2021-10-18,lucena,88000,0.0,26.8,0.0
2021-10-18,martos,68000,0.0,27.0,0.0
2021-10-18,sevilla_capital,75000,0.0,30.1,0.0
2021-10-18,ubeda,98000,0.0,25.2,0.0
2021-10-25,antequera,35000,0.0,22.8,0.0
2021-10-25,baeza,72000,0.0,21.4,0.0
2021-10-25,baza,28000,0.0,21.8,0.0
2021-10-25,cabra,52000,0.0,23.7,0.0
2021-10-25,cordoba_capital,140000,0.0,25.8,0.0
2021-10-25,ecija,42000,0.0,26.4,0.0
2021-10-25,granada_capital,55000,0.0,23.0,0.0
2021-10-25,jaen_capital,165000,0.0,23.6,0.0
2021-10-25,linares,45000,0.0,24.3,0.0
2021-10-25,lucena,88000,0.0,23.0,0.0
2021-10-25,martos,68000,0.0,22.9,0.0
2021-10-25,sevilla_capital,75000,0.0,25.9,0.0
2021-10-25,ubeda,98000,0.0,21.8,0.0
2021-11-01,antequera,35000,0.0,21.3,0.0
2021-11-01,baeza,72000,0.0,16.2,0.0
2021-11-01,baza,28000,0.0,19.6,0.0
2021-11-01,cabra,52000,0.0,20.7,0.0
2021-11-01,cordoba_capital,140000,0.0,20.9,0.0
2021-11-01,ecija,42000,0.0,23.4,0.0
2021-11-01,granada_capital,55000,0.0,19.1,0.0
2021-11-01,jaen_capital,165000,0.0,19.1,0.0
2021-11-01,linares,45000,0.0,19.0,0.0
2021-11-01,lucena,88000,0.0,19.9,0.0
2021-11-01,martos,68000,0.0,18.6,0.0
2021-11-01,sevilla_capital,75000,0.0,22.9,0.0
2021-11-01,ubeda,98000,0.0,16.4,0.0
2021-11-08,antequera,35000,0.0,20.5,0.0
2021-11-08,baeza,72000,0.0,16.6,0.0
2021-11-08,baza,28000,0.0,17.4,0.0
2021-11-08,cabra,52000,0.0,19.3,0.0
2021-11-08,cordoba_capital,140000,0.0,21.2,0.0
2021-11-08,ecija,42000,0.0,22.3,0.0
2021-11-08,granada_capital,55000,0.0,19.0,0.0
2021-11-08,jaen_capital,165000,0.0,19.0,0.0
2021-11-08,linares,45000,0.0,19.5,0.0
2021-11-08,lucena,88000,0.0,19.0,0.0
2021-11-08,martos,68000,0.0,18.5,0.0
2021-11-08,sevilla_capital,75000,0.0,22.6,0.0
2021-11-08,ubeda,98000,0.0,16.7,0.0
2021-11-15,antequera,35000,0.0,19.1,0.0
2021-11-15,baeza,72000,0.0,15.2,0.0
2021-11-15,baza,28000,0.0,15.0,0.0
2021-11-15,cabra,52000,0.0,20.9,0.0
2021-11-15,cordoba_capital,140000,0.0,21.5,0.0
2021-11-15,ecija,42000,0.0,24.0,0.0
2021-11-15,granada_capital,55000,0.0,17.5,0.0
2021-11-15,jaen_capital,165000,0.0,18.1,0.0
2021-11-15,linares,45000,0.0,18.1,0.0
2021-11-15,lucena,88000,0.0,20.1,0.0
2021-11-15,martos,68000,0.0,18.3,0.0
2021-11-15,sevilla_capital,75000,0.0,22.8,0.0
2021-11-15,ubeda,98000,0.0,15.2,0.0
2021-11-22,antequera,35000,0.0,13.9,0.0
2021-11-22,baeza,72000,0.0,10.1,0.0
2021-11-22,baza,28000,0.0,11.1,0.0
2021-11-22,cabra,52000,0.0,13.3,0.0
2021-11-22,cordoba_capital,140000,0.0,15.3,0.0
2021-11-22,ecija,42000,0.0,16.4,0.0
2021-11-22,granada_capital,55000,0.0,12.7,0.0
2021-11-22,jaen_capital,165000,0.0,12.7,0.0
2021-11-22,linares,45000,0.0,12.4,0.0
2021-11-22,lucena,88000,0.0,12.9,0.0
2021-11-22,martos,68000,0.0,12.0,0.0
2021-11-22,sevilla_capital,75000,0.0,17.3,0.0
2021-11-22,ubeda,98000,0.0,10.6,0.0
2021-11-29,antequera,35000,0.0,14.8,0.0
2021-11-29,baeza,72000,0.0,11.3,0.0
2021-11-29,baza,28000,0.0,13.5,0.0
2021-11-29,cabra,52000,0.0,14.2,0.0
2021-11-29,cordoba_capital,140000,0.0,15.8,0.0
2021-11-29,ecija,42000,0.0,17.2,0.0
2021-11-29,granada_capital,55000,0.0,13.9,0.0
2021-11-29,jaen_capital,165000,0.0,13.3,0.0
2021-11-29,linares,45000,0.0,13.6,0.0
2021-11-29,lucena,88000,0.0,13.3,0.0
2021-11-29,martos,68000,0.0,12.8,0.0
2021-11-29,sevilla_capital,75000,0.0,18.2,0.0
2021-11-29,ubeda,98000,0.0,11.5,0.0
2021-12-06,antequera,35000,0.0,19.2,0.0
2021-12-06,baeza,72000,0.0,15.5,0.0
2021-12-06,baza,28000,0.0,16.8,0.0
2021-12-06,cabra,52000,0.0,19.5,0.0
2021-12-06,cordoba_capital,140000,0.0,20.1,0.0
2021-12-06,ecija,42000,0.0,22.1,0.0
2021-12-06,granada_capital,55000,0.0,17.5,0.0
2021-12-06,jaen_capital,165000,0.0,18.0,0.0
2021-12-06,linares,45000,0.0,17.9,0.0
2021-12-06,lucena,88000,0.0,18.7,0.0
2021-12-06,martos,68000,0.0,17.6,0.0
2021-12-06,sevilla_capital,75000,0.0,21.8,0.0
2021-12-06,ubeda,98000,0.0,15.7,0.0
2021-12-13,antequera,35000,0.0,16.2,0.0
2021-12-13,baeza,72000,0.0,15.1,0.0
2021-12-13,baza,28000,0.0,15.8,0.0
2021-12-13,cabra,52000,0.0,18.4,0.0
2021-12-13,cordoba_capital,140000,0.0,18.6,0.0
2021-12-13,ecija,42000,0.0,20.7,0.0
2021-12-13,granada_capital,55000,0.0,17.0,0.0
2021-12-13,jaen_capital,165000,0.0,17.2,0.0
2021-12-13,linares,45000,0.0,17.4,0.0
2021-12-13,lucena,88000,0.0,17.1,0.0
2021-12-13,martos,68000,0.0,16.5,0.0
2021-12-13,sevilla_capital,75000,0.0,20.2,0.0
2021-12-13,ubeda,98000,0.0,15.3,0.0
2021-12-20,antequera,35000,0.0,19.1,0.0
2021-12-20,baeza,72000,0.0,16.8,0.0
2021-12-20,baza,28000,0.0,18.2,0.0
2021-12-20,cabra,52000,0.0,20.7,0.0
2021-12-20,cordoba_capital,140000,0.0,20.9,0.0
2021-12-20,ecija,42000,0.0,23.6,0.0
2021-12-20,granada_capital,55000,0.0,19.6,0.0
2021-12-20,jaen_capital,165000,0.0,19.9,0.0
2021-12-20,linares,45000,0.0,19.3,0.0
2021-12-20,lucena,88000,0.0,20.1,0.0
2021-12-20,martos,68000,0.0,19.4,0.0
2021-12-20,sevilla_capital,75000,0.0,20.7,0.0
2021-12-20,ubeda,98000,0.0,16.9,0.0
2021-12-27,antequera,35000,0.0,21.4,0.0
2021-12-27,baeza,72000,0.0,18.9,0.0
2021-12-27,baza,28000,0.0,22.2,0.0
2021-12-27,cabra,52000,0.0,22.5,0.0
2021-12-27,cordoba_capital,140000,0.0,21.5,0.0
2021-12-27,ecija,42000,0.0,22.0,0.0
2021-12-27,granada_capital,55000,0.0,22.7,0.0
2021-12-27,jaen_capital,165000,0.0,21.6,0.0
2021-12-27,linares,45000,0.0,20.8,0.0
2021-12-27,lucena,88000,0.0,21.9,0.0
2021-12-27,martos,68000,0.0,21.1,0.0
2021-12-27,sevilla_capital,75000,0.0,21.4,0.0
2021-12-27,ubeda,98000,0.0,19.2,0.0
2022-01-03,antequera,35000,0.0,20.3,0.0
2022-01-03,baeza,72000,0.0,16.5,0.0
2022-01-03,baza,28000,0.0,19.6,0.0
2022-01-03,cabra,52000,0.0,20.2,0.0
2022-01-03,cordoba_capital,140000,0.0,20.2,0.0
2022-01-03,ecija,42000,0.0,20.5,0.0
2022-01-03,granada_capital,55000,0.0,20.4,0.0
2022-01-03,jaen_capital,165000,0.0,19.3,0.0
2022-01-03,linares,45000,0.0,18.7,0.0
2022-01-03,lucena,88000,0.0,19.7,0.0
2022-01-03,martos,68000,0.0,18.7,0.0
2022-01-03,sevilla_capital,75000,0.0,20.1,0.0
2022-01-03,ubeda,98000,0.0,16.8,0.0
2022-01-10,antequera,35000,0.0,14.9,0.0
2022-01-10,baeza,72000,0.0,12.7,0.0
2022-01-10,baza,28000,0.0,13.8,0.0
2022-01-10,cabra,52000,0.0,15.6,0.0
2022-01-10,cordoba_capital,140000,0.0,17.2,0.0
2022-01-10,ecija,42000,0.0,17.8,0.0
2022-01-10,granada_capital,55000,0.0,15.8,0.0
2022-01-10,jaen_capital,165000,0.0,14.4,0.0
2022-01-10,linares,45000,0.0,15.5,0.0
2022-01-10,lucena,88000,0.0,15.2,0.0
2022-01-10,martos,68000,0.0,13.9,0.0
2022-01-10,sevilla_capital,75000,0.0,18.3,0.0
2022-01-10,ubeda,98000,0.0,12.7,0.0
2022-01-17,antequera,35000,0.0,12.8,0.0
2022-01-17,baeza,72000,0.0,11.7,0.0
2022-01-17,baza,28000,0.0,13.4,0.0
2022-01-17,cabra,52000,0.0,15.0,0.0
2022-01-17,cordoba_capital,140000,0.0,15.9,0.0
2022-01-17,ecija,42000,0.0,17.2,0.0
2022-01-17,granada_capital,55000,0.0,13.8,0.0
2022-01-17,jaen_capital,165000,0.0,14.8,0.0
2022-01-17,linares,45000,0.0,14.0,0.0
2022-01-17,lucena,88000,0.0,13.7,0.0
2022-01-17,martos,68000,0.0,14.2,0.0
2022-01-17,sevilla_capital,75000,0.0,17.5,0.0
2022-01-17,ubeda,98000,0.0,11.9,0.0
2022-01-24,antequera,35000,0.0,16.5,0.0
2022-01-24,baeza,72000,0.0,15.6,0.0
2022-01-24,baza,28000,0.0,17.0,0.0
2022-01-24,cabra,52000,0.0,18.6,0.0
2022-01-24,cordoba_capital,140000,0.0,19.9,0.0
2022-01-24,ecija,42000,0.0,21.0,0.0
2022-01-24,granada_capital,55000,0.0,18.5,0.0
2022-01-24,jaen_capital,165000,0.0,18.1,0.0
2022-01-24,linares,45000,0.0,18.0,0.0
2022-01-24,lucena,88000,0.0,17.9,0.0
2022-01-24,martos,68000,0.0,17.5,0.0
2022-01-24,sevilla_capital,75000,0.0,20.4,0.0
2022-01-24,ubeda,98000,0.0,15.7,0.0
2022-01-31,antequera,35000,0.0,20.3,0.0
2022-01-31,baeza,72000,0.0,16.7,0.0
2022-01-31,baza,28000,0.0,20.7,0.0
2022-01-31,cabra,52000,0.0,21.2,0.0
2022-01-31,cordoba_capital,140000,0.0,21.7,0.0
2022-01-31,ecija,42000,0.0,22.5,0.0
2022-01-31,granada_capital,55000,0.0,19.9,0.0
2022-01-31,jaen_capital,165000,0.0,19.4,0.0
2022-01-31,linares,45000,0.0,19.2,0.0
2022-01-31,lucena,88000,0.0,20.3,0.0
2022-01-31,martos,68000,0.0,19.0,0.0
2022-01-31,sevilla_capital,75000,0.0,21.1,0.0
2022-01-31,ubeda,98000,0.0,16.8,0.0
2022-02-07,antequera,35000,0.0,18.2,0.0
2022-02-07,baeza,72000,0.0,15.7,0.0
2022-02-07,baza,28000,0.0,17.0,0.0
2022-02-07,cabra,52000,0.0,19.1,0.0
2022-02-07,cordoba_capital,140000,0.0,21.1,0.0
2022-02-07,ecija,42000,0.0,21.6,0.0
2022-02-07,granada_capital,55000,0.0,18.4,0.0
2022-02-07,jaen_capital,165000,0.0,18.8,0.0
2022-02-07,linares,45000,0.0,18.5,0.0
2022-02-07,lucena,88000,0.0,18.4,0.0
2022-02-07,martos,68000,0.0,18.2,0.0
2022-02-07,sevilla_capital,75000,0.0,21.5,0.0
2022-02-07,ubeda,98000,0.0,15.9,0.0
2022-02-14,antequera,35000,0.0,21.4,0.0
2022-02-14,baeza,72000,0.0,18.0,0.0
2022-02-14,baza,28000,0.0,22.1,0.0
2022-02-14,cabra,52000,0.0,22.3,0.0
2022-02-14,cordoba_capital,140000,0.0,22.6,0.0
2022-02-14,ecija,42000,0.0,22.9,0.0
2022-02-14,granada_capital,55000,0.0,21.9,0.0
2022-02-14,jaen_capital,165000,0.0,20.6,0.0
2022-02-14,linares,45000,0.0,20.4,0.0
2022-02-14,lucena,88000,0.0,20.9,0.0
2022-02-14,martos,68000,0.0,20.3,0.0
2022-02-14,sevilla_capital,75000,0.0,22.1,0.0
2022-02-14,ubeda,98000,0.0,18.0,0.0
2022-02-21,antequera,35000,0.0,20.2,0.0
2022-02-21,baeza,72000,0.0,19.2,0.0
2022-02-21,baza,28000,0.0,20.8,0.0
2022-02-21,cabra,52000,0.0,22.3,0.0
2022-02-21,cordoba_capital,140000,0.0,24.1,0.0
2022-02-21,ecija,42000,0.0,25.4,0.0
2022-02-21,granada_capital,55000,0.0,21.9,0.0
2022-02-21,jaen_capital,165000,0.0,22.5,0.0
2022-02-21,linares,45000,0.0,21.7,0.0
2022-02-21,lucena,88000,0.0,21.5,0.0
2022-02-21,martos,68000,0.0,21.6,0.0
2022-02-21,sevilla_capital,75000,0.0,25.0,0.0
2022-02-21,ubeda,98000,0.0,19.2,0.0
2022-02-28,antequera,35000,0.0,19.2,0.0
2022-02-28,baeza,72000,0.0,16.0,0.0
2022-02-28,baza,28000,0.0,17.6,0.0
2022-02-28,cabra,52000,0.0,18.5,0.0
2022-02-28,cordoba_capital,140000,0.0,21.0,0.0
2022-02-28,ecija,42000,0.0,22.0,0.0
2022-02-28,granada_capital,55000,0.0,18.0,0.0
2022-02-28,jaen_capital,165000,0.0,18.3,0.0
2022-02-28,linares,45000,0.0,18.9,0.0
2022-02-28,lucena,88000,0.0,18.1,0.0
2022-02-28,martos,68000,0.0,17.4,0.0
2022-02-28,sevilla_capital,75000,0.0,21.8,0.0
2022-02-28,ubeda,98000,0.0,16.0,0.0
2022-03-07,antequera,35000,0.0,17.0,0.0
2022-03-07,baeza,72000,0.0,15.0,0.0
2022-03-07,baza,28000,0.0,16.0,0.0
2022-03-07,cabra,52000,0.0,17.8,0.0
2022-03-07,cordoba_capital,140000,0.0,19.4,0.0
2022-03-07,ecija,42000,0.0,21.0,0.0
2022-03-07,granada_capital,55000,0.0,16.8,0.0
2022-03-07,jaen_capital,165000,0.0,17.8,0.0
2022-03-07,linares,45000,0.0,17.6,0.0
2022-03-07,lucena,88000,0.0,17.1,0.0
2022-03-07,martos,68000,0.0,17.1,0.0
2022-03-07,sevilla_capital,75000,0.0,19.8,0.0
2022-03-07,ubeda,98000,0.0,15.1,0.0
2022-03-14,antequera,35000,0.0,17.1,0.0
2022-03-14,baeza,72000,0.0,17.6,0.0
2022-03-14,baza,28000,0.0,18.4,0.0
2022-03-14,cabra,52000,0.0,20.8,0.0
2022-03-14,cordoba_capital,140000,0.0,22.4,0.0
2022-03-14,ecija,42000,0.0,19.9,0.0
2022-03-14,granada_capital,55000,0.0,18.4,0.0
2022-03-14,jaen_capital,165000,0.0,19.8,0.0
2022-03-14,linares,45000,0.0,20.5,0.0
2022-03-14,lucena,88000,0.0,19.6,0.0
2022-03-14,martos,68000,0.0,19.5,0.0
2022-03-14,sevilla_capital,75000,0.0,20.0,0.0
2022-03-14,ubeda,98000,0.0,17.5,0.0
2022-03-21,antequera,35000,0.0,16.7,0.0
2022-03-21,baeza,72000,0.0,16.6,0.0
2022-03-21,baza,28000,0.0,14.2,0.0
2022-03-21,cabra,52000,0.0,21.0,0.0
2022-03-21,cordoba_capital,140000,0.0,21.7,0.0
2022-03-21,ecija,42000,0.0,22.0,0.0
2022-03-21,granada_capital,55000,0.0,19.3,0.0
2022-03-21,jaen_capital,165000,0.0,20.3,0.0
2022-03-21,linares,45000,0.0,19.5,0.0
2022-03-21,lucena,88000,0.0,19.7,0.0
2022-03-21,martos,68000,0.0,20.0,0.0
2022-03-21,sevilla_capital,75000,0.0,21.2,0.0
2022-03-21,ubeda,98000,0.0,16.5,0.0
2022-03-28,antequera,35000,0.0,15.6,0.0
2022-03-28,baeza,72000,0.0,19.0,0.0
2022-03-28,baza,28000,0.0,16.5,0.0
2022-03-28,cabra,52000,0.0,21.0,0.0
2022-03-28,cordoba_capital,140000,0.0,20.9,0.0
2022-03-28,ecija,42000,0.0,20.0,0.0
2022-03-28,granada_capital,55000,0.0,20.9,0.0
2022-03-28,jaen_capital,165000,0.0,21.7,0.0
2022-03-28,linares,45000,0.0,21.7,0.0
2022-03-28,lucena,88000,0.0,18.6,0.0
2022-03-28,martos,68000,0.0,20.9,0.0
2022-03-28,sevilla_capital,75000,0.0,20.6,0.0
2022-03-28,ubeda,98000,0.0,19.0,0.0
2022-04-04,antequera,35000,0.0,20.3,0.0
2022-04-04,baeza,72000,0.0,23.2,0.0
2022-04-04,baza,28000,0.0,20.8,0.0
2022-04-04,cabra,52000,0.0,24.2,0.0
2022-04-04,cordoba_capital,140000,0.0,25.5,0.0
2022-04-04,ecija,42000,0.0,25.8,0.0
2022-04-04,granada_capital,55000,0.0,23.5,0.0
2022-04-04,jaen_capital,165000,0.0,25.9,0.0
2022-04-04,linares,45000,0.0,25.7,0.0
2022-04-04,lucena,88000,0.0,22.7,0.0
2022-04-04,martos,68000,0.0,24.4,0.0
2022-04-04,sevilla_capital,75000,0.0,26.0,0.0
2022-04-04,ubeda,98000,0.0,23.2,0.0
2022-04-11,antequera,35000,0.0,25.9,0.0
2022-04-11,baeza,72000,0.0,23.2,0.0
2022-04-11,baza,28000,0.0,23.0,0.0
2022-04-11,cabra,52000,0.0,25.9,0.0
2022-04-11,cordoba_capital,140000,0.0,29.0,0.0
2022-04-11,ecija,42000,0.0,29.5,0.0
2022-04-11,granada_capital,55000,0.0,25.1,0.0
2022-04-11,jaen_capital,165000,0.0,25.8,0.0
2022-04-11,linares,45000,0.0,26.3,0.0
2022-04-11,lucena,88000,0.0,25.8,0.0
2022-04-11,martos,68000,0.0,25.2,0.0
2022-04-11,sevilla_capital,75000,0.0,28.8,0.0
2022-04-11,ubeda,98000,0.0,23.2,0.0
2022-04-18,antequera,35000,0.0,22.4,0.0
2022-04-18,baeza,72000,0.0,22.4,0.0
2022-04-18,baza,28000,0.0,22.0,0.0
2022-04-18,cabra,52000,0.0,24.6,0.0
2022-04-18,cordoba_capital,140000,0.0,27.5,0.0
2022-04-18,ecija,42000,0.0,28.0,0.0
2022-04-18,granada_capital,55000,0.0,23.6,0.0
2022-04-18,jaen_capital,165000,0.0,24.5,0.0
2022-04-18,linares,45000,0.0,25.2,0.0
2022-04-18,lucena,88000,0.0,24.2,0.0
2022-04-18,martos,68000,0.0,23.7,0.0
2022-04-18,sevilla_capital,75000,0.0,26.5,0.0
2022-04-18,ubeda,98000,0.0,22.5,0.0
2022-04-25,antequera,35000,0.0,24.0,0.0
2022-04-25,baeza,72000,0.0,21.8,0.0
2022-04-25,baza,28000,0.0,21.5,0.0
2022-04-25,cabra,52000,0.0,24.5,0.0
2022-04-25,cordoba_capital,140000,0.0,27.3,0.0
2022-04-25,ecija,42000,0.0,28.0,0.0
2022-04-25,granada_capital,55000,0.0,22.8,0.0
2022-04-25,jaen_capital,165000,0.0,24.2,0.0
2022-04-25,linares,45000,0.0,24.7,0.0
2022-04-25,lucena,88000,0.0,24.1,0.0
2022-04-25,martos,68000,0.0,23.3,0.0
2022-04-25,sevilla_capital,75000,0.0,28.1,0.0
2022-04-25,ubeda,98000,0.0,21.8,0.0
2022-05-02,antequera,35000,0.0,24.4,0.0
2022-05-02,baeza,72000,0.0,24.4,0.0
2022-05-02,baza,28000,0.0,24.2,0.0
2022-05-02,cabra,52000,0.0,27.3,0.0
2022-05-02,cordoba_capital,140000,0.0,30.4,0.0
2022-05-02,ecija,42000,0.0,31.0,0.0
2022-05-02,granada_capital,55000,0.0,25.1,0.0
2022-05-02,jaen_capital,165000,0.0,26.8,0.0
2022-05-02,linares,45000,0.0,27.4,0.0
2022-05-02,lucena,88000,0.0,26.8,0.0
2022-05-02,martos,68000,0.0,26.1,0.0
2022-05-02,sevilla_capital,75000,0.0,29.8,0.0
2022-05-02,ubeda,98000,0.0,24.4,0.0
2022-05-09,antequera,35000,0.0,26.2,0.0
2022-05-09,baeza,72000,0.0,28.5,0.0
2022-05-09,baza,28000,0.0,28.3,0.0
2022-05-09,cabra,52000,0.0,29.7,0.0
2022-05-09,cordoba_capital,140000,0.0,33.2,0.0
2022-05-09,ecija,42000,0.0,33.8,0.0
2022-05-09,granada_capital,55000,0.0,29.0,0.0
2022-05-09,jaen_capital,165000,0.0,30.8,0.0
2022-05-09,linares,45000,0.0,31.2,0.0
2022-05-09,lucena,88000,0.0,28.6,0.0
2022-05-09,martos,68000,0.0,29.3,0.0
2022-05-09,sevilla_capital,75000,0.0,32.6,0.0
2022-05-09,ubeda,98000,0.0,28.7,0.0
2022-05-16,antequera,35000,0.0,30.7,0.0
2022-05-16,baeza,72000,0.0,35.8,0.0
2022-05-16,baza,28000,0.0,32.7,0.0
2022-05-16,cabra,52000,0.0,35.5,0.0
2022-05-16,cordoba_capital,140000,0.0,38.6,0.0
2022-05-16,ecija,42000,0.0,37.6,0.0
2022-05-16,granada_capital,55000,0.0,35.4,0.0
2022-05-16,jaen_capital,165000,0.0,38.3,0.0
2022-05-16,linares,45000,0.0,38.2,0.0
2022-05-16,lucena,88000,0.0,33.4,0.0
2022-05-16,martos,68000,0.0,36.0,0.0
2022-05-16,sevilla_capital,75000,0.0,38.1,0.0
2022-05-16,ubeda,98000,0.0,35.9,0.0
2022-05-23,antequera,35000,0.0,29.1,0.0
2022-05-23,baeza,72000,0.0,30.2,0.0
2022-05-23,baza,28000,0.0,30.1,0.0
2022-05-23,cabra,52000,0.0,31.6,0.0
2022-05-23,cordoba_capital,140000,0.0,35.1,0.0
2022-05-23,ecija,42000,0.0,35.6,0.0
2022-05-23,granada_capital,55000,0.0,30.1,0.0
2022-05-23,jaen_capital,165000,0.0,32.8,0.0
2022-05-23,linares,45000,0.0,32.9,0.0
2022-05-23,lucena,88000,0.0,30.6,0.0
2022-05-23,martos,68000,0.0,30.9,0.0
2022-05-23,sevilla_capital,75000,0.0,33.6,0.0
2022-05-23,ubeda,98000,0.0,30.5,0.0
2022-05-30,antequera,35000,0.0,30.3,0.0
2022-05-30,baeza,72000,0.0,29.3,0.0
2022-05-30,baza,28000,0.0,31.8,0.0
2022-05-30,cabra,52000,0.0,30.5,0.0
2022-05-30,cordoba_capital,140000,0.0,33.3,0.0
2022-05-30,ecija,42000,0.0,33.0,0.0
2022-05-30,granada_capital,55000,0.0,31.1,0.0
2022-05-30,jaen_capital,165000,0.0,31.7,0.0
2022-05-30,linares,45000,0.0,31.6,0.0
2022-05-30,lucena,88000,0.0,29.7,0.0
2022-05-30,martos,68000,0.0,29.8,0.0
2022-05-30,sevilla_capital,75000,0.0,31.7,0.0
2022-05-30,ubeda,98000,0.0,29.7,0.0
2022-06-06,antequera,35000,0.0,33.4,0.0
2022-06-06,baeza,72000,0.0,38.0,0.0
2022-06-06,baza,28000,0.0,34.9,0.0
2022-06-06,cabra,52000,0.0,38.5,0.0
2022-06-06,cordoba_capital,140000,0.0,41.7,0.0
2022-06-06,ecija,42000,0.0,40.9,0.0
2022-06-06,granada_capital,55000,0.0,37.8,0.0
2022-06-06,jaen_capital,165000,0.0,41.0,0.0
2022-06-06,linares,45000,0.0,40.4,0.0
2022-06-06,lucena,88000,0.0,36.3,0.0
2022-06-06,martos,68000,0.0,38.9,0.0
2022-06-06,sevilla_capital,75000,0.0,39.9,0.0
2022-06-06,ubeda,98000,0.0,38.2,0.0
2022-06-13,antequera,35000,0.0,36.2,0.0
2022-06-13,baeza,72000,0.0,38.3,0.0
2022-06-13,baza,28000,0.0,37.7,0.0
2022-06-13,cabra,52000,0.0,39.2,0.0
2022-06-13,cordoba_capital,140000,0.0,41.9,0.0
2022-06-13,ecija,42000,0.0,42.2,0.0
2022-06-13,granada_capital,55000,0.0,38.4,0.0
2022-06-13,jaen_capital,165000,0.0,40.8,0.0
2022-06-13,linares,45000,0.0,40.8,0.0
2022-06-13,lucena,88000,0.0,38.1,0.0
2022-06-13,martos,68000,0.0,38.6,0.0
2022-06-13,sevilla_capital,75000,0.0,39.8,0.0
2022-06-13,ubeda,98000,0.0,38.4,0.0
2022-06-20,antequera,35000,0.0,30.3,0.0
2022-06-20,baeza,72000,0.0,29.5,0.0
2022-06-20,baza,28000,0.0,33.7,0.0
2022-06-20,cabra,52000,0.0,29.8,0.0
2022-06-20,cordoba_capital,140000,0.0,31.3,0.0
2022-06-20,ecija,42000,0.0,30.9,0.0
2022-06-20,granada_capital,55000,0.0,31.8,0.0
2022-06-20,jaen_capital,165000,0.0,31.4,0.0
2022-06-20,linares,45000,0.0,31.6,0.0
2022-06-20,lucena,88000,0.0,28.8,0.0
2022-06-20,martos,68000,0.0,29.2,0.0
2022-06-20,sevilla_capital,75000,0.0,30.4,0.0
2022-06-20,ubeda,98000,0.0,29.7,0.0
2022-06-27,antequera,35000,0.0,32.3,0.0
2022-06-27,baeza,72000,0.0,34.6,0.0
2022-06-27,baza,28000,0.0,35.7,0.0
2022-06-27,cabra,52000,0.0,34.8,0.0
2022-06-27,cordoba_capital,140000,0.0,36.4,0.0
2022-06-27,ecija,42000,0.0,36.2,0.0
2022-06-27,granada_capital,55000,0.0,35.3,0.0
2022-06-27,jaen_capital,165000,0.0,36.4,0.0
2022-06-27,linares,45000,0.0,36.7,0.0
2022-06-27,lucena,88000,0.0,33.4,0.0
2022-06-27,martos,68000,0.0,34.3,0.0
2022-06-27,sevilla_capital,75000,0.0,34.7,0.0
2022-06-27,ubeda,98000,0.0,34.9,0.0
2022-07-04,antequera,35000,0.0,34.1,0.0
2022-07-04,baeza,72000,0.0,36.2,0.0
2022-07-04,baza,28000,0.0,34.9,0.0
2022-07-04,cabra,52000,0.0,37.2,0.0
2022-07-04,cordoba_capital,140000,0.0,40.6,0.0
2022-07-04,ecija,42000,0.0,40.3,0.0
2022-07-04,granada_capital,55000,0.0,35.9,0.0
2022-07-04,jaen_capital,165000,0.0,38.4,0.0
2022-07-04,linares,45000,0.0,38.8,0.0
2022-07-04,lucena,88000,0.0,35.9,0.0
2022-07-04,martos,68000,0.0,36.8,0.0
2022-07-04,sevilla_capital,75000,0.0,39.4,0.0
2022-07-04,ubeda,98000,0.0,36.4,0.0
2022-07-11,antequera,35000,0.0,34.5,0.0
2022-07-11,baeza,72000,0.0,38.9,0.0
2022-07-11,baza,28000,0.0,36.8,0.0
2022-07-11,cabra,52000,0.0,39.6,0.0
2022-07-11,cordoba_capital,140000,0.0,42.8,0.0
2022-07-11,ecija,42000,0.0,42.4,0.0
2022-07-11,granada_capital,55000,0.0,38.9,0.0
2022-07-11,jaen_capital,165000,0.0,41.1,0.0
2022-07-11,linares,45000,0.0,41.6,0.0
2022-07-11,lucena,88000,0.0,37.9,0.0
2022-07-11,martos,68000,0.0,39.5,0.0
2022-07-11,sevilla_capital,75000,0.0,42.6,0.0
2022-07-11,ubeda,98000,0.0,39.0,0.0
2022-07-18,antequera,35000,0.0,39.0,0.0
2022-07-18,baeza,72000,0.0,38.6,0.0
2022-07-18,baza,28000,0.0,38.7,0.0
2022-07-18,cabra,52000,0.0,40.7,0.0
2022-07-18,cordoba_capital,140000,0.0,43.3,0.0
2022-07-18,ecija,42000,0.0,43.0,0.0
2022-07-18,granada_capital,55000,0.0,39.5,0.0
2022-07-18,jaen_capital,165000,0.0,40.5,0.0
2022-07-18,linares,45000,0.0,41.1,0.0
2022-07-18,lucena,88000,0.0,40.2,0.0
2022-07-18,martos,68000,0.0,39.1,0.0
2022-07-18,sevilla_capital,75000,0.0,41.6,0.0
2022-07-18,ubeda,98000,0.0,38.8,0.0
2022-07-25,antequera,35000,0.0,39.1,0.0
2022-07-25,baeza,72000,0.0,37.8,0.0
2022-07-25,baza,28000,0.0,37.9,0.0
2022-07-25,cabra,52000,0.0,39.6,0.0
2022-07-25,cordoba_capital,140000,0.0,42.5,0.0
2022-07-25,ecija,42000,0.0,42.8,0.0
2022-07-25,granada_capital,55000,0.0,37.8,0.0
2022-07-25,jaen_capital,165000,0.0,40.3,0.0
2022-07-25,linares,45000,0.0,40.4,0.0
2022-07-25,lucena,88000,0.0,39.1,0.0
2022-07-25,martos,68000,0.0,38.6,0.0
2022-07-25,sevilla_capital,75000,0.0,42.2,0.0
2022-07-25,ubeda,98000,0.0,38.0,0.0
2022-08-01,antequera,35000,0.0,34.1,0.0
2022-08-01,baeza,72000,0.0,37.3,0.0
2022-08-01,baza,28000,0.0,37.1,0.0
2022-08-01,cabra,52000,0.0,39.0,0.0
2022-08-01,cordoba_capital,140000,0.0,41.1,0.0
2022-08-01,ecija,42000,0.0,41.0,0.0
2022-08-01,granada_capital,55000,0.0,37.5,0.0
2022-08-01,jaen_capital,165000,0.0,39.9,0.0
2022-08-01,linares,45000,0.0,39.8,0.0
2022-08-01,lucena,88000,0.0,37.3,0.0
2022-08-01,martos,68000,0.0,38.2,0.0
2022-08-01,sevilla_capital,75000,0.0,38.9,0.0
2022-08-01,ubeda,98000,0.0,37.7,0.0
2022-08-08,antequera,35000,0.0,37.3,0.0
2022-08-08,baeza,72000,0.0,36.8,0.0
2022-08-08,baza,28000,0.0,38.1,0.0
2022-08-08,cabra,52000,0.0,39.8,0.0
2022-08-08,cordoba_capital,140000,0.0,39.4,0.0
2022-08-08,ecija,42000,0.0,39.1,0.0
2022-08-08,granada_capital,55000,0.0,37.8,0.0
2022-08-08,jaen_capital,165000,0.0,38.4,0.0
2022-08-08,linares,45000,0.0,39.3,0.0
2022-08-08,lucena,88000,0.0,38.6,0.0
2022-08-08,martos,68000,0.0,37.4,0.0
2022-08-08,sevilla_capital,75000,0.0,37.3,0.0
2022-08-08,ubeda,98000,0.0,37.3,0.0
2022-08-15,antequera,35000,0.0,37.1,0.0
2022-08-15,baeza,72000,0.0,34.9,0.0
2022-08-15,baza,28000,0.0,35.6,0.0
2022-08-15,cabra,52000,0.0,37.5,0.0
2022-08-15,cordoba_capital,140000,0.0,39.8,0.0
2022-08-15,ecija,42000,0.0,39.3,0.0
2022-08-15,granada_capital,55000,0.0,36.7,0.0
2022-08-15,jaen_capital,165000,0.0,37.5,0.0
2022-08-15,linares,45000,0.0,37.7,0.0
2022-08-15,lucena,88000,0.0,36.6,0.0
2022-08-15,martos,68000,0.0,36.3,0.0
2022-08-15,sevilla_capital,75000,0.0,38.8,0.0
2022-08-15,ubeda,98000,0.0,35.1,0.0
2022-08-22,antequera,35000,0.0,36.8,0.0
2022-08-22,baeza,72000,0.0,36.4,0.0
2022-08-22,baza,28000,0.0,36.1,0.0
2022-08-22,cabra,52000,0.0,38.0,0.0
2022-08-22,cordoba_capital,140000,0.0,40.2,0.0
2022-08-22,ecija,42000,0.0,39.3,0.0
2022-08-22,granada_capital,55000,0.0,37.5,0.0
2022-08-22,jaen_capital,165000,0.0,38.4,0.0
2022-08-22,linares,45000,0.0,39.1,0.0
2022-08-22,lucena,88000,0.0,37.3,0.0
2022-08-22,martos,68000,0.0,37.2,0.0
2022-08-22,sevilla_capital,75000,0.0,37.4,0.0
2022-08-22,ubeda,98000,0.0,36.6,0.0
2022-08-29,antequera,35000,0.0,33.1,0.0
2022-08-29,baeza,72000,0.0,33.1,0.0
2022-08-29,baza,28000,0.0,34.5,0.0
2022-08-29,cabra,52000,0.0,35.0,0.0
2022-08-29,cordoba_capital,140000,0.0,34.9,0.0
2022-08-29,ecija,42000,0.0,34.8,0.0
2022-08-29,granada_capital,55000,0.0,34.9,0.0
2022-08-29,jaen_capital,165000,0.0,35.3,0.0
2022-08-29,linares,45000,0.0,35.0,0.0
2022-08-29,lucena,88000,0.0,33.6,0.0
2022-08-29,martos,68000,0.0,34.0,0.0
2022-08-29,sevilla_capital,75000,0.0,33.3,0.0
2022-08-29,ubeda,98000,0.0,33.6,0.0
2022-09-05,antequera,35000,0.0,33.1,0.0
2022-09-05,baeza,72000,0.0,35.9,0.0
2022-09-05,baza,28000,0.0,35.6,0.0
2022-09-05,cabra,52000,0.0,36.9,0.0
2022-09-05,cordoba_capital,140000,0.0,37.9,0.0
2022-09-05,ecija,42000,0.0,37.7,0.0
2022-09-05,granada_capital,55000,0.0,35.0,0.0
2022-09-05,jaen_capital,165000,0.0,37.2,0.0
2022-09-05,linares,45000,0.0,38.4,0.0
2022-09-05,lucena,88000,0.0,35.0,0.0
2022-09-05,martos,68000,0.0,35.8,0.0
2022-09-05,sevilla_capital,75000,0.0,35.7,0.0
2022-09-05,ubeda,98000,0.0,36.1,0.0
2022-09-12,antequera,35000,0.0,31.4,0.0
2022-09-12,baeza,72000,0.0,35.4,0.0
2022-09-12,baza,28000,0.0,35.0,0.0
2022-09-12,cabra,52000,0.0,35.3,0.0
2022-09-12,cordoba_capital,140000,0.0,34.7,0.0
2022-09-12,ecija,42000,0.0,34.1,0.0
2022-09-12,granada_capital,55000,0.0,35.4,0.0
2022-09-12,jaen_capital,165000,0.0,37.0,0.0
2022-09-12,linares,45000,0.0,37.7,0.0
2022-09-12,lucena,88000,0.0,33.7,0.0
2022-09-12,martos,68000,0.0,35.1,0.0
2022-09-12,sevilla_capital,75000,0.0,33.3,0.0
2022-09-12,ubeda,98000,0.0,36.0,0.0
2022-09-19,antequera,35000,0.0,28.7,0.0
2022-09-19,baeza,72000,0.0,28.3,0.0
2022-09-19,baza,28000,0.0,29.3,0.0
2022-09-19,cabra,52000,0.0,30.5,0.0
2022-09-19,cordoba_capital,140000,0.0,32.2,0.0
2022-09-19,ecija,42000,0.0,32.6,0.0
2022-09-19,granada_capital,55000,0.0,29.6,0.0
2022-09-19,jaen_capital,165000,0.0,30.2,0.0
2022-09-19,linares,45000,0.0,31.0,0.0
2022-09-19,lucena,88000,0.0,29.5,0.0
2022-09-19,martos,68000,0.0,29.1,0.0
2022-09-19,sevilla_capital,75000,0.0,32.2,0.0
2022-09-19,ubeda,98000,0.0,28.5,0.0
2022-09-26,antequera,35000,0.0,27.8,0.0
2022-09-26,baeza,72000,0.0,28.7,0.0
2022-09-26,baza,28000,0.0,28.7,0.0
2022-09-26,cabra,52000,0.0,33.7,0.0
2022-09-26,cordoba_capital,140000,0.0,34.3,0.0
2022-09-26,ecija,42000,0.0,34.0,0.0
2022-09-26,granada_capital,55000,0.0,32.0,0.0
2022-09-26,jaen_capital,165000,0.0,31.6,0.0
2022-09-26,linares,45000,0.0,31.7,0.0
2022-09-26,lucena,88000,0.0,31.2,0.0
2022-09-26,martos,68000,0.0,31.5,0.0
2022-09-26,sevilla_capital,75000,0.0,33.0,0.0
2022-09-26,ubeda,98000,0.0,29.0,0.0
2022-10-03,antequera,35000,0.0,29.8,0.0
2022-10-03,baeza,72000,0.0,26.9,0.0
2022-10-03,baza,28000,0.0,27.2,0.0
2022-10-03,cabra,52000,0.0,30.4,0.0
2022-10-03,cordoba_capital,140000,0.0,33.3,0.0
2022-10-03,ecija,42000,0.0,33.6,0.0
2022-10-03,granada_capital,55000,0.0,28.6,0.0
2022-10-03,jaen_capital,165000,0.0,29.1,0.0
2022-10-03,linares,45000,0.0,30.0,0.0
2022-10-03,lucena,88000,0.0,29.7,0.0
2022-10-03,martos,68000,0.0,28.9,0.0
2022-10-03,sevilla_capital,75000,0.0,33.7,0.0
2022-10-03,ubeda,98000,0.0,27.1,0.0
2022-10-10,antequera,35000,0.0,27.1,0.0
2022-10-10,baeza,72000,0.0,26.3,0.0
2022-10-10,baza,28000,0.0,28.4,0.0
2022-10-10,cabra,52000,0.0,29.0,0.0
2022-10-10,cordoba_capital,140000,0.0,31.6,0.0
2022-10-10,ecija,42000,0.0,32.1,0.0
2022-10-10,granada_capital,55000,0.0,27.7,0.0
2022-10-10,jaen_capital,165000,0.0,28.6,0.0
2022-10-10,linares,45000,0.0,29.3,0.0
2022-10-10,lucena,88000,0.0,28.0,0.0
2022-10-10,martos,68000,0.0,27.7,0.0
2022-10-10,sevilla_capital,75000,0.0,31.1,0.0
2022-10-10,ubeda,98000,0.0,26.7,0.0
2022-10-17,antequera,35000,0.0,28.1,0.0
2022-10-17,baeza,72000,0.0,30.3,0.0
2022-10-17,baza,28000,0.0,30.5,0.0
2022-10-17,cabra,52000,0.0,32.6,0.0
2022-10-17,cordoba_capital,140000,0.0,33.5,0.0
2022-10-17,ecija,42000,0.0,34.2,0.0
2022-10-17,granada_capital,55000,0.0,31.2,0.0
2022-10-17,jaen_capital,165000,0.0,32.9,0.0
2022-10-17,linares,45000,0.0,33.7,0.0
2022-10-17,lucena,88000,0.0,30.7,0.0
2022-10-17,martos,68000,0.0,31.9,0.0
2022-10-17,sevilla_capital,75000,0.0,31.8,0.0
2022-10-17,ubeda,98000,0.0,30.7,0.0
2022-10-24,antequera,35000,0.0,28.9,0.0
2022-10-24,baeza,72000,0.0,29.0,0.0
2022-10-24,baza,28000,0.0,29.8,0.0
2022-10-24,cabra,52000,0.0,31.6,0.0
2022-10-24,cordoba_capital,140000,0.0,32.7,0.0
2022-10-24,ecija,42000,0.0,33.8,0.0
2022-10-24,granada_capital,55000,0.0,30.4,0.0
2022-10-24,jaen_capital,165000,0.0,31.6,0.0
2022-10-24,linares,45000,0.0,31.9,0.0
2022-10-24,lucena,88000,0.0,29.9,0.0
2022-10-24,martos,68000,0.0,30.6,0.0
2022-10-24,sevilla_capital,75000,0.0,30.9,0.0
2022-10-24,ubeda,98000,0.0,29.3,0.0
2022-10-31,antequera,35000,0.0,25.1,0.0
2022-10-31,baeza,72000,0.0,22.9,0.0
2022-10-31,baza,28000,0.0,26.6,0.0
2022-10-31,cabra,52000,0.0,25.6,0.0
2022-10-31,cordoba_capital,140000,0.0,25.9,0.0
2022-10-31,ecija,42000,0.0,26.8,0.0
2022-10-31,granada_capital,55000,0.0,25.8,0.0
2022-10-31,jaen_capital,165000,0.0,25.4,0.0
2022-10-31,linares,45000,0.0,25.5,0.0
2022-10-31,lucena,88000,0.0,24.8,0.0
2022-10-31,martos,68000,0.0,24.4,0.0
2022-10-31,sevilla_capital,75000,0.0,25.6,0.0
2022-10-31,ubeda,98000,0.0,23.3,0.0
2022-11-07,antequera,35000,0.0,23.2,0.0
2022-11-07,baeza,72000,0.0,21.6,0.0
2022-11-07,baza,28000,0.0,24.1,0.0
2022-11-07,cabra,52000,0.0,24.8,0.0
2022-11-07,cordoba_capital,140000,0.0,25.2,0.0
2022-11-07,ecija,42000,0.0,26.5,0.0
2022-11-07,granada_capital,55000,0.0,23.4,0.0
2022-11-07,jaen_capital,165000,0.0,24.3,0.0
2022-11-07,linares,45000,0.0,24.6,0.0
2022-11-07,lucena,88000,0.0,23.9,0.0
2022-11-07,martos,68000,0.0,23.3,0.0
2022-11-07,sevilla_capital,75000,0.0,24.2,0.0
2022-11-07,ubeda,98000,0.0,21.9,0.0
2022-11-14,antequera,35000,0.0,21.3,0.0
2022-11-14,baeza,72000,0.0,16.3,0.0
2022-11-14,baza,28000,0.0,20.5,0.0
2022-11-14,cabra,52000,0.0,20.5,0.0
2022-11-14,cordoba_capital,140000,0.0,21.2,0.0
2022-11-14,ecija,42000,0.0,21.7,0.0
2022-11-14,granada_capital,55000,0.0,20.8,0.0
2022-11-14,jaen_capital,165000,0.0,18.9,0.0
2022-11-14,linares,45000,0.0,18.7,0.0
2022-11-14,lucena,88000,0.0,19.4,0.0
2022-11-14,martos,68000,0.0,18.5,0.0
2022-11-14,sevilla_capital,75000,0.0,22.0,0.0
2022-11-14,ubeda,98000,0.0,16.5,0.0
2022-11-21,antequera,35000,0.0,20.3,0.0
2022-11-21,baeza,72000,0.0,18.1,0.0
2022-11-21,baza,28000,0.0,21.5,0.0
2022-11-21,cabra,52000,0.0,22.0,0.0
2022-11-21,cordoba_capital,140000,0.0,21.2,0.0
2022-11-21,ecija,42000,0.0,22.6,0.0
2022-11-21,granada_capital,55000,0.0,21.2,0.0
2022-11-21,jaen_capital,165000,0.0,20.6,0.0
2022-11-21,linares,45000,0.0,20.1,0.0
2022-11-21,lucena,88000,0.0,20.9,0.0
2022-11-21,martos,68000,0.0,20.0,0.0
2022-11-21,sevilla_capital,75000,0.0,21.8,0.0
2022-11-21,ubeda,98000,0.0,18.3,0.0
2022-11-28,antequera,35000,0.0,16.9,0.0
2022-11-28,baeza,72000,0.0,12.7,0.0
2022-11-28,baza,28000,0.0,16.0,0.0
2022-11-28,cabra,52000,0.0,16.8,0.0
2022-11-28,cordoba_capital,140000,0.0,17.6,0.0
2022-11-28,ecija,42000,0.0,18.4,0.0
2022-11-28,granada_capital,55000,0.0,15.5,0.0
2022-11-28,jaen_capital,165000,0.0,15.3,0.0
2022-11-28,linares,45000,0.0,15.5,0.0
2022-11-28,lucena,88000,0.0,15.9,0.0
2022-11-28,martos,68000,0.0,14.8,0.0
2022-11-28,sevilla_capital,75000,0.0,18.6,0.0
2022-11-28,ubeda,98000,0.0,12.9,0.0
2022-12-05,antequera,35000,0.0,17.3,0.0
2022-12-05,baeza,72000,0.0,14.9,0.0
2022-12-05,baza,28000,0.0,16.1,0.0
2022-12-05,cabra,52000,0.0,17.4,0.0
2022-12-05,cordoba_capital,140000,0.0,19.1,0.0
2022-12-05,ecija,42000,0.0,19.8,0.0
2022-12-05,granada_capital,55000,0.0,18.8,0.0
2022-12-05,jaen_capital,165000,0.0,17.0,0.0
2022-12-05,linares,45000,0.0,17.3,0.0
2022-12-05,lucena,88000,0.0,16.7,0.0
2022-12-05,martos,68000,0.0,16.1,0.0
2022-12-05,sevilla_capital,75000,0.0,20.4,0.0
2022-12-05,ubeda,98000,0.0,15.3,0.0
2022-12-12,antequera,35000,0.0,18.9,0.0
2022-12-12,baeza,72000,0.0,15.3,0.0
2022-12-12,baza,28000,0.0,18.2,0.0
2022-12-12,cabra,52000,0.0,18.6,0.0
2022-12-12,cordoba_capital,140000,0.0,19.1,0.0
2022-12-12,ecija,42000,0.0,20.5,0.0
2022-12-12,granada_capital,55000,0.0,16.6,0.0
2022-12-12,jaen_capital,165000,0.0,17.8,0.0
2022-12-12,linares,45000,0.0,17.4,0.0
2022-12-12,lucena,88000,0.0,18.1,0.0
2022-12-12,martos,68000,0.0,17.1,0.0
2022-12-12,sevilla_capital,75000,0.0,20.3,0.0
2022-12-12,ubeda,98000,0.0,15.7,0.0
2022-12-19,antequera,35000,0.0,19.7,0.0
2022-12-19,baeza,72000,0.0,17.2,0.0
2022-12-19,baza,28000,0.0,19.8,0.0
2022-12-19,cabra,52000,0.0,20.3,0.0
2022-12-19,cordoba_capital,140000,0.0,19.6,0.0
2022-12-19,ecija,42000,0.0,21.5,0.0
2022-12-19,granada_capital,55000,0.0,19.7,0.0
2022-12-19,jaen_capital,165000,0.0,19.5,0.0
2022-12-19,linares,45000,0.0,19.5,0.0
2022-12-19,lucena,88000,0.0,19.8,0.0
2022-12-19,martos,68000,0.0,18.8,0.0
2022-12-19,sevilla_capital,75000,0.0,20.2,0.0
2022-12-19,ubeda,98000,0.0,17.4,0.0
2022-12-26,antequera,35000,0.0,18.9,0.0
2022-12-26,baeza,72000,0.0,16.9,0.0
2022-12-26,baza,28000,0.0,18.3,0.0
2022-12-26,cabra,52000,0.0,19.9,0.0
2022-12-26,cordoba_capital,140000,0.0,20.8,0.0
2022-12-26,ecija,42000,0.0,21.6,0.0
2022-12-26,granada_capital,55000,0.0,19.0,0.0
2022-12-26,jaen_capital,165000,0.0,19.6,0.0
2022-12-26,linares,45000,0.0,19.5,0.0
2022-12-26,lucena,88000,0.0,19.8,0.0
2022-12-26,martos,68000,0.0,18.7,0.0
2022-12-26,sevilla_capital,75000,0.0,21.3,0.0
2022-12-26,ubeda,98000,0.0,17.1,0.0
2023-01-02,antequera,35000,0.0,16.2,0.0
2023-01-02,baeza,72000,0.0,14.0,0.0
2023-01-02,baza,28000,0.0,16.4,0.0
2023-01-02,cabra,52000,0.0,16.8,0.0
2023-01-02,cordoba_capital,140000,0.0,17.1,0.0
2023-01-02,ecija,42000,0.0,17.9,0.0
2023-01-02,granada_capital,55000,0.0,16.3,0.0
2023-01-02,jaen_capital,165000,0.0,16.1,0.0
2023-01-02,linares,45000,0.0,16.3,0.0
2023-01-02,lucena,88000,0.0,16.4,0.0
2023-01-02,martos,68000,0.0,15.4,0.0
2023-01-02,sevilla_capital,75000,0.0,18.6,0.0
2023-01-02,ubeda,98000,0.0,14.2,0.0
2023-01-09,antequera,35000,0.0,16.5,0.0
2023-01-09,baeza,72000,0.0,13.6,0.0
2023-01-09,baza,28000,0.0,16.7,0.0
2023-01-09,cabra,52000,0.0,16.9,0.0
2023-01-09,cordoba_capital,140000,0.0,17.9,0.0
2023-01-09,ecija,42000,0.0,18.4,0.0
2023-01-09,granada_capital,55000,0.0,16.7,0.0
2023-01-09,jaen_capital,165000,0.0,15.9,0.0
2023-01-09,linares,45000,0.0,15.9,0.0
2023-01-09,lucena,88000,0.0,16.0,0.0
2023-01-09,martos,68000,0.0,15.1,0.0
2023-01-09,sevilla_capital,75000,0.0,19.4,0.0
2023-01-09,ubeda,98000,0.0,13.8,0.0
2023-01-16,antequera,35000,0.0,13.0,0.0
2023-01-16,baeza,72000,0.0,10.4,0.0
2023-01-16,baza,28000,0.0,11.3,0.0
2023-01-16,cabra,52000,0.0,13.1,0.0
2023-01-16,cordoba_capital,140000,0.0,16.1,0.0
2023-01-16,ecija,42000,0.0,16.2,0.0
2023-01-16,granada_capital,55000,0.0,12.9,0.0
2023-01-16,jaen_capital,165000,0.0,12.2,0.0
2023-01-16,linares,45000,0.0,13.2,0.0
2023-01-16,lucena,88000,0.0,12.3,0.0
2023-01-16,martos,68000,0.0,11.6,0.0
2023-01-16,sevilla_capital,75000,0.0,17.6,0.0
2023-01-16,ubeda,98000,0.0,10.4,0.0
2023-01-23,antequera,35000,0.0,10.0,0.0
2023-01-23,baeza,72000,0.0,7.5,0.0
2023-01-23,baza,28000,0.0,8.5,0.0
2023-01-23,cabra,52000,0.0,10.3,0.0
2023-01-23,cordoba_capital,140000,0.0,12.8,0.0
2023-01-23,ecija,42000,0.0,13.3,0.0
2023-01-23,granada_capital,55000,0.0,9.0,0.0
2023-01-23,jaen_capital,165000,0.0,9.4,0.0
2023-01-23,linares,45000,0.0,10.4,0.0
2023-01-23,lucena,88000,0.0,10.1,0.0
2023-01-23,martos,68000,0.0,8.8,0.0
2023-01-23,sevilla_capital,75000,0.0,13.8,0.0
2023-01-23,ubeda,98000,0.0,7.7,0.0
2023-01-30,antequera,35000,0.0,16.4,0.0
2023-01-30,baeza,72000,0.0,16.6,0.0
2023-01-30,baza,28000,0.0,17.2,0.0
2023-01-30,cabra,52000,0.0,18.8,0.0
2023-01-30,cordoba_capital,140000,0.0,19.7,0.0
2023-01-30,ecija,42000,0.0,20.7,0.0
2023-01-30,granada_capital,55000,0.0,17.9,0.0
2023-01-30,jaen_capital,165000,0.0,18.6,0.0
2023-01-30,linares,45000,0.0,19.0,0.0
2023-01-30,lucena,88000,0.0,18.0,0.0
2023-01-30,martos,68000,0.0,17.6,0.0
2023-01-30,sevilla_capital,75000,0.0,19.8,0.0
2023-01-30,ubeda,98000,0.0,16.8,0.0
2023-02-06,antequera,35000,0.0,14.4,0.0
2023-02-06,baeza,72000,0.0,11.8,0.0
2023-02-06,baza,28000,0.0,14.5,0.0
2023-02-06,cabra,52000,0.0,15.9,0.0
2023-02-06,cordoba_capital,140000,0.0,17.0,0.0
2023-02-06,ecija,42000,0.0,18.7,0.0
2023-02-06,granada_capital,55000,0.0,15.2,0.0
2023-02-06,jaen_capital,165000,0.0,14.9,0.0
2023-02-06,linares,45000,0.0,14.4,0.0
2023-02-06,lucena,88000,0.0,15.3,0.0
2023-02-06,martos,68000,0.0,14.8,0.0
2023-02-06,sevilla_capital,75000,0.0,18.3,0.0
2023-02-06,ubeda,98000,0.0,11.9,0.0
2023-02-13,antequera,35000,0.0,17.8,0.0
2023-02-13,baeza,72000,0.0,18.1,0.0
2023-02-13,baza,28000,0.0,16.9,0.0
2023-02-13,cabra,52000,0.0,20.4,0.0
2023-02-13,cordoba_capital,140000,0.0,21.6,0.0
2023-02-13,ecija,42000,0.0,23.0,0.0
2023-02-13,granada_capital,55000,0.0,20.1,0.0
2023-02-13,jaen_capital,165000,0.0,20.7,0.0
2023-02-13,linares,45000,0.0,20.7,0.0
2023-02-13,lucena,88000,0.0,19.7,0.0
2023-02-13,martos,68000,0.0,20.0,0.0
2023-02-13,sevilla_capital,75000,0.0,23.0,0.0
2023-02-13,ubeda,98000,0.0,18.2,0.0
2023-02-20,antequera,35000,0.0,18.9,0.0
2023-02-20,baeza,72000,0.0,19.4,0.0
2023-02-20,baza,28000,0.0,19.7,0.0
2023-02-20,cabra,52000,0.0,21.3,0.0
2023-02-20,cordoba_capital,140000,0.0,22.3,0.0
2023-02-20,ecija,42000,0.0,23.6,0.0
2023-02-20,granada_capital,55000,0.0,20.9,0.0
2023-02-20,jaen_capital,165000,0.0,21.7,0.0
2023-02-20,linares,45000,0.0,21.8,0.0
2023-02-20,lucena,88000,0.0,19.9,0.0
2023-02-20,martos,68000,0.0,20.6,0.0
2023-02-20,sevilla_capital,75000,0.0,22.7,0.0
2023-02-20,ubeda,98000,0.0,19.4,0.0
2023-02-27,antequera,35000,0.0,15.4,0.0
2023-02-27,baeza,72000,0.0,13.7,0.0
2023-02-27,baza,28000,0.0,16.3,0.0
2023-02-27,cabra,52000,0.0,16.3,0.0
2023-02-27,cordoba_capital,140000,0.0,19.0,0.0
2023-02-27,ecija,42000,0.0,20.1,0.0
2023-02-27,granada_capital,55000,0.0,15.1,0.0
2023-02-27,jaen_capital,165000,0.0,16.2,0.0
2023-02-27,linares,45000,0.0,16.6,0.0
2023-02-27,lucena,88000,0.0,15.7,0.0
2023-02-27,martos,68000,0.0,15.4,0.0
2023-02-27,sevilla_capital,75000,0.0,19.4,0.0
2023-02-27,ubeda,98000,0.0,13.7,0.0
2023-03-06,antequera,35000,0.0,24.9,0.0
2023-03-06,baeza,72000,0.0,22.4,0.0
2023-03-06,baza,28000,0.0,26.3,0.0
2023-03-06,cabra,52000,0.0,26.1,0.0
2023-03-06,cordoba_capital,140000,0.0,26.3,0.0
2023-03-06,ecija,42000,0.0,27.3,0.0
2023-03-06,granada_capital,55000,0.0,25.1,0.0
2023-03-06,jaen_capital,165000,0.0,24.4,0.0
2023-03-06,linares,45000,0.0,24.7,0.0
2023-03-06,lucena,88000,0.0,25.2,0.0
2023-03-06,martos,68000,0.0,23.9,0.0
2023-03-06,sevilla_capital,75000,0.0,26.5,0.0
2023-03-06,ubeda,98000,0.0,22.4,0.0
2023-03-13,antequera,35000,0.0,24.0,0.0
2023-03-13,baeza,72000,0.0,23.8,0.0
2023-03-13,baza,28000,0.0,25.6,0.0
2023-03-13,cabra,52000,0.0,24.7,0.0
2023-03-13,cordoba_capital,140000,0.0,26.9,0.0
2023-03-13,ecija,42000,0.0,28.4,0.0
2023-03-13,granada_capital,55000,0.0,24.5,0.0
2023-03-13,jaen_capital,165000,0.0,26.0,0.0
2023-03-13,linares,45000,0.0,26.0,0.0
2023-03-13,lucena,88000,0.0,23.4,0.0
2023-03-13,martos,68000,0.0,24.4,0.0
2023-03-13,sevilla_capital,75000,0.0,26.3,0.0
2023-03-13,ubeda,98000,0.0,24.0,0.0
2023-03-20,antequera,35000,0.0,25.2,0.0
2023-03-20,baeza,72000,0.0,22.5,0.0
2023-03-20,baza,28000,0.0,25.9,0.0
2023-03-20,cabra,52000,0.0,25.2,0.0
2023-03-20,cordoba_capital,140000,0.0,27.3,0.0
2023-03-20,ecija,42000,0.0,28.3,0.0
2023-03-20,granada_capital,55000,0.0,25.2,0.0
2023-03-20,jaen_capital,165000,0.0,24.8,0.0
2023-03-20,linares,45000,0.0,25.2,0.0
2023-03-20,lucena,88000,0.0,24.8,0.0
2023-03-20,martos,68000,0.0,23.8,0.0
2023-03-20,sevilla_capital,75000,0.0,27.7,0.0
2023-03-20,ubeda,98000,0.0,22.5,0.0
2023-03-27,antequera,35000,0.0,26.8,0.0
2023-03-27,baeza,72000,0.0,25.9,0.0
2023-03-27,baza,28000,0.0,27.4,0.0
2023-03-27,cabra,52000,0.0,26.4,0.0
2023-03-27,cordoba_capital,140000,0.0,29.1,0.0
2023-03-27,ecija,42000,0.0,30.2,0.0
2023-03-27,granada_capital,55000,0.0,26.7,0.0
2023-03-27,jaen_capital,165000,0.0,28.1,0.0
2023-03-27,linares,45000,0.0,28.3,0.0
2023-03-27,lucena,88000,0.0,25.2,0.0
2023-03-27,martos,68000,0.0,26.3,0.0
2023-03-27,sevilla_capital,75000,0.0,28.8,0.0
2023-03-27,ubeda,98000,0.0,26.1,0.0
2023-04-03,antequera,35000,0.0,26.3,0.0
2023-04-03,baeza,72000,0.0,25.6,0.0
2023-04-03,baza,28000,0.0,26.2,0.0
2023-04-03,cabra,52000,0.0,27.9,0.0
2023-04-03,cordoba_capital,140000,0.0,30.5,0.0
2023-04-03,ecija,42000,0.0,31.3,0.0
2023-04-03,granada_capital,55000,0.0,26.7,0.0
2023-04-03,jaen_capital,165000,0.0,27.6,0.0
2023-04-03,linares,45000,0.0,28.5,0.0
2023-04-03,lucena,88000,0.0,27.4,0.0
2023-04-03,martos,68000,0.0,26.4,0.0
2023-04-03,sevilla_capital,75000,0.0,29.6,0.0
2023-04-03,ubeda,98000,0.0,25.7,0.0
2023-04-10,antequera,35000,0.0,28.3,0.0
2023-04-10,baeza,72000,0.0,26.6,0.0
2023-04-10,baza,28000,0.0,28.9,0.0
2023-04-10,cabra,52000,0.0,28.2,0.0
2023-04-10,cordoba_capital,140000,0.0,31.0,0.0
2023-04-10,ecija,42000,0.0,31.5,0.0
2023-04-10,granada_capital,55000,0.0,27.9,0.0
2023-04-10,jaen_capital,165000,0.0,28.7,0.0
2023-04-10,linares,45000,0.0,29.1,0.0
2023-04-10,lucena,88000,0.0,27.8,0.0
2023-04-10,martos,68000,0.0,27.1,0.0
2023-04-10,sevilla_capital,75000,0.0,31.0,0.0
2023-04-10,ubeda,98000,0.0,26.8,0.0
2023-04-17,antequera,35000,0.0,25.5,0.0
2023-04-17,baeza,72000,0.0,25.0,0.0
2023-04-17,baza,28000,0.0,26.6,0.0
2023-04-17,cabra,52000,0.0,27.1,0.0
2023-04-17,cordoba_capital,140000,0.0,29.7,0.0
2023-04-17,ecija,42000,0.0,30.2,0.0
2023-04-17,granada_capital,55000,0.0,26.1,0.0
2023-04-17,jaen_capital,165000,0.0,27.3,0.0
2023-04-17,linares,45000,0.0,27.7,0.0
2023-04-17,lucena,88000,0.0,26.0,0.0
2023-04-17,martos,68000,0.0,26.0,0.0
2023-04-17,sevilla_capital,75000,0.0,30.2,0.0
2023-04-17,ubeda,98000,0.0,25.3,0.0
2023-04-24,antequera,35000,0.0,31.8,0.0
2023-04-24,baeza,72000,0.0,32.8,0.0
2023-04-24,baza,28000,0.0,33.9,0.0
2023-04-24,cabra,52000,0.0,33.7,0.0
2023-04-24,cordoba_capital,140000,0.0,36.6,0.0
2023-04-24,ecija,42000,0.0,37.2,0.0
2023-04-24,granada_capital,55000,0.0,33.3,0.0
2023-04-24,jaen_capital,165000,0.0,35.0,0.0
2023-04-24,linares,45000,0.0,35.3,0.0
2023-04-24,lucena,88000,0.0,32.6,0.0
2023-04-24,martos,68000,0.0,33.2,0.0
2023-04-24,sevilla_capital,75000,0.0,35.4,0.0
2023-04-24,ubeda,98000,0.0,33.0,0.0
2023-05-01,antequera,35000,0.0,28.2,0.0
2023-05-01,baeza,72000,0.0,30.7,0.0
2023-05-01,baza,28000,0.0,29.9,0.0
2023-05-01,cabra,52000,0.0,31.1,0.0
2023-05-01,cordoba_capital,140000,0.0,33.3,0.0
2023-05-01,ecija,42000,0.0,33.6,0.0
2023-05-01,granada_capital,55000,0.0,29.8,0.0
2023-05-01,jaen_capital,165000,0.0,32.6,0.0
2023-05-01,linares,45000,0.0,33.0,0.0
2023-05-01,lucena,88000,0.0,29.8,0.0
2023-05-01,martos,68000,0.0,30.4,0.0
2023-05-01,sevilla_capital,75000,0.0,33.6,0.0
2023-05-01,ubeda,98000,0.0,31.0,0.0
2023-05-08,antequera,35000,0.0,31.6,0.0
2023-05-08,baeza,72000,0.0,30.6,0.0
2023-05-08,baza,28000,0.0,31.3,0.0
2023-05-08,cabra,52000,0.0,31.8,0.0
2023-05-08,cordoba_capital,140000,0.0,34.6,0.0
2023-05-08,ecija,42000,0.0,34.8,0.0
2023-05-08,granada_capital,55000,0.0,31.7,0.0
2023-05-08,jaen_capital,165000,0.0,32.6,0.0
2023-05-08,linares,45000,0.0,33.4,0.0
2023-05-08,lucena,88000,0.0,31.1,0.0
2023-05-08,martos,68000,0.0,31.0,0.0
2023-05-08,sevilla_capital,75000,0.0,34.1,0.0
2023-05-08,ubeda,98000,0.0,30.7,0.0
2023-05-15,antequera,35000,0.0,25.7,0.0
2023-05-15,baeza,72000,0.0,24.1,0.0
2023-05-15,baza,28000,0.0,24.9,0.0
2023-05-15,cabra,52000,0.0,27.4,0.0
2023-05-15,cordoba_capital,140000,0.0,30.4,0.0
2023-05-15,ecija,42000,0.0,30.7,0.0
2023-05-15,granada_capital,55000,0.0,26.5,0.0
2023-05-15,jaen_capital,165000,0.0,26.4,0.0
2023-05-15,linares,45000,0.0,26.8,0.0
2023-05-15,lucena,88000,0.0,27.0,0.0
2023-05-15,martos,68000,0.0,25.7,0.0
2023-05-15,sevilla_capital,75000,0.0,31.0,0.0
2023-05-15,ubeda,98000,0.0,24.2,0.0
2023-05-22,antequera,35000,0.0,22.3,0.0
2023-05-22,baeza,72000,0.0,23.3,0.0
2023-05-22,baza,28000,0.0,22.1,0.0
2023-05-22,cabra,52000,0.0,24.5,0.0
2023-05-22,cordoba_capital,140000,0.0,26.8,0.0
2023-05-22,ecija,42000,0.0,27.5,0.0
2023-05-22,granada_capital,55000,0.0,23.5,0.0
2023-05-22,jaen_capital,165000,0.0,25.6,0.0
2023-05-22,linares,45000,0.0,26.1,0.0
2023-05-22,lucena,88000,0.0,24.0,0.0
2023-05-22,martos,68000,0.0,24.3,0.0
2023-05-22,sevilla_capital,75000,0.0,26.6,0.0
2023-05-22,ubeda,98000,0.0,23.6,0.0
2023-05-29,antequera,35000,0.0,23.8,0.0
2023-05-29,baeza,72000,0.0,24.1,0.0
2023-05-29,baza,28000,0.0,22.0,0.0
2023-05-29,cabra,52000,0.0,25.5,0.0
2023-05-29,cordoba_capital,140000,0.0,28.1,0.0
2023-05-29,ecija,42000,0.0,29.2,0.0
2023-05-29,granada_capital,55000,0.0,23.4,0.0
2023-05-29,jaen_capital,165000,0.0,25.6,0.0
2023-05-29,linares,45000,0.0,26.9,0.0
2023-05-29,lucena,88000,0.0,25.2,0.0
2023-05-29,martos,68000,0.0,24.5,0.0
2023-05-29,sevilla_capital,75000,0.0,29.0,0.0
2023-05-29,ubeda,98000,0.0,24.3,0.0
2023-06-05,antequera,35000,0.0,27.3,0.0
2023-06-05,baeza,72000,0.0,27.5,0.0
2023-06-05,baza,28000,0.0,27.1,0.0
2023-06-05,cabra,52000,0.0,29.3,0.0
2023-06-05,cordoba_capital,140000,0.0,31.4,0.0
2023-06-05,ecija,42000,0.0,32.4,0.0
2023-06-05,granada_capital,55000,0.0,27.7,0.0
2023-06-05,jaen_capital,165000,0.0,29.7,0.0
2023-06-05,linares,45000,0.0,30.6,0.0
2023-06-05,lucena,88000,0.0,28.1,0.0
2023-06-05,martos,68000,0.0,28.6,0.0
2023-06-05,sevilla_capital,75000,0.0,32.7,0.0
2023-06-05,ubeda,98000,0.0,27.6,0.0
2023-06-12,antequera,35000,0.0,30.7,0.0
2023-06-12,baeza,72000,0.0,33.4,0.0
2023-06-12,baza,28000,0.0,32.0,0.0
2023-06-12,cabra,52000,0.0,34.3,0.0
2023-06-12,cordoba_capital,140000,0.0,37.4,0.0
2023-06-12,ecija,42000,0.0,37.8,0.0
2023-06-12,granada_capital,55000,0.0,33.2,0.0
2023-06-12,jaen_capital,165000,0.0,35.0,0.0
2023-06-12,linares,45000,0.0,36.2,0.0
2023-06-12,lucena,88000,0.0,33.0,0.0
2023-06-12,martos,68000,0.0,33.7,0.0
2023-06-12,sevilla_capital,75000,0.0,36.1,0.0
2023-06-12,ubeda,98000,0.0,33.8,0.0
2023-06-19,antequera,35000,0.0,34.1,0.0
2023-06-19,baeza,72000,0.0,36.6,0.0
2023-06-19,baza,28000,0.0,35.3,0.0
2023-06-19,cabra,52000,0.0,38.0,0.0
2023-06-19,cordoba_capital,140000,0.0,41.6,0.0
2023-06-19,ecija,42000,0.0,41.6,0.0
2023-06-19,granada_capital,55000,0.0,36.3,0.0
2023-06-19,jaen_capital,165000,0.0,38.1,0.0
2023-06-19,linares,45000,0.0,40.0,0.0
2023-06-19,lucena,88000,0.0,36.5,0.0
2023-06-19,martos,68000,0.0,36.9,0.0
2023-06-19,sevilla_capital,75000,0.0,40.4,0.0
2023-06-19,ubeda,98000,0.0,36.8,0.0
2023-06-26,antequera,35000,0.0,36.5,0.0
2023-06-26,baeza,72000,0.0,36.5,0.0
2023-06-26,baza,28000,0.0,35.9,0.0
2023-06-26,cabra,52000,0.0,38.4,0.0
2023-06-26,cordoba_capital,140000,0.0,42.1,0.0
2023-06-26,ecija,42000,0.0,42.5,0.0
2023-06-26,granada_capital,55000,0.0,35.8,0.0
2023-06-26,jaen_capital,165000,0.0,38.6,0.0
2023-06-26,linares,45000,0.0,40.0,0.0
2023-06-26,lucena,88000,0.0,36.9,0.0
2023-06-26,martos,68000,0.0,37.1,0.0
2023-06-26,sevilla_capital,75000,0.0,40.8,0.0
2023-06-26,ubeda,98000,0.0,36.7,0.0
2023-07-03,antequera,35000,0.0,35.4,0.0
2023-07-03,baeza,72000,0.0,37.8,0.0
2023-07-03,baza,28000,0.0,39.7,0.0
2023-07-03,cabra,52000,0.0,38.4,0.0
2023-07-03,cordoba_capital,140000,0.0,39.6,0.0
2023-07-03,ecija,42000,0.0,39.2,0.0
2023-07-03,granada_capital,55000,0.0,38.0,0.0
2023-07-03,jaen_capital,165000,0.0,39.7,0.0
2023-07-03,linares,45000,0.0,39.8,0.0
2023-07-03,lucena,88000,0.0,37.3,0.0
2023-07-03,martos,68000,0.0,37.6,0.0
2023-07-03,sevilla_capital,75000,0.0,37.9,0.0
2023-07-03,ubeda,98000,0.0,38.3,0.0
2023-07-10,antequera,35000,0.0,39.2,0.0
2023-07-10,baeza,72000,0.0,39.7,0.0
2023-07-10,baza,28000,0.0,40.6,0.0
2023-07-10,cabra,52000,0.0,41.2,0.0
2023-07-10,cordoba_capital,140000,0.0,42.5,0.0
2023-07-10,ecija,42000,0.0,42.5,0.0
2023-07-10,granada_capital,55000,0.0,39.3,0.0
2023-07-10,jaen_capital,165000,0.0,41.9,0.0
2023-07-10,linares,45000,0.0,41.9,0.0
2023-07-10,lucena,88000,0.0,39.5,0.0
2023-07-10,martos,68000,0.0,40.3,0.0
2023-07-10,sevilla_capital,75000,0.0,39.5,0.0
2023-07-10,ubeda,98000,0.0,40.2,0.0
2023-07-17,antequera,35000,0.0,39.6,0.0
2023-07-17,baeza,72000,0.0,41.1,0.0
2023-07-17,baza,28000,0.0,40.5,0.0
2023-07-17,cabra,52000,0.0,41.6,0.0
2023-07-17,cordoba_capital,140000,0.0,42.1,0.0
2023-07-17,ecija,42000,0.0,41.8,0.0
2023-07-17,granada_capital,55000,0.0,39.8,0.0
2023-07-17,jaen_capital,165000,0.0,43.3,0.0
2023-07-17,linares,45000,0.0,43.5,0.0
2023-07-17,lucena,88000,0.0,39.3,0.0
2023-07-17,martos,68000,0.0,41.0,0.0
2023-07-17,sevilla_capital,75000,0.0,38.6,0.0
2023-07-17,ubeda,98000,0.0,41.5,0.0
2023-07-24,antequera,35000,0.0,37.3,0.0
2023-07-24,baeza,72000,0.0,37.3,0.0
2023-07-24,baza,28000,0.0,39.0,0.0
2023-07-24,cabra,52000,0.0,37.9,0.0
2023-07-24,cordoba_capital,140000,0.0,40.0,0.0
2023-07-24,ecija,42000,0.0,38.9,0.0
2023-07-24,granada_capital,55000,0.0,38.4,0.0
2023-07-24,jaen_capital,165000,0.0,39.2,0.0
2023-07-24,linares,45000,0.0,39.9,0.0
2023-07-24,lucena,88000,0.0,37.0,0.0
2023-07-24,martos,68000,0.0,37.5,0.0
2023-07-24,sevilla_capital,75000,0.0,37.7,0.0
2023-07-24,ubeda,98000,0.0,37.6,0.0
2023-07-31,antequera,35000,0.0,36.1,0.0
2023-07-31,baeza,72000,0.0,37.2,0.0
2023-07-31,baza,28000,0.0,37.7,0.0
2023-07-31,cabra,52000,0.0,38.8,0.0
2023-07-31,cordoba_capital,140000,0.0,41.2,0.0
2023-07-31,ecija,42000,0.0,40.7,0.0
2023-07-31,granada_capital,55000,0.0,37.9,0.0
2023-07-31,jaen_capital,165000,0.0,39.0,0.0
2023-07-31,linares,45000,0.0,40.0,0.0
2023-07-31,lucena,88000,0.0,37.6,0.0
2023-07-31,martos,68000,0.0,37.8,0.0
2023-07-31,sevilla_capital,75000,0.0,40.3,0.0
2023-07-31,ubeda,98000,0.0,37.4,0.0
2023-08-07,antequera,35000,0.0,40.4,0.0
2023-08-07,baeza,72000,0.0,41.0,0.0
2023-08-07,baza,28000,0.0,41.1,0.0
2023-08-07,cabra,52000,0.0,41.8,0.0
2023-08-07,cordoba_capital,140000,0.0,43.4,0.0
2023-08-07,ecija,42000,0.0,42.6,0.0
2023-08-07,granada_capital,55000,0.0,41.0,0.0
2023-08-07,jaen_capital,165000,0.0,42.4,0.0
2023-08-07,linares,45000,0.0,43.6,0.0
2023-08-07,lucena,88000,0.0,40.5,0.0
2023-08-07,martos,68000,0.0,40.8,0.0
2023-08-07,sevilla_capital,75000,0.0,41.9,0.0
2023-08-07,ubeda,98000,0.0,41.3,0.0
2023-08-14,antequera,35000,0.0,37.3,0.0
2023-08-14,baeza,72000,0.0,38.2,0.0
2023-08-14,baza,28000,0.0,37.9,0.0
2023-08-14,cabra,52000,0.0,40.0,0.0
2023-08-14,cordoba_capital,140000,0.0,42.0,0.0
2023-08-14,ecija,42000,0.0,41.5,0.0
2023-08-14,granada_capital,55000,0.0,38.5,0.0
2023-08-14,jaen_capital,165000,0.0,40.1,0.0
2023-08-14,linares,45000,0.0,41.0,0.0
2023-08-14,lucena,88000,0.0,39.2,0.0
2023-08-14,martos,68000,0.0,38.7,0.0
2023-08-14,sevilla_capital,75000,0.0,40.2,0.0
2023-08-14,ubeda,98000,0.0,38.3,0.0
2023-08-21,antequera,35000,0.0,39.1,0.0
2023-08-21,baeza,72000,0.0,38.9,0.0
2023-08-21,baza,28000,0.0,37.8,0.0
2023-08-21,cabra,52000,0.0,40.4,0.0
2023-08-21,cordoba_capital,140000,0.0,42.8,0.0
2023-08-21,ecija,42000,0.0,42.4,0.0
2023-08-21,granada_capital,55000,0.0,38.9,0.0
2023-08-21,jaen_capital,165000,0.0,40.7,0.0
2023-08-21,linares,45000,0.0,41.8,0.0
2023-08-21,lucena,88000,0.0,39.8,0.0
2023-08-21,martos,68000,0.0,39.8,0.0
2023-08-21,sevilla_capital,75000,0.0,41.4,0.0
2023-08-21,ubeda,98000,0.0,39.1,0.0
2023-08-28,antequera,35000,0.0,32.0,0.0
2023-08-28,baeza,72000,0.0,31.2,0.0
2023-08-28,baza,28000,0.0,31.1,0.0
2023-08-28,cabra,52000,0.0,33.0,0.0
2023-08-28,cordoba_capital,140000,0.0,35.6,0.0
2023-08-28,ecija,42000,0.0,35.3,0.0
2023-08-28,granada_capital,55000,0.0,32.2,0.0
2023-08-28,jaen_capital,165000,0.0,33.6,0.0
2023-08-28,linares,45000,0.0,33.8,0.0
2023-08-28,lucena,88000,0.0,32.6,0.0
2023-08-28,martos,68000,0.0,32.4,0.0
2023-08-28,sevilla_capital,75000,0.0,35.4,0.0
2023-08-28,ubeda,98000,0.0,31.4,0.0
2023-09-04,antequera,35000,0.0,28.2,0.0
2023-09-04,baeza,72000,0.0,30.5,0.0
2023-09-04,baza,28000,0.0,30.2,0.0
2023-09-04,cabra,52000,0.0,31.7,0.0
2023-09-04,cordoba_capital,140000,0.0,33.6,0.0
2023-09-04,ecija,42000,0.0,33.7,0.0
2023-09-04,granada_capital,55000,0.0,29.6,0.0
2023-09-04,jaen_capital,165000,0.0,32.4,0.0
2023-09-04,linares,45000,0.0,33.6,0.0
2023-09-04,lucena,88000,0.0,30.2,0.0
2023-09-04,martos,68000,0.0,31.2,0.0
2023-09-04,sevilla_capital,75000,0.0,30.5,0.0
2023-09-04,ubeda,98000,0.0,30.8,0.0
2023-09-11,antequera,35000,0.0,28.2,0.0
2023-09-11,baeza,72000,0.0,29.5,0.0
2023-09-11,baza,28000,0.0,29.1,0.0
2023-09-11,cabra,52000,0.0,31.6,0.0
2023-09-11,cordoba_capital,140000,0.0,34.2,0.0
2023-09-11,ecija,42000,0.0,34.2,0.0
2023-09-11,granada_capital,55000,0.0,28.8,0.0
2023-09-11,jaen_capital,165000,0.0,32.1,0.0
2023-09-11,linares,45000,0.0,32.9,0.0
2023-09-11,lucena,88000,0.0,30.3,0.0
2023-09-11,martos,68000,0.0,31.2,0.0
2023-09-11,sevilla_capital,75000,0.0,32.4,0.0
2023-09-11,ubeda,98000,0.0,29.7,0.0
2023-09-18,antequera,35000,0.0,26.9,0.0
2023-09-18,baeza,72000,0.0,27.9,0.0
2023-09-18,baza,28000,0.0,27.0,0.0
2023-09-18,cabra,52000,0.0,29.7,0.0
2023-09-18,cordoba_capital,140000,0.0,31.4,0.0
2023-09-18,ecija,42000,0.0,32.4,0.0
2023-09-18,granada_capital,55000,0.0,29.4,0.0
2023-09-18,jaen_capital,165000,0.0,29.4,0.0
2023-09-18,linares,45000,0.0,31.0,0.0
2023-09-18,lucena,88000,0.0,28.4,0.0
2023-09-18,martos,68000,0.0,28.4,0.0
2023-09-18,sevilla_capital,75000,0.0,31.3,0.0
2023-09-18,ubeda,98000,0.0,28.2,0.0
2023-09-25,antequera,35000,0.0,29.5,0.0
2023-09-25,baeza,72000,0.0,32.2,0.0
2023-09-25,baza,28000,0.0,30.8,0.0
2023-09-25,cabra,52000,0.0,34.2,0.0
2023-09-25,cordoba_capital,140000,0.0,36.8,0.0
2023-09-25,ecija,42000,0.0,36.7,0.0
2023-09-25,granada_capital,55000,0.0,32.9,0.0
2023-09-25,jaen_capital,165000,0.0,34.4,0.0
2023-09-25,linares,45000,0.0,35.6,0.0
2023-09-25,lucena,88000,0.0,32.3,0.0
2023-09-25,martos,68000,0.0,33.2,0.0
2023-09-25,sevilla_capital,75000,0.0,36.2,0.0
2023-09-25,ubeda,98000,0.0,32.5,0.0
2023-10-02,antequera,35000,0.0,29.8,0.0
2023-10-02,baeza,72000,0.0,31.7,0.0
2023-10-02,baza,28000,0.0,31.5,0.0
2023-10-02,cabra,52000,0.0,34.4,0.0
2023-10-02,cordoba_capital,140000,0.0,36.0,0.0
2023-10-02,ecija,42000,0.0,36.6,0.0
2023-10-02,granada_capital,55000,0.0,32.6,0.0
2023-10-02,jaen_capital,165000,0.0,33.7,0.0
2023-10-02,linares,45000,0.0,34.9,0.0
2023-10-02,lucena,88000,0.0,32.6,0.0
2023-10-02,martos,68000,0.0,32.9,0.0
2023-10-02,sevilla_capital,75000,0.0,36.0,0.0
2023-10-02,ubeda,98000,0.0,32.1,0.0
2023-10-09,antequera,35000,0.0,26.9,0.0
2023-10-09,baeza,72000,0.0,28.2,0.0
2023-10-09,baza,28000,0.0,30.1,0.0
2023-10-09,cabra,52000,0.0,30.5,0.0
2023-10-09,cordoba_capital,140000,0.0,32.5,0.0
2023-10-09,ecija,42000,0.0,33.2,0.0
2023-10-09,granada_capital,55000,0.0,29.3,0.0
2023-10-09,jaen_capital,165000,0.0,30.1,0.0
2023-10-09,linares,45000,0.0,31.3,0.0
2023-10-09,lucena,88000,0.0,29.3,0.0
2023-10-09,martos,68000,0.0,29.2,0.0
2023-10-09,sevilla_capital,75000,0.0,32.6,0.0
2023-10-09,ubeda,98000,0.0,28.5,0.0
2023-10-16,antequera,35000,0.0,25.8,0.0
2023-10-16,baeza,72000,0.0,25.8,0.0
2023-10-16,baza,28000,0.0,26.3,0.0
2023-10-16,cabra,52000,0.0,27.5,0.0
2023-10-16,cordoba_capital,140000,0.0,28.8,0.0
2023-10-16,ecija,42000,0.0,29.9,0.0
2023-10-16,granada_capital,55000,0.0,26.0,0.0
2023-10-16,jaen_capital,165000,0.0,28.3,0.0
2023-10-16,linares,45000,0.0,28.7,0.0
2023-10-16,lucena,88000,0.0,26.6,0.0
2023-10-16,martos,68000,0.0,27.0,0.0
2023-10-16,sevilla_capital,75000,0.0,26.9,0.0
2023-10-16,ubeda,98000,0.0,26.1,0.0
2023-10-23,antequera,35000,0.0,22.3,0.0
2023-10-23,baeza,72000,0.0,17.7,0.0
2023-10-23,baza,28000,0.0,20.8,0.0
2023-10-23,cabra,52000,0.0,21.1,0.0
2023-10-23,cordoba_capital,140000,0.0,22.2,0.0
2023-10-23,ecija,42000,0.0,23.3,0.0
2023-10-23,granada_capital,55000,0.0,19.6,0.0
2023-10-23,jaen_capital,165000,0.0,20.1,0.0
2023-10-23,linares,45000,0.0,20.3,0.0
2023-10-23,lucena,88000,0.0,20.5,0.0
2023-10-23,martos,68000,0.0,19.3,0.0
2023-10-23,sevilla_capital,75000,0.0,23.1,0.0
2023-10-23,ubeda,98000,0.0,18.0,0.0
2023-10-30,antequera,35000,0.0,20.4,0.0
2023-10-30,baeza,72000,0.0,16.3,0.0
2023-10-30,baza,28000,0.0,19.3,0.0
2023-10-30,cabra,52000,0.0,19.3,0.0
2023-10-30,cordoba_capital,140000,0.0,20.4,0.0
2023-10-30,ecija,42000,0.0,21.7,0.0
2023-10-30,granada_capital,55000,0.0,18.2,0.0
2023-10-30,jaen_capital,165000,0.0,18.6,0.0
2023-10-30,linares,45000,0.0,18.6,0.0
2023-10-30,lucena,88000,0.0,18.7,0.0
2023-10-30,martos,68000,0.0,17.7,0.0
2023-10-30,sevilla_capital,75000,0.0,21.5,0.0
2023-10-30,ubeda,98000,0.0,16.6,0.0
2023-11-06,antequera,35000,0.0,21.1,0.0
2023-11-06,baeza,72000,0.0,16.3,0.0
2023-11-06,baza,28000,0.0,18.9,0.0
2023-11-06,cabra,52000,0.0,20.8,0.0
2023-11-06,cordoba_capital,140000,0.0,22.5,0.0
2023-11-06,ecija,42000,0.0,22.6,0.0
2023-11-06,granada_capital,55000,0.0,19.3,0.0
2023-11-06,jaen_capital,165000,0.0,18.8,0.0
2023-11-06,linares,45000,0.0,19.2,0.0
2023-11-06,lucena,88000,0.0,19.8,0.0
2023-11-06,martos,68000,0.0,18.6,0.0
2023-11-06,sevilla_capital,75000,0.0,22.6,0.0
2023-11-06,ubeda,98000,0.0,16.3,0.0
2023-11-13,antequera,35000,0.0,25.3,0.0
2023-11-13,baeza,72000,0.0,21.6,0.0
2023-11-13,baza,28000,0.0,25.4,0.0
2023-11-13,cabra,52000,0.0,24.5,0.0
2023-11-13,cordoba_capital,140000,0.0,25.0,0.0
2023-11-13,ecija,42000,0.0,25.8,0.0
2023-11-13,granada_capital,55000,0.0,25.1,0.0
2023-11-13,jaen_capital,165000,0.0,23.8,0.0
2023-11-13,linares,45000,0.0,23.8,0.0
2023-11-13,lucena,88000,0.0,24.1,0.0
2023-11-13,martos,68000,0.0,23.2,0.0
2023-11-13,sevilla_capital,75000,0.0,25.4,0.0
2023-11-13,ubeda,98000,0.0,21.7,0.0
2023-11-20,antequera,35000,0.0,21.5,0.0
2023-11-20,baeza,72000,0.0,18.3,0.0
2023-11-20,baza,28000,0.0,21.1,0.0
2023-11-20,cabra,52000,0.0,20.8,0.0
2023-11-20,cordoba_capital,140000,0.0,22.0,0.0
2023-11-20,ecija,42000,0.0,22.1,0.0
2023-11-20,granada_capital,55000,0.0,21.0,0.0
2023-11-20,jaen_capital,165000,0.0,20.5,0.0
2023-11-20,linares,45000,0.0,20.8,0.0
2023-11-20,lucena,88000,0.0,19.9,0.0
2023-11-20,martos,68000,0.0,19.6,0.0
2023-11-20,sevilla_capital,75000,0.0,21.8,0.0
2023-11-20,ubeda,98000,0.0,18.4,0.0
2023-11-27,antequera,35000,0.0,19.2,0.0
2023-11-27,baeza,72000,0.0,15.6,0.0
2023-11-27,baza,28000,0.0,19.3,0.0
2023-11-27,cabra,52000,0.0,19.0,0.0
2023-11-27,cordoba_capital,140000,0.0,19.2,0.0
2023-11-27,ecija,42000,0.0,20.7,0.0
2023-11-27,granada_capital,55000,0.0,17.5,0.0
2023-11-27,jaen_capital,165000,0.0,18.4,0.0
2023-11-27,linares,45000,0.0,17.6,0.0
2023-11-27,lucena,88000,0.0,18.5,0.0
2023-11-27,martos,68000,0.0,17.6,0.0
2023-11-27,sevilla_capital,75000,0.0,19.7,0.0
2023-11-27,ubeda,98000,0.0,15.8,0.0
2023-12-04,antequera,35000,0.0,20.8,0.0
2023-12-04,baeza,72000,0.0,16.6,0.0
2023-12-04,baza,28000,0.0,20.2,0.0
2023-12-04,cabra,52000,0.0,20.3,0.0
2023-12-04,cordoba_capital,140000,0.0,19.2,0.0
2023-12-04,ecija,42000,0.0,19.7,0.0
2023-12-04,granada_capital,55000,0.0,21.0,0.0
2023-12-04,jaen_capital,165000,0.0,18.9,0.0
2023-12-04,linares,45000,0.0,18.4,0.0
2023-12-04,lucena,88000,0.0,19.1,0.0
2023-12-04,martos,68000,0.0,18.4,0.0
2023-12-04,sevilla_capital,75000,0.0,19.8,0.0
2023-12-04,ubeda,98000,0.0,16.8,0.0
2023-12-11,antequera,35000,0.0,23.6,0.0
2023-12-11,baeza,72000,0.0,19.3,0.0
2023-12-11,baza,28000,0.0,23.3,0.0
2023-12-11,cabra,52000,0.0,23.1,0.0
2023-12-11,cordoba_capital,140000,0.0,20.8,0.0
2023-12-11,ecija,42000,0.0,21.0,0.0
2023-12-11,granada_capital,55000,0.0,24.0,0.0
2023-12-11,jaen_capital,165000,0.0,22.3,0.0
2023-12-11,linares,45000,0.0,20.8,0.0
2023-12-11,lucena,88000,0.0,22.4,0.0
2023-12-11,martos,68000,0.0,21.6,0.0
2023-12-11,sevilla_capital,75000,0.0,20.3,0.0
2023-12-11,ubeda,98000,0.0,19.7,0.0
2023-12-18,antequera,35000,0.0,17.7,0.0
2023-12-18,baeza,72000,0.0,12.8,0.0
2023-12-18,baza,28000,0.0,16.5,0.0
2023-12-18,cabra,52000,0.0,17.3,0.0
2023-12-18,cordoba_capital,140000,0.0,17.5,0.0
2023-12-18,ecija,42000,0.0,18.1,0.0
2023-12-18,granada_capital,55000,0.0,17.2,0.0
2023-12-18,jaen_capital,165000,0.0,14.9,0.0
2023-12-18,linares,45000,0.0,15.1,0.0
2023-12-18,lucena,88000,0.0,16.1,0.0
2023-12-18,martos,68000,0.0,14.6,0.0
2023-12-18,sevilla_capital,75000,0.0,18.6,0.0
2023-12-18,ubeda,98000,0.0,13.0,0.0
2023-12-25,antequera,35000,0.0,16.3,0.0
2023-12-25,baeza,72000,0.0,12.8,0.0
2023-12-25,baza,28000,0.0,16.2,0.0
2023-12-25,cabra,52000,0.0,16.5,0.0
2023-12-25,cordoba_capital,140000,0.0,16.3,0.0
2023-12-25,ecija,42000,0.0,16.9,0.0
2023-12-25,granada_capital,55000,0.0,16.7,0.0
2023-12-25,jaen_capital,165000,0.0,15.2,0.0
2023-12-25,linares,45000,0.0,14.9,0.0
2023-12-25,lucena,88000,0.0,15.6,0.0
2023-12-25,martos,68000,0.0,14.5,0.0
2023-12-25,sevilla_capital,75000,0.0,16.5,0.0
2023-12-25,ubeda,98000,0.0,13.1,0.0
2024-01-01,antequera,35000,0.0,18.1,0.0
2024-01-01,baeza,72000,0.0,13.3,0.0
2024-01-01,baza,28000,0.0,16.8,0.0
2024-01-01,cabra,52000,0.0,18.2,0.0
2024-01-01,cordoba_capital,140000,0.0,16.8,0.0
2024-01-01,ecija,42000,0.0,19.4,0.0
2024-01-01,granada_capital,55000,0.0,16.8,0.0
2024-01-01,jaen_capital,165000,0.0,16.6,0.0
2024-01-01,linares,45000,0.0,15.1,0.0
2024-01-01,lucena,88000,0.0,17.2,0.0
2024-01-01,martos,68000,0.0,15.9,0.0
2024-01-01,sevilla_capital,75000,0.0,18.6,0.0
2024-01-01,ubeda,98000,0.0,13.5,0.0
2024-01-08,antequera,35000,0.0,20.5,0.0
2024-01-08,baeza,72000,0.0,17.3,0.0
2024-01-08,baza,28000,0.0,19.9,0.0
2024-01-08,cabra,52000,0.0,20.9,0.0
2024-01-08,cordoba_capital,140000,0.0,19.6,0.0
2024-01-08,ecija,42000,0.0,21.6,0.0
2024-01-08,granada_capital,55000,0.0,20.0,0.0
2024-01-08,jaen_capital,165000,0.0,20.1,0.0
2024-01-08,linares,45000,0.0,19.2,0.0
2024-01-08,lucena,88000,0.0,20.5,0.0
2024-01-08,martos,68000,0.0,19.3,0.0
2024-01-08,sevilla_capital,75000,0.0,20.8,0.0
2024-01-08,ubeda,98000,0.0,17.5,0.0
2024-01-15,antequera,35000,0.0,19.4,0.0
2024-01-15,baeza,72000,0.0,16.7,0.0
2024-01-15,baza,28000,0.0,19.9,0.0
2024-01-15,cabra,52000,0.0,20.2,0.0
2024-01-15,cordoba_capital,140000,0.0,18.8,0.0
2024-01-15,ecija,42000,0.0,20.9,0.0
2024-01-15,granada_capital,55000,0.0,19.1,0.0
2024-01-15,jaen_capital,165000,0.0,19.4,0.0
2024-01-15,linares,45000,0.0,18.5,0.0
2024-01-15,lucena,88000,0.0,19.4,0.0
2024-01-15,martos,68000,0.0,18.5,0.0
2024-01-15,sevilla_capital,75000,0.0,19.3,0.0
2024-01-15,ubeda,98000,0.0,16.9,0.0
2024-01-22,antequera,35000,0.0,22.3,0.0
2024-01-22,baeza,72000,0.0,21.4,0.0
2024-01-22,baza,28000,0.0,23.1,0.0
2024-01-22,cabra,52000,0.0,24.1,0.0
2024-01-22,cordoba_capital,140000,0.0,23.8,0.0
2024-01-22,ecija,42000,0.0,24.0,0.0
2024-01-22,granada_capital,55000,0.0,24.0,0.0
2024-01-22,jaen_capital,165000,0.0,23.6,0.0
2024-01-22,linares,45000,0.0,23.5,0.0
2024-01-22,lucena,88000,0.0,23.3,0.0
2024-01-22,martos,68000,0.0,22.8,0.0
2024-01-22,sevilla_capital,75000,0.0,23.6,0.0
2024-01-22,ubeda,98000,0.0,21.7,0.0
2024-01-29,antequera,35000,0.0,17.7,0.0
2024-01-29,baeza,72000,0.0,16.7,0.0
2024-01-29,baza,28000,0.0,18.9,0.0
2024-01-29,cabra,52000,0.0,19.3,0.0
2024-01-29,cordoba_capital,140000,0.0,19.5,0.0
2024-01-29,ecija,42000,0.0,20.5,0.0
2024-01-29,granada_capital,55000,0.0,18.9,0.0
2024-01-29,jaen_capital,165000,0.0,18.5,0.0
2024-01-29,linares,45000,0.0,18.9,0.0
2024-01-29,lucena,88000,0.0,18.6,0.0
2024-01-29,martos,68000,0.0,17.7,0.0
2024-01-29,sevilla_capital,75000,0.0,19.7,0.0
2024-01-29,ubeda,98000,0.0,16.8,0.0
2024-02-05,antequera,35000,0.0,17.8,0.0
2024-02-05,baeza,72000,0.0,16.4,0.0
2024-02-05,baza,28000,0.0,19.6,0.0
2024-02-05,cabra,52000,0.0,19.2,0.0
2024-02-05,cordoba_capital,140000,0.0,19.0,0.0
2024-02-05,ecija,42000,0.0,19.8,0.0
2024-02-05,granada_capital,55000,0.0,18.7,0.0
2024-02-05,jaen_capital,165000,0.0,18.4,0.0
2024-02-05,linares,45000,0.0,18.7,0.0
2024-02-05,lucena,88000,0.0,18.3,0.0
2024-02-05,martos,68000,0.0,17.6,0.0
2024-02-05,sevilla_capital,75000,0.0,20.2,0.0
2024-02-05,ubeda,98000,0.0,16.6,0.0
2024-02-12,antequera,35000,0.0,21.3,0.0
2024-02-12,baeza,72000,0.0,21.0,0.0
2024-02-12,baza,28000,0.0,21.9,0.0
2024-02-12,cabra,52000,0.0,24.4,0.0
2024-02-12,cordoba_capital,140000,0.0,23.4,0.0
2024-02-12,ecija,42000,0.0,25.0,0.0
2024-02-12,granada_capital,55000,0.0,23.5,0.0
2024-02-12,jaen_capital,165000,0.0,24.0,0.0
2024-02-12,linares,45000,0.0,23.2,0.0
2024-02-12,lucena,88000,0.0,22.6,0.0
2024-02-12,martos,68000,0.0,23.2,0.0
2024-02-12,sevilla_capital,75000,0.0,24.4,0.0
2024-02-12,ubeda,98000,0.0,21.1,0.0
2024-02-19,antequera,35000,0.0,21.0,0.0
2024-02-19,baeza,72000,0.0,18.1,0.0
2024-02-19,baza,28000,0.0,21.0,0.0
2024-02-19,cabra,52000,0.0,21.5,0.0
2024-02-19,cordoba_capital,140000,0.0,22.2,0.0
2024-02-19,ecija,42000,0.0,22.7,0.0
2024-02-19,granada_capital,55000,0.0,20.3,0.0
2024-02-19,jaen_capital,165000,0.0,20.4,0.0
2024-02-19,linares,45000,0.0,20.7,0.0
2024-02-19,lucena,88000,0.0,20.9,0.0
2024-02-19,martos,68000,0.0,19.7,0.0
2024-02-19,sevilla_capital,75000,0.0,22.7,0.0
2024-02-19,ubeda,98000,0.0,18.1,0.0
2024-02-26,antequera,35000,0.0,15.8,0.0
2024-02-26,baeza,72000,0.0,13.4,0.0
2024-02-26,baza,28000,0.0,13.8,0.0
2024-02-26,cabra,52000,0.0,15.9,0.0
2024-02-26,cordoba_capital,140000,0.0,18.3,0.0
2024-02-26,ecija,42000,0.0,19.1,0.0
2024-02-26,granada_capital,55000,0.0,14.4,0.0
2024-02-26,jaen_capital,165000,0.0,15.5,0.0
2024-02-26,linares,45000,0.0,16.5,0.0
2024-02-26,lucena,88000,0.0,15.3,0.0
2024-02-26,martos,68000,0.0,14.7,0.0
2024-02-26,sevilla_capital,75000,0.0,18.7,0.0
2024-02-26,ubeda,98000,0.0,13.4,0.0
2024-03-04,antequera,35000,0.0,16.7,0.0
2024-03-04,baeza,72000,0.0,16.1,0.0
2024-03-04,baza,28000,0.0,18.3,0.0
2024-03-04,cabra,52000,0.0,18.7,0.0
2024-03-04,cordoba_capital,140000,0.0,19.0,0.0
2024-03-04,ecija,42000,0.0,20.8,0.0
2024-03-04,granada_capital,55000,0.0,17.4,0.0
2024-03-04,jaen_capital,165000,0.0,18.1,0.0
2024-03-04,linares,45000,0.0,18.3,0.0
2024-03-04,lucena,88000,0.0,17.9,0.0
2024-03-04,martos,68000,0.0,17.3,0.0
2024-03-04,sevilla_capital,75000,0.0,19.6,0.0
2024-03-04,ubeda,98000,0.0,16.5,0.0
2024-03-11,antequera,35000,0.0,22.4,0.0
2024-03-11,baeza,72000,0.0,23.6,0.0
2024-03-11,baza,28000,0.0,26.2,0.0
2024-03-11,cabra,52000,0.0,26.0,0.0
2024-03-11,cordoba_capital,140000,0.0,25.8,0.0
2024-03-11,ecija,42000,0.0,27.6,0.0
2024-03-11,granada_capital,55000,0.0,25.0,0.0
2024-03-11,jaen_capital,165000,0.0,25.9,0.0
2024-03-11,linares,45000,0.0,25.7,0.0
2024-03-11,lucena,88000,0.0,24.7,0.0
2024-03-11,martos,68000,0.0,24.8,0.0
2024-03-11,sevilla_capital,75000,0.0,25.8,0.0
2024-03-11,ubeda,98000,0.0,23.8,0.0
2024-03-18,antequera,35000,0.0,25.5,0.0
2024-03-18,baeza,72000,0.0,25.2,0.0
2024-03-18,baza,28000,0.0,25.6,0.0
2024-03-18,cabra,52000,0.0,28.5,0.0
2024-03-18,cordoba_capital,140000,0.0,29.4,0.0
2024-03-18,ecija,42000,0.0,30.3,0.0
2024-03-18,granada_capital,55000,0.0,27.8,0.0
2024-03-18,jaen_capital,165000,0.0,27.9,0.0
2024-03-18,linares,45000,0.0,27.6,0.0
2024-03-18,lucena,88000,0.0,28.0,0.0
2024-03-18,martos,68000,0.0,27.1,0.0
2024-03-18,sevilla_capital,75000,0.0,28.6,0.0
2024-03-18,ubeda,98000,0.0,25.3,0.0
2024-03-25,antequera,35000,0.0,14.9,0.0
2024-03-25,baeza,72000,0.0,14.5,0.0
2024-03-25,baza,28000,0.0,16.8,0.0
2024-03-25,cabra,52000,0.0,15.9,0.0
2024-03-25,cordoba_capital,140000,0.0,16.9,0.0
2024-03-25,ecija,42000,0.0,17.9,0.0
2024-03-25,granada_capital,55000,0.0,14.2,0.0
2024-03-25,jaen_capital,165000,0.0,16.8,0.0
2024-03-25,linares,45000,0.0,16.9,0.0
2024-03-25,lucena,88000,0.0,15.2,0.0
2024-03-25,martos,68000,0.0,15.4,0.0
2024-03-25,sevilla_capital,75000,0.0,18.2,0.0
2024-03-25,ubeda,98000,0.0,15.3,0.0
2024-04-01,antequera,35000,0.0,24.4,0.0
2024-04-01,baeza,72000,0.0,27.3,0.0
2024-04-01,baza,28000,0.0,27.5,0.0
2024-04-01,cabra,52000,0.0,28.0,0.0
2024-04-01,cordoba_capital,140000,0.0,28.1,0.0
2024-04-01,ecija,42000,0.0,28.5,0.0
2024-04-01,granada_capital,55000,0.0,26.5,0.0
2024-04-01,jaen_capital,165000,0.0,29.0,0.0
2024-04-01,linares,45000,0.0,29.6,0.0
2024-04-01,lucena,88000,0.0,26.8,0.0
2024-04-01,martos,68000,0.0,27.5,0.0
2024-04-01,sevilla_capital,75000,0.0,28.8,0.0
2024-04-01,ubeda,98000,0.0,27.5,0.0
2024-04-08,antequera,35000,0.0,21.5,0.0
2024-04-08,baeza,72000,0.0,24.7,0.0
2024-04-08,baza,28000,0.0,24.4,0.0
2024-04-08,cabra,52000,0.0,26.7,0.0
2024-04-08,cordoba_capital,140000,0.0,28.2,0.0
2024-04-08,ecija,42000,0.0,28.0,0.0
2024-04-08,granada_capital,55000,0.0,25.0,0.0
2024-04-08,jaen_capital,165000,0.0,26.1,0.0
2024-04-08,linares,45000,0.0,27.1,0.0
2024-04-08,lucena,88000,0.0,25.8,0.0
2024-04-08,martos,68000,0.0,25.3,0.0
2024-04-08,sevilla_capital,75000,0.0,27.6,0.0
2024-04-08,ubeda,98000,0.0,24.8,0.0
2024-04-15,antequera,35000,0.0,27.8,0.0
2024-04-15,baeza,72000,0.0,25.3,0.0
2024-04-15,baza,28000,0.0,27.0,0.0
2024-04-15,cabra,52000,0.0,27.3,0.0
2024-04-15,cordoba_capital,140000,0.0,29.7,0.0
2024-04-15,ecija,42000,0.0,30.8,0.0
2024-04-15,granada_capital,55000,0.0,27.0,0.0
2024-04-15,jaen_capital,165000,0.0,27.8,0.0
2024-04-15,linares,45000,0.0,27.9,0.0
2024-04-15,lucena,88000,0.0,27.1,0.0
2024-04-15,martos,68000,0.0,26.7,0.0
2024-04-15,sevilla_capital,75000,0.0,30.5,0.0
2024-04-15,ubeda,98000,0.0,25.3,0.0
2024-04-22,antequera,35000,0.0,22.5,0.0
2024-04-22,baeza,72000,0.0,20.0,0.0
2024-04-22,baza,28000,0.0,22.0,0.0
2024-04-22,cabra,52000,0.0,22.2,0.0
2024-04-22,cordoba_capital,140000,0.0,24.4,0.0
2024-04-22,ecija,42000,0.0,25.8,0.0
2024-04-22,granada_capital,55000,0.0,20.8,0.0
2024-04-22,jaen_capital,165000,0.0,21.8,0.0
2024-04-22,linares,45000,0.0,22.7,0.0
2024-04-22,lucena,88000,0.0,21.8,0.0
2024-04-22,martos,68000,0.0,21.0,0.0
2024-04-22,sevilla_capital,75000,0.0,26.4,0.0
2024-04-22,ubeda,98000,0.0,20.2,0.0
2024-04-29,antequera,35000,0.0,25.2,0.0
2024-04-29,baeza,72000,0.0,23.0,0.0
2024-04-29,baza,28000,0.0,25.6,0.0
2024-04-29,cabra,52000,0.0,25.0,0.0
2024-04-29,cordoba_capital,140000,0.0,26.9,0.0
2024-04-29,ecija,42000,0.0,28.0,0.0
2024-04-29,granada_capital,55000,0.0,24.4,0.0
2024-04-29,jaen_capital,165000,0.0,25.1,0.0
2024-04-29,linares,45000,0.0,25.6,0.0
2024-04-29,lucena,88000,0.0,24.6,0.0
2024-04-29,martos,68000,0.0,23.9,0.0
2024-04-29,sevilla_capital,75000,0.0,27.1,0.0
2024-04-29,ubeda,98000,0.0,23.0,0.0
2024-05-06,antequera,35000,0.0,26.5,0.0
2024-05-06,baeza,72000,0.0,28.1,0.0
2024-05-06,baza,28000,0.0,29.2,0.0
2024-05-06,cabra,52000,0.0,28.4,0.0
2024-05-06,cordoba_capital,140000,0.0,30.7,0.0
2024-05-06,ecija,42000,0.0,31.3,0.0
2024-05-06,granada_capital,55000,0.0,27.9,0.0
2024-05-06,jaen_capital,165000,0.0,30.0,0.0
2024-05-06,linares,45000,0.0,30.6,0.0
2024-05-06,lucena,88000,0.0,27.5,0.0
2024-05-06,martos,68000,0.0,28.4,0.0
2024-05-06,sevilla_capital,75000,0.0,30.9,0.0
2024-05-06,ubeda,98000,0.0,28.3,0.0
2024-05-13,antequera,35000,0.0,27.5,0.0
2024-05-13,baeza,72000,0.0,25.9,0.0
2024-05-13,baza,28000,0.0,28.3,0.0
2024-05-13,cabra,52000,0.0,27.7,0.0
2024-05-13,cordoba_capital,140000,0.0,30.2,0.0
2024-05-13,ecija,42000,0.0,30.5,0.0
2024-05-13,granada_capital,55000,0.0,26.8,0.0
2024-05-13,jaen_capital,165000,0.0,27.8,0.0
2024-05-13,linares,45000,0.0,28.5,0.0
2024-05-13,lucena,88000,0.0,27.1,0.0
2024-05-13,martos,68000,0.0,26.6,0.0
2024-05-13,sevilla_capital,75000,0.0,29.5,0.0
2024-05-13,ubeda,98000,0.0,26.0,0.0
2024-05-20,antequera,35000,0.0,29.5,0.0
2024-05-20,baeza,72000,0.0,30.2,0.0
2024-05-20,baza,28000,0.0,32.3,0.0
2024-05-20,cabra,52000,0.0,30.9,0.0
2024-05-20,cordoba_capital,140000,0.0,33.6,0.0
2024-05-20,ecija,42000,0.0,33.9,0.0
2024-05-20,granada_capital,55000,0.0,31.0,0.0
2024-05-20,jaen_capital,165000,0.0,31.9,0.0
2024-05-20,linares,45000,0.0,32.6,0.0
2024-05-20,lucena,88000,0.0,30.5,0.0
2024-05-20,martos,68000,0.0,30.2,0.0
2024-05-20,sevilla_capital,75000,0.0,33.1,0.0
2024-05-20,ubeda,98000,0.0,30.6,0.0
2024-05-27,antequera,35000,0.0,32.4,0.0
2024-05-27,baeza,72000,0.0,33.2,0.0
2024-05-27,baza,28000,0.0,35.0,0.0
2024-05-27,cabra,52000,0.0,34.5,0.0
2024-05-27,cordoba_capital,140000,0.0,37.5,0.0
2024-05-27,ecija,42000,0.0,37.3,0.0
2024-05-27,granada_capital,55000,0.0,33.8,0.0
2024-05-27,jaen_capital,165000,0.0,34.7,0.0
2024-05-27,linares,45000,0.0,35.6,0.0
2024-05-27,lucena,88000,0.0,34.0,0.0
2024-05-27,martos,68000,0.0,33.2,0.0
2024-05-27,sevilla_capital,75000,0.0,36.1,0.0
2024-05-27,ubeda,98000,0.0,33.6,0.0
2024-06-03,antequera,35000,0.0,32.5,0.0
2024-06-03,baeza,72000,0.0,34.9,0.0
2024-06-03,baza,28000,0.0,33.6,0.0
2024-06-03,cabra,52000,0.0,36.9,0.0
2024-06-03,cordoba_capital,140000,0.0,38.1,0.0
2024-06-03,ecija,42000,0.0,39.2,0.0
2024-06-03,granada_capital,55000,0.0,35.0,0.0
2024-06-03,jaen_capital,165000,0.0,36.7,0.0
2024-06-03,linares,45000,0.0,37.3,0.0
2024-06-03,lucena,88000,0.0,35.9,0.0
2024-06-03,martos,68000,0.0,35.1,0.0
2024-06-03,sevilla_capital,75000,0.0,35.9,0.0
2024-06-03,ubeda,98000,0.0,35.1,0.0
2024-06-10,antequera,35000,0.0,30.8,0.0
2024-06-10,baeza,72000,0.0,30.3,0.0
2024-06-10,baza,28000,0.0,33.4,0.0
2024-06-10,cabra,52000,0.0,32.2,0.0
2024-06-10,cordoba_capital,140000,0.0,34.5,0.0
2024-06-10,ecija,42000,0.0,34.7,0.0
2024-06-10,granada_capital,55000,0.0,32.7,0.0
2024-06-10,jaen_capital,165000,0.0,32.6,0.0
2024-06-10,linares,45000,0.0,32.8,0.0
2024-06-10,lucena,88000,0.0,31.5,0.0
2024-06-10,martos,68000,0.0,31.2,0.0
2024-06-10,sevilla_capital,75000,0.0,33.5,0.0
2024-06-10,ubeda,98000,0.0,30.6,0.0
2024-06-17,antequera,35000,0.0,31.0,0.0
2024-06-17,baeza,72000,0.0,32.9,0.0
2024-06-17,baza,28000,0.0,33.9,0.0
2024-06-17,cabra,52000,0.0,34.6,0.0
2024-06-17,cordoba_capital,140000,0.0,37.6,0.0
2024-06-17,ecija,42000,0.0,37.6,0.0
2024-06-17,granada_capital,55000,0.0,33.8,0.0
2024-06-17,jaen_capital,165000,0.0,34.9,0.0
2024-06-17,linares,45000,0.0,35.5,0.0
2024-06-17,lucena,88000,0.0,33.9,0.0
2024-06-17,martos,68000,0.0,33.4,0.0
2024-06-17,sevilla_capital,75000,0.0,36.9,0.0
2024-06-17,ubeda,98000,0.0,33.2,0.0
2024-06-24,antequera,35000,0.0,31.0,0.0
2024-06-24,baeza,72000,0.0,33.7,0.0
2024-06-24,baza,28000,0.0,34.6,0.0
2024-06-24,cabra,52000,0.0,34.8,0.0
2024-06-24,cordoba_capital,140000,0.0,36.9,0.0
2024-06-24,ecija,42000,0.0,37.1,0.0
2024-06-24,granada_capital,55000,0.0,34.4,0.0
2024-06-24,jaen_capital,165000,0.0,35.3,0.0
2024-06-24,linares,45000,0.0,35.9,0.0
2024-06-24,lucena,88000,0.0,33.7,0.0
2024-06-24,martos,68000,0.0,33.7,0.0
2024-06-24,sevilla_capital,75000,0.0,36.2,0.0
2024-06-24,ubeda,98000,0.0,34.0,0.0
2024-07-01,antequera,35000,0.0,33.7,0.0
2024-07-01,baeza,72000,0.0,37.8,0.0
2024-07-01,baza,28000,0.0,37.2,0.0
2024-07-01,cabra,52000,0.0,37.6,0.0
2024-07-01,cordoba_capital,140000,0.0,40.7,0.0
2024-07-01,ecija,42000,0.0,41.0,0.0
2024-07-01,granada_capital,55000,0.0,38.6,0.0
2024-07-01,jaen_capital,165000,0.0,38.8,0.0
2024-07-01,linares,45000,0.0,40.1,0.0
2024-07-01,lucena,88000,0.0,36.6,0.0
2024-07-01,martos,68000,0.0,36.9,0.0
2024-07-01,sevilla_capital,75000,0.0,39.6,0.0
2024-07-01,ubeda,98000,0.0,38.2,0.0
2024-07-08,antequera,35000,0.0,36.7,0.0
2024-07-08,baeza,72000,0.0,36.8,0.0
2024-07-08,baza,28000,0.0,39.6,0.0
2024-07-08,cabra,52000,0.0,36.8,0.0
2024-07-08,cordoba_capital,140000,0.0,39.5,0.0
2024-07-08,ecija,42000,0.0,38.9,0.0
2024-07-08,granada_capital,55000,0.0,37.9,0.0
2024-07-08,jaen_capital,165000,0.0,38.2,0.0
2024-07-08,linares,45000,0.0,38.9,0.0
2024-07-08,lucena,88000,0.0,35.8,0.0
2024-07-08,martos,68000,0.0,36.1,0.0
2024-07-08,sevilla_capital,75000,0.0,38.4,0.0
2024-07-08,ubeda,98000,0.0,37.0,0.0
2024-07-15,antequera,35000,0.0,36.8,0.0
2024-07-15,baeza,72000,0.0,38.4,0.0
2024-07-15,baza,28000,0.0,38.8,0.0
2024-07-15,cabra,52000,0.0,39.0,0.0
2024-07-15,cordoba_capital,140000,0.0,40.7,0.0
2024-07-15,ecija,42000,0.0,40.3,0.0
2024-07-15,granada_capital,55000,0.0,38.2,0.0
2024-07-15,jaen_capital,165000,0.0,39.9,0.0
2024-07-15,linares,45000,0.0,40.7,0.0
2024-07-15,lucena,88000,0.0,38.1,0.0
2024-07-15,martos,68000,0.0,38.0,0.0
2024-07-15,sevilla_capital,75000,0.0,38.9,0.0
2024-07-15,ubeda,98000,0.0,38.5,0.0
2024-07-22,antequera,35000,0.0,36.8,0.0
2024-07-22,baeza,72000,0.0,38.7,0.0
2024-07-22,baza,28000,0.0,40.0,0.0
2024-07-22,cabra,52000,0.0,40.4,0.0
2024-07-22,cordoba_capital,140000,0.0,42.7,0.0
2024-07-22,ecija,42000,0.0,42.4,0.0
2024-07-22,granada_capital,55000,0.0,39.7,0.0
2024-07-22,jaen_capital,165000,0.0,40.6,0.0
2024-07-22,linares,45000,0.0,41.2,0.0
2024-07-22,lucena,88000,0.0,39.5,0.0
2024-07-22,martos,68000,0.0,38.9,0.0
2024-07-22,sevilla_capital,75000,0.0,40.8,0.0
2024-07-22,ubeda,98000,0.0,38.9,0.0
2024-07-29,antequera,35000,0.0,38.2,0.0
2024-07-29,baeza,72000,0.0,38.6,0.0
2024-07-29,baza,28000,0.0,41.4,0.0
2024-07-29,cabra,52000,0.0,40.1,0.0
2024-07-29,cordoba_capital,140000,0.0,41.1,0.0
2024-07-29,ecija,42000,0.0,41.2,0.0
2024-07-29,granada_capital,55000,0.0,40.0,0.0
2024-07-29,jaen_capital,165000,0.0,41.0,0.0
2024-07-29,linares,45000,0.0,41.0,0.0
2024-07-29,lucena,88000,0.0,38.6,0.0
2024-07-29,martos,68000,0.0,39.3,0.0
2024-07-29,sevilla_capital,75000,0.0,37.6,0.0
2024-07-29,ubeda,98000,0.0,38.9,0.0
2024-08-05,antequera,35000,0.0,35.4,0.0
2024-08-05,baeza,72000,0.0,38.6,0.0
2024-08-05,baza,28000,0.0,38.3,0.0
2024-08-05,cabra,52000,0.0,38.9,0.0
2024-08-05,cordoba_capital,140000,0.0,40.9,0.0
2024-08-05,ecija,42000,0.0,39.7,0.0
2024-08-05,granada_capital,55000,0.0,38.6,0.0
2024-08-05,jaen_capital,165000,0.0,40.8,0.0
2024-08-05,linares,45000,0.0,41.3,0.0
2024-08-05,lucena,88000,0.0,38.0,0.0
2024-08-05,martos,68000,0.0,39.1,0.0
2024-08-05,sevilla_capital,75000,0.0,37.6,0.0
2024-08-05,ubeda,98000,0.0,38.8,0.0
2024-08-12,antequera,35000,0.0,37.4,0.0
2024-08-12,baeza,72000,0.0,36.1,0.0
2024-08-12,baza,28000,0.0,37.7,0.0
2024-08-12,cabra,52000,0.0,37.8,0.0
2024-08-12,cordoba_capital,140000,0.0,40.6,0.0
2024-08-12,ecija,42000,0.0,40.0,0.0
2024-08-12,granada_capital,55000,0.0,37.5,0.0
2024-08-12,jaen_capital,165000,0.0,38.2,0.0
2024-08-12,linares,45000,0.0,38.9,0.0
2024-08-12,lucena,88000,0.0,37.0,0.0
2024-08-12,martos,68000,0.0,36.9,0.0
2024-08-12,sevilla_capital,75000,0.0,39.8,0.0
2024-08-12,ubeda,98000,0.0,36.2,0.0
2024-08-19,antequera,35000,0.0,33.6,0.0
2024-08-19,baeza,72000,0.0,36.0,0.0
2024-08-19,baza,28000,0.0,37.0,0.0
2024-08-19,cabra,52000,0.0,37.2,0.0
2024-08-19,cordoba_capital,140000,0.0,40.0,0.0
2024-08-19,ecija,42000,0.0,38.9,0.0
2024-08-19,granada_capital,55000,0.0,36.1,0.0
2024-08-19,jaen_capital,165000,0.0,37.8,0.0
2024-08-19,linares,45000,0.0,38.7,0.0
2024-08-19,lucena,88000,0.0,36.3,0.0
2024-08-19,martos,68000,0.0,36.5,0.0
2024-08-19,sevilla_capital,75000,0.0,37.5,0.0
2024-08-19,ubeda,98000,0.0,36.2,0.0
2024-08-26,antequera,35000,0.0,31.6,0.0
2024-08-26,baeza,72000,0.0,35.2,0.0
2024-08-26,baza,28000,0.0,34.0,0.0
2024-08-26,cabra,52000,0.0,35.9,0.0
2024-08-26,cordoba_capital,140000,0.0,37.4,0.0
2024-08-26,ecija,42000,0.0,36.9,0.0
2024-08-26,granada_capital,55000,0.0,35.3,0.0
2024-08-26,jaen_capital,165000,0.0,37.5,0.0
2024-08-26,linares,45000,0.0,37.5,0.0
2024-08-26,lucena,88000,0.0,34.6,0.0
2024-08-26,martos,68000,0.0,36.0,0.0
2024-08-26,sevilla_capital,75000,0.0,35.6,0.0
2024-08-26,ubeda,98000,0.0,35.6,0.0
2024-09-02,antequera,35000,0.0,31.8,0.0
2024-09-02,baeza,72000,0.0,30.4,0.0
2024-09-02,baza,28000,0.0,33.7,0.0
2024-09-02,cabra,52000,0.0,32.7,0.0
2024-09-02,cordoba_capital,140000,0.0,34.9,0.0
2024-09-02,ecija,42000,0.0,34.5,0.0
2024-09-02,granada_capital,55000,0.0,32.5,0.0
2024-09-02,jaen_capital,165000,0.0,32.3,0.0
2024-09-02,linares,45000,0.0,33.5,0.0
2024-09-02,lucena,88000,0.0,31.8,0.0
2024-09-02,martos,68000,0.0,31.2,0.0
2024-09-02,sevilla_capital,75000,0.0,33.6,0.0
2024-09-02,ubeda,98000,0.0,30.6,0.0
2024-09-09,antequera,35000,0.0,29.8,0.0
2024-09-09,baeza,72000,0.0,29.9,0.0
2024-09-09,baza,28000,0.0,29.7,0.0
2024-09-09,cabra,52000,0.0,32.0,0.0
2024-09-09,cordoba_capital,140000,0.0,34.2,0.0
2024-09-09,ecija,42000,0.0,34.4,0.0
2024-09-09,granada_capital,55000,0.0,30.4,0.0
2024-09-09,jaen_capital,165000,0.0,32.1,0.0
2024-09-09,linares,45000,0.0,33.1,0.0
2024-09-09,lucena,88000,0.0,30.7,0.0
2024-09-09,martos,68000,0.0,31.2,0.0
2024-09-09,sevilla_capital,75000,0.0,34.1,0.0
2024-09-09,ubeda,98000,0.0,30.2,0.0
2024-09-16,antequera,35000,0.0,28.5,0.0
2024-09-16,baeza,72000,0.0,30.8,0.0
2024-09-16,baza,28000,0.0,31.1,0.0
2024-09-16,cabra,52000,0.0,32.3,0.0
2024-09-16,cordoba_capital,140000,0.0,35.1,0.0
2024-09-16,ecija,42000,0.0,34.9,0.0
2024-09-16,granada_capital,55000,0.0,31.0,0.0
2024-09-16,jaen_capital,165000,0.0,32.3,0.0
2024-09-16,linares,45000,0.0,33.9,0.0
2024-09-16,lucena,88000,0.0,30.9,0.0
2024-09-16,martos,68000,0.0,31.3,0.0
2024-09-16,sevilla_capital,75000,0.0,33.8,0.0
2024-09-16,ubeda,98000,0.0,31.3,0.0
2024-09-23,antequera,35000,0.0,27.9,0.0
2024-09-23,baeza,72000,0.0,26.3,0.0
2024-09-23,baza,28000,0.0,27.9,0.0
2024-09-23,cabra,52000,0.0,28.6,0.0
2024-09-23,cordoba_capital,140000,0.0,30.2,0.0
2024-09-23,ecija,42000,0.0,30.8,0.0
2024-09-23,granada_capital,55000,0.0,28.3,0.0
2024-09-23,jaen_capital,165000,0.0,28.3,0.0
2024-09-23,linares,45000,0.0,29.1,0.0
2024-09-23,lucena,88000,0.0,27.4,0.0
2024-09-23,martos,68000,0.0,27.5,0.0
2024-09-23,sevilla_capital,75000,0.0,29.8,0.0
2024-09-23,ubeda,98000,0.0,26.6,0.0
2024-09-30,antequera,35000,0.0,30.2,0.0
2024-09-30,baeza,72000,0.0,28.8,0.0
2024-09-30,baza,28000,0.0,30.3,0.0
2024-09-30,cabra,52000,0.0,31.0,0.0
2024-09-30,cordoba_capital,140000,0.0,32.4,0.0
2024-09-30,ecija,42000,0.0,32.9,0.0
2024-09-30,granada_capital,55000,0.0,30.6,0.0
2024-09-30,jaen_capital,165000,0.0,30.8,0.0
2024-09-30,linares,45000,0.0,31.6,0.0
2024-09-30,lucena,88000,0.0,29.5,0.0
2024-09-30,martos,68000,0.0,29.7,0.0
2024-09-30,sevilla_capital,75000,0.0,31.4,0.0
2024-09-30,ubeda,98000,0.0,29.2,0.0
2024-10-07,antequera,35000,0.0,27.0,0.0
2024-10-07,baeza,72000,0.0,25.8,0.0
2024-10-07,baza,28000,0.0,29.2,0.0
2024-10-07,cabra,52000,0.0,26.3,0.0
2024-10-07,cordoba_capital,140000,0.0,26.8,0.0
2024-10-07,ecija,42000,0.0,27.5,0.0
2024-10-07,granada_capital,55000,0.0,28.3,0.0
2024-10-07,jaen_capital,165000,0.0,27.5,0.0
2024-10-07,linares,45000,0.0,27.9,0.0
2024-10-07,lucena,88000,0.0,25.4,0.0
2024-10-07,martos,68000,0.0,25.8,0.0
2024-10-07,sevilla_capital,75000,0.0,25.8,0.0
2024-10-07,ubeda,98000,0.0,26.4,0.0
2024-10-14,antequera,35000,0.0,24.2,0.0
2024-10-14,baeza,72000,0.0,25.2,0.0
2024-10-14,baza,28000,0.0,24.9,0.0
2024-10-14,cabra,52000,0.0,26.2,0.0
2024-10-14,cordoba_capital,140000,0.0,25.9,0.0
2024-10-14,ecija,42000,0.0,26.2,0.0
2024-10-14,granada_capital,55000,0.0,26.6,0.0
2024-10-14,jaen_capital,165000,0.0,26.5,0.0
2024-10-14,linares,45000,0.0,28.0,0.0
2024-10-14,lucena,88000,0.0,24.8,0.0
2024-10-14,martos,68000,0.0,25.3,0.0
2024-10-14,sevilla_capital,75000,0.0,25.5,0.0
2024-10-14,ubeda,98000,0.0,25.3,0.0
2024-10-21,antequera,35000,0.0,22.5,0.0
2024-10-21,baeza,72000,0.0,23.6,0.0
2024-10-21,baza,28000,0.0,24.3,0.0
2024-10-21,cabra,52000,0.0,25.7,0.0
2024-10-21,cordoba_capital,140000,0.0,26.1,0.0
2024-10-21,ecija,42000,0.0,27.0,0.0
2024-10-21,granada_capital,55000,0.0,24.7,0.0
2024-10-21,jaen_capital,165000,0.0,25.0,0.0
2024-10-21,linares,45000,0.0,26.4,0.0
2024-10-21,lucena,88000,0.0,24.7,0.0
2024-10-21,martos,68000,0.0,24.2,0.0
2024-10-21,sevilla_capital,75000,0.0,26.3,0.0
2024-10-21,ubeda,98000,0.0,23.8,0.0
2024-10-28,antequera,35000,0.0,19.3,0.0
2024-10-28,baeza,72000,0.0,19.5,0.0
2024-10-28,baza,28000,0.0,19.0,0.0
2024-10-28,cabra,52000,0.0,22.1,0.0
2024-10-28,cordoba_capital,140000,0.0,23.1,0.0
2024-10-28,ecija,42000,0.0,23.6,0.0
2024-10-28,granada_capital,55000,0.0,20.0,0.0
2024-10-28,jaen_capital,165000,0.0,21.8,0.0
2024-10-28,linares,45000,0.0,22.6,0.0
2024-10-28,lucena,88000,0.0,21.4,0.0
2024-10-28,martos,68000,0.0,21.3,0.0
2024-10-28,sevilla_capital,75000,0.0,23.2,0.0
2024-10-28,ubeda,98000,0.0,19.7,0.0
2024-11-04,antequera,35000,0.0,21.0,0.0
2024-11-04,baeza,72000,0.0,20.5,0.0
2024-11-04,baza,28000,0.0,20.7,0.0
2024-11-04,cabra,52000,0.0,22.9,0.0
2024-11-04,cordoba_capital,140000,0.0,23.6,0.0
2024-11-04,ecija,42000,0.0,24.3,0.0
2024-11-04,granada_capital,55000,0.0,21.7,0.0
2024-11-04,jaen_capital,165000,0.0,22.7,0.0
2024-11-04,linares,45000,0.0,23.5,0.0
2024-11-04,lucena,88000,0.0,21.9,0.0
2024-11-04,martos,68000,0.0,22.0,0.0
2024-11-04,sevilla_capital,75000,0.0,23.6,0.0
2024-11-04,ubeda,98000,0.0,20.6,0.0
2024-11-11,antequera,35000,0.0,19.9,0.0
2024-11-11,baeza,72000,0.0,20.6,0.0
2024-11-11,baza,28000,0.0,20.5,0.0
2024-11-11,cabra,52000,0.0,22.4,0.0
2024-11-11,cordoba_capital,140000,0.0,22.2,0.0
2024-11-11,ecija,42000,0.0,23.3,0.0
2024-11-11,granada_capital,55000,0.0,21.4,0.0
2024-11-11,jaen_capital,165000,0.0,22.1,0.0
2024-11-11,linares,45000,0.0,23.1,0.0
2024-11-11,lucena,88000,0.0,21.4,0.0
2024-11-11,martos,68000,0.0,21.0,0.0
2024-11-11,sevilla_capital,75000,0.0,23.1,0.0
2024-11-11,ubeda,98000,0.0,20.8,0.0
2024-11-18,antequera,35000,0.0,20.9,0.0
2024-11-18,baeza,72000,0.0,21.3,0.0
2024-11-18,baza,28000,0.0,20.4,0.0
2024-11-18,cabra,52000,0.0,23.2,0.0
2024-11-18,cordoba_capital,140000,0.0,22.4,0.0
2024-11-18,ecija,42000,0.0,23.6,0.0
2024-11-18,granada_capital,55000,0.0,22.5,0.0
2024-11-18,jaen_capital,165000,0.0,24.2,0.0
2024-11-18,linares,45000,0.0,23.6,0.0
2024-11-18,lucena,88000,0.0,21.3,0.0
2024-11-18,martos,68000,0.0,22.9,0.0
2024-11-18,sevilla_capital,75000,0.0,21.7,0.0
2024-11-18,ubeda,98000,0.0,21.3,0.0
2024-11-25,antequera,35000,0.0,23.1,0.0
2024-11-25,baeza,72000,0.0,19.7,0.0
2024-11-25,baza,28000,0.0,21.5,0.0
2024-11-25,cabra,52000,0.0,23.1,0.0
2024-11-25,cordoba_capital,140000,0.0,22.6,0.0
2024-11-25,ecija,42000,0.0,23.7,0.0
2024-11-25,granada_capital,55000,0.0,23.2,0.0
2024-11-25,jaen_capital,165000,0.0,22.1,0.0
2024-11-25,linares,45000,0.0,22.1,0.0
2024-11-25,lucena,88000,0.0,22.7,0.0
2024-11-25,martos,68000,0.0,21.5,0.0
2024-11-25,sevilla_capital,75000,0.0,22.8,0.0
2024-11-25,ubeda,98000,0.0,19.9,0.0
2024-12-02,antequera,35000,0.0,20.0,0.0
2024-12-02,baeza,72000,0.0,18.1,0.0
2024-12-02,baza,28000,0.0,19.4,0.0
2024-12-02,cabra,52000,0.0,20.8,0.0
2024-12-02,cordoba_capital,140000,0.0,20.1,0.0
2024-12-02,ecija,42000,0.0,20.4,0.0
2024-12-02,granada_capital,55000,0.0,20.6,0.0
2024-12-02,jaen_capital,165000,0.0,20.0,0.0
2024-12-02,linares,45000,0.0,20.7,0.0
2024-12-02,lucena,88000,0.0,20.2,0.0
2024-12-02,martos,68000,0.0,19.3,0.0
2024-12-02,sevilla_capital,75000,0.0,20.6,0.0
2024-12-02,ubeda,98000,0.0,18.3,0.0
2024-12-09,antequera,35000,0.0,14.5,0.0
2024-12-09,baeza,72000,0.0,11.6,0.0
2024-12-09,baza,28000,0.0,12.6,0.0
2024-12-09,cabra,52000,0.0,14.8,0.0
2024-12-09,cordoba_capital,140000,0.0,15.5,0.0
2024-12-09,ecija,42000,0.0,16.0,0.0
2024-12-09,granada_capital,55000,0.0,14.2,0.0
2024-12-09,jaen_capital,165000,0.0,13.6,0.0
2024-12-09,linares,45000,0.0,14.3,0.0
2024-12-09,lucena,88000,0.0,14.3,0.0
2024-12-09,martos,68000,0.0,13.1,0.0
2024-12-09,sevilla_capital,75000,0.0,16.1,0.0
2024-12-09,ubeda,98000,0.0,11.7,0.0
2024-12-16,antequera,35000,0.0,20.5,0.0
2024-12-16,baeza,72000,0.0,17.3,0.0
2024-12-16,baza,28000,0.0,20.9,0.0
2024-12-16,cabra,52000,0.0,20.7,0.0
2024-12-16,cordoba_capital,140000,0.0,19.0,0.0
2024-12-16,ecija,42000,0.0,19.5,0.0
2024-12-16,granada_capital,55000,0.0,22.0,0.0
2024-12-16,jaen_capital,165000,0.0,19.7,0.0
2024-12-16,linares,45000,0.0,19.3,0.0
2024-12-16,lucena,88000,0.0,20.0,0.0
2024-12-16,martos,68000,0.0,19.1,0.0
2024-12-16,sevilla_capital,75000,0.0,18.8,0.0
2024-12-16,ubeda,98000,0.0,17.5,0.0
2024-12-23,antequera,35000,0.0,17.1,0.0
2024-12-23,baeza,72000,0.0,16.4,0.0
2024-12-23,baza,28000,0.0,17.7,0.0
2024-12-23,cabra,52000,0.0,18.9,0.0
2024-12-23,cordoba_capital,140000,0.0,18.6,0.0
2024-12-23,ecija,42000,0.0,19.2,0.0
2024-12-23,granada_capital,55000,0.0,19.2,0.0
2024-12-23,jaen_capital,165000,0.0,18.2,0.0
2024-12-23,linares,45000,0.0,18.7,0.0
2024-12-23,lucena,88000,0.0,18.1,0.0
2024-12-23,martos,68000,0.0,17.4,0.0
2024-12-23,sevilla_capital,75000,0.0,19.0,0.0
2024-12-23,ubeda,98000,0.0,16.6,0.0
2024-12-30,antequera,35000,0.0,15.1,0.0
2024-12-30,baeza,72000,0.0,13.7,0.0
2024-12-30,baza,28000,0.0,15.2,0.0
2024-12-30,cabra,52000,0.0,16.0,0.0
2024-12-30,cordoba_capital,140000,0.0,17.3,0.0
2024-12-30,ecija,42000,0.0,18.5,0.0
2024-12-30,granada_capital,55000,0.0,15.3,0.0
2024-12-30,jaen_capital,165000,0.0,15.9,0.0
2024-12-30,linares,45000,0.0,16.3,0.0
2024-12-30,lucena,88000,0.0,15.1,0.0
2024-12-30,martos,68000,0.0,14.9,0.0
2024-12-30,sevilla_capital,75000,0.0,17.9,0.0
2024-12-30,ubeda,98000,0.0,13.9,0.0
2025-01-06,antequera,35000,0.0,16.6,0.0
2025-01-06,baeza,72000,0.0,13.5,0.0
2025-01-06,baza,28000,0.0,18.8,0.0
2025-01-06,cabra,52000,0.0,16.3,0.0
2025-01-06,cordoba_capital,140000,0.0,18.3,0.0
2025-01-06,ecija,42000,0.0,18.5,0.0
2025-01-06,granada_capital,55000,0.0,17.4,0.0
2025-01-06,jaen_capital,165000,0.0,15.7,0.0
2025-01-06,linares,45000,0.0,15.6,0.0
2025-01-06,lucena,88000,0.0,15.4,0.0
2025-01-06,martos,68000,0.0,14.7,0.0
2025-01-06,sevilla_capital,75000,0.0,20.2,0.0
2025-01-06,ubeda,98000,0.0,13.8,0.0
2025-01-13,antequera,35000,0.0,13.3,0.0
2025-01-13,baeza,72000,0.0,10.9,0.0
2025-01-13,baza,28000,0.0,12.5,0.0
2025-01-13,cabra,52000,0.0,14.0,0.0
2025-01-13,cordoba_capital,140000,0.0,14.6,0.0
2025-01-13,ecija,42000,0.0,15.5,0.0
2025-01-13,granada_capital,55000,0.0,13.0,0.0
2025-01-13,jaen_capital,165000,0.0,13.2,0.0
2025-01-13,linares,45000,0.0,13.7,0.0
2025-01-13,lucena,88000,0.0,13.6,0.0
2025-01-13,martos,68000,0.0,12.5,0.0
2025-01-13,sevilla_capital,75000,0.0,15.0,0.0
2025-01-13,ubeda,98000,0.0,11.1,0.0
2025-01-20,antequera,35000,0.0,17.4,0.0
2025-01-20,baeza,72000,0.0,16.9,0.0
2025-01-20,baza,28000,0.0,18.7,0.0
2025-01-20,cabra,52000,0.0,18.4,0.0
2025-01-20,cordoba_capital,140000,0.0,18.6,0.0
2025-01-20,ecija,42000,0.0,20.3,0.0
2025-01-20,granada_capital,55000,0.0,18.1,0.0
2025-01-20,jaen_capital,165000,0.0,19.2,0.0
2025-01-20,linares,45000,0.0,19.4,0.0
2025-01-20,lucena,88000,0.0,17.8,0.0
2025-01-20,martos,68000,0.0,17.9,0.0
2025-01-20,sevilla_capital,75000,0.0,19.2,0.0
2025-01-20,ubeda,98000,0.0,17.2,0.0
2025-01-27,antequera,35000,0.0,17.2,0.0
2025-01-27,baeza,72000,0.0,13.6,0.0
2025-01-27,baza,28000,0.0,17.4,0.0
2025-01-27,cabra,52000,0.0,16.5,0.0
2025-01-27,cordoba_capital,140000,0.0,16.7,0.0
2025-01-27,ecija,42000,0.0,17.8,0.0
2025-01-27,granada_capital,55000,0.0,15.5,0.0
2025-01-27,jaen_capital,165000,0.0,16.3,0.0
2025-01-27,linares,45000,0.0,15.7,0.0
2025-01-27,lucena,88000,0.0,16.2,0.0
2025-01-27,martos,68000,0.0,15.0,0.0
2025-01-27,sevilla_capital,75000,0.0,17.8,0.0
2025-01-27,ubeda,98000,0.0,14.1,0.0
2025-02-03,antequera,35000,0.0,15.2,0.0
2025-02-03,baeza,72000,0.0,14.5,0.0
2025-02-03,baza,28000,0.0,17.0,0.0
2025-02-03,cabra,52000,0.0,17.4,0.0
2025-02-03,cordoba_capital,140000,0.0,17.2,0.0
2025-02-03,ecija,42000,0.0,18.3,0.0
2025-02-03,granada_capital,55000,0.0,16.4,0.0
2025-02-03,jaen_capital,165000,0.0,16.2,0.0
2025-02-03,linares,45000,0.0,16.8,0.0
2025-02-03,lucena,88000,0.0,16.5,0.0
2025-02-03,martos,68000,0.0,15.5,0.0
2025-02-03,sevilla_capital,75000,0.0,17.9,0.0
2025-02-03,ubeda,98000,0.0,14.7,0.0
2025-02-10,antequera,35000,0.0,18.4,0.0
2025-02-10,baeza,72000,0.0,19.2,0.0
2025-02-10,baza,28000,0.0,21.2,0.0
2025-02-10,cabra,52000,0.0,20.8,0.0
2025-02-10,cordoba_capital,140000,0.0,20.2,0.0
2025-02-10,ecija,42000,0.0,21.5,0.0
2025-02-10,granada_capital,55000,0.0,20.3,0.0
2025-02-10,jaen_capital,165000,0.0,21.1,0.0
2025-02-10,linares,45000,0.0,21.5,0.0
2025-02-10,lucena,88000,0.0,19.9,0.0
2025-02-10,martos,68000,0.0,19.9,0.0
2025-02-10,sevilla_capital,75000,0.0,19.6,0.0
2025-02-10,ubeda,98000,0.0,19.4,0.0
2025-02-17,antequera,35000,0.0,18.6,0.0
2025-02-17,baeza,72000,0.0,18.4,0.0
2025-02-17,baza,28000,0.0,20.0,0.0
2025-02-17,cabra,52000,0.0,20.0,0.0
2025-02-17,cordoba_capital,140000,0.0,21.1,0.0
2025-02-17,ecija,42000,0.0,21.8,0.0
2025-02-17,granada_capital,55000,0.0,19.8,0.0
2025-02-17,jaen_capital,165000,0.0,20.4,0.0
2025-02-17,linares,45000,0.0,21.0,0.0
2025-02-17,lucena,88000,0.0,19.7,0.0
2025-02-17,martos,68000,0.0,19.3,0.0
2025-02-17,sevilla_capital,75000,0.0,21.7,0.0
2025-02-17,ubeda,98000,0.0,18.5,0.0
2025-02-24,antequera,35000,0.0,16.5,0.0
2025-02-24,baeza,72000,0.0,14.7,0.0
2025-02-24,baza,28000,0.0,17.1,0.0
2025-02-24,cabra,52000,0.0,17.2,0.0
2025-02-24,cordoba_capital,140000,0.0,18.4,0.0
2025-02-24,ecija,42000,0.0,19.5,0.0
2025-02-24,granada_capital,55000,0.0,16.4,0.0
2025-02-24,jaen_capital,165000,0.0,16.7,0.0
2025-02-24,linares,45000,0.0,17.7,0.0
2025-02-24,lucena,88000,0.0,17.0,0.0
2025-02-24,martos,68000,0.0,16.0,0.0
2025-02-24,sevilla_capital,75000,0.0,19.6,0.0
2025-02-24,ubeda,98000,0.0,15.3,0.0
2025-03-03,antequera,35000,0.0,16.5,0.0
2025-03-03,baeza,72000,0.0,16.5,0.0
2025-03-03,baza,28000,0.0,15.0,0.0
2025-03-03,cabra,52000,0.0,17.9,0.0
2025-03-03,cordoba_capital,140000,0.0,19.3,0.0
2025-03-03,ecija,42000,0.0,19.8,0.0
2025-03-03,granada_capital,55000,0.0,16.9,0.0
2025-03-03,jaen_capital,165000,0.0,18.6,0.0
2025-03-03,linares,45000,0.0,19.5,0.0
2025-03-03,lucena,88000,0.0,17.6,0.0
2025-03-03,martos,68000,0.0,17.7,0.0
2025-03-03,sevilla_capital,75000,0.0,19.1,0.0
2025-03-03,ubeda,98000,0.0,16.4,0.0
2025-03-10,antequera,35000,0.0,15.2,0.0
2025-03-10,baeza,72000,0.0,12.0,0.0
2025-03-10,baza,28000,0.0,13.7,0.0
2025-03-10,cabra,52000,0.0,15.2,0.0
2025-03-10,cordoba_capital,140000,0.0,15.7,0.0
2025-03-10,ecija,42000,0.0,17.3,0.0
2025-03-10,granada_capital,55000,0.0,14.0,0.0
2025-03-10,jaen_capital,165000,0.0,15.0,0.0
2025-03-10,linares,45000,0.0,14.1,0.0
2025-03-10,lucena,88000,0.0,14.8,0.0
2025-03-10,martos,68000,0.0,13.9,0.0
2025-03-10,sevilla_capital,75000,0.0,17.6,0.0
2025-03-10,ubeda,98000,0.0,12.8,0.0
2025-03-17,antequera,35000,0.0,16.8,0.0
2025-03-17,baeza,72000,0.0,18.1,0.0
2025-03-17,baza,28000,0.0,20.4,0.0
2025-03-17,cabra,52000,0.0,20.5,0.0
2025-03-17,cordoba_capital,140000,0.0,21.4,0.0
2025-03-17,ecija,42000,0.0,21.3,0.0
2025-03-17,granada_capital,55000,0.0,19.4,0.0
2025-03-17,jaen_capital,165000,0.0,21.4,0.0
2025-03-17,linares,45000,0.0,20.9,0.0
2025-03-17,lucena,88000,0.0,19.4,0.0
2025-03-17,martos,68000,0.0,20.3,0.0
2025-03-17,sevilla_capital,75000,0.0,21.2,0.0
2025-03-17,ubeda,98000,0.0,18.4,0.0
2025-03-24,antequera,35000,0.0,21.4,0.0
2025-03-24,baeza,72000,0.0,17.4,0.0
2025-03-24,baza,28000,0.0,18.5,0.0
2025-03-24,cabra,52000,0.0,20.8,0.0
2025-03-24,cordoba_capital,140000,0.0,22.7,0.0
2025-03-24,ecija,42000,0.0,23.0,0.0
2025-03-24,granada_capital,55000,0.0,20.4,0.0
2025-03-24,jaen_capital,165000,0.0,19.8,0.0
2025-03-24,linares,45000,0.0,20.3,0.0
2025-03-24,lucena,88000,0.0,20.5,0.0
2025-03-24,martos,68000,0.0,19.3,0.0
2025-03-24,sevilla_capital,75000,0.0,23.8,0.0
2025-03-24,ubeda,98000,0.0,17.7,0.0
2025-03-31,antequera,35000,0.0,19.6,0.0
2025-03-31,baeza,72000,0.0,22.9,0.0
2025-03-31,baza,28000,0.0,23.0,0.0
2025-03-31,cabra,52000,0.0,24.3,0.0
2025-03-31,cordoba_capital,140000,0.0,23.7,0.0
2025-03-31,ecija,42000,0.0,24.6,0.0
2025-03-31,granada_capital,55000,0.0,23.4,0.0
2025-03-31,jaen_capital,165000,0.0,24.3,0.0
2025-03-31,linares,45000,0.0,25.2,0.0
2025-03-31,lucena,88000,0.0,22.5,0.0
2025-03-31,martos,68000,0.0,23.1,0.0
2025-03-31,sevilla_capital,75000,0.0,24.3,0.0
2025-03-31,ubeda,98000,0.0,23.1,0.0
2025-04-07,antequera,35000,0.0,21.6,0.0
2025-04-07,baeza,72000,0.0,25.0,0.0
2025-04-07,baza,28000,0.0,25.1,0.0
2025-04-07,cabra,52000,0.0,26.4,0.0
2025-04-07,cordoba_capital,140000,0.0,27.1,0.0
2025-04-07,ecija,42000,0.0,27.6,0.0
2025-04-07,granada_capital,55000,0.0,26.4,0.0
2025-04-07,jaen_capital,165000,0.0,26.6,0.0
2025-04-07,linares,45000,0.0,27.4,0.0
2025-04-07,lucena,88000,0.0,25.1,0.0
2025-04-07,martos,68000,0.0,25.6,0.0
2025-04-07,sevilla_capital,75000,0.0,27.3,0.0
2025-04-07,ubeda,98000,0.0,25.1,0.0
2025-04-14,antequera,35000,0.0,20.1,0.0
2025-04-14,baeza,72000,0.0,19.8,0.0
2025-04-14,baza,28000,0.0,22.4,0.0
2025-04-14,cabra,52000,0.0,21.3,0.0
2025-04-14,cordoba_capital,140000,0.0,21.0,0.0
2025-04-14,ecija,42000,0.0,22.0,0.0
2025-04-14,granada_capital,55000,0.0,20.8,0.0
2025-04-14,jaen_capital,165000,0.0,21.3,0.0
2025-04-14,linares,45000,0.0,21.9,0.0
2025-04-14,lucena,88000,0.0,20.9,0.0
2025-04-14,martos,68000,0.0,20.2,0.0
2025-04-14,sevilla_capital,75000,0.0,20.9,0.0
2025-04-14,ubeda,98000,0.0,20.1,0.0
2025-04-21,antequera,35000,0.0,24.1,0.0
2025-04-21,baeza,72000,0.0,25.3,0.0
2025-04-21,baza,28000,0.0,26.9,0.0
2025-04-21,cabra,52000,0.0,26.6,0.0
2025-04-21,cordoba_capital,140000,0.0,27.4,0.0
2025-04-21,ecija,42000,0.0,28.6,0.0
2025-04-21,granada_capital,55000,0.0,26.5,0.0
2025-04-21,jaen_capital,165000,0.0,26.5,0.0
2025-04-21,linares,45000,0.0,27.8,0.0
2025-04-21,lucena,88000,0.0,25.9,0.0
2025-04-21,martos,68000,0.0,25.5,0.0
2025-04-21,sevilla_capital,75000,0.0,28.0,0.0
2025-04-21,ubeda,98000,0.0,25.4,0.0
2025-04-28,antequera,35000,0.0,21.0,0.0
2025-04-28,baeza,72000,0.0,24.6,0.0
2025-04-28,baza,28000,0.0,26.3,0.0
2025-04-28,cabra,52000,0.0,25.6,0.0
2025-04-28,cordoba_capital,140000,0.0,26.6,0.0
2025-04-28,ecija,42000,0.0,26.4,0.0
2025-04-28,granada_capital,55000,0.0,26.1,0.0
2025-04-28,jaen_capital,165000,0.0,26.0,0.0
2025-04-28,linares,45000,0.0,26.7,0.0
2025-04-28,lucena,88000,0.0,24.0,0.0
2025-04-28,martos,68000,0.0,25.2,0.0
2025-04-28,sevilla_capital,75000,0.0,26.8,0.0
2025-04-28,ubeda,98000,0.0,25.5,0.0
2025-05-05,antequera,35000,0.0,21.0,0.0
2025-05-05,baeza,72000,0.0,20.2,0.0
2025-05-05,baza,28000,0.0,22.1,0.0
2025-05-05,cabra,52000,0.0,20.9,0.0
2025-05-05,cordoba_capital,140000,0.0,22.0,0.0
2025-05-05,ecija,42000,0.0,23.3,0.0
2025-05-05,granada_capital,55000,0.0,21.9,0.0
2025-05-05,jaen_capital,165000,0.0,21.8,0.0
2025-05-05,linares,45000,0.0,22.6,0.0
2025-05-05,lucena,88000,0.0,20.4,0.0
2025-05-05,martos,68000,0.0,20.5,0.0
2025-05-05,sevilla_capital,75000,0.0,22.6,0.0
2025-05-05,ubeda,98000,0.0,20.4,0.0
2025-05-12,antequera,35000,0.0,23.8,0.0
2025-05-12,baeza,72000,0.0,27.2,0.0
2025-05-12,baza,28000,0.0,29.3,0.0
2025-05-12,cabra,52000,0.0,27.4,0.0
2025-05-12,cordoba_capital,140000,0.0,29.0,0.0
2025-05-12,ecija,42000,0.0,30.1,0.0
2025-05-12,granada_capital,55000,0.0,28.9,0.0
2025-05-12,jaen_capital,165000,0.0,28.5,0.0
2025-05-12,linares,45000,0.0,29.5,0.0
2025-05-12,lucena,88000,0.0,26.3,0.0
2025-05-12,martos,68000,0.0,26.9,0.0
2025-05-12,sevilla_capital,75000,0.0,29.3,0.0
2025-05-12,ubeda,98000,0.0,27.7,0.0
2025-05-19,antequera,35000,0.0,28.4,0.0
2025-05-19,baeza,72000,0.0,27.3,0.0
2025-05-19,baza,28000,0.0,28.6,0.0
2025-05-19,cabra,52000,0.0,29.0,0.0
2025-05-19,cordoba_capital,140000,0.0,31.9,0.0
2025-05-19,ecija,42000,0.0,32.2,0.0
2025-05-19,granada_capital,55000,0.0,29.0,0.0
2025-05-19,jaen_capital,165000,0.0,29.0,0.0
2025-05-19,linares,45000,0.0,30.3,0.0
2025-05-19,lucena,88000,0.0,28.6,0.0
2025-05-19,martos,68000,0.0,27.9,0.0
2025-05-19,sevilla_capital,75000,0.0,31.9,0.0
2025-05-19,ubeda,98000,0.0,27.4,0.0
2025-05-26,antequera,35000,0.0,31.4,0.0
2025-05-26,baeza,72000,0.0,34.2,0.0
2025-05-26,baza,28000,0.0,34.0,0.0
2025-05-26,cabra,52000,0.0,35.4,0.0
2025-05-26,cordoba_capital,140000,0.0,38.6,0.0
2025-05-26,ecija,42000,0.0,39.2,0.0
2025-05-26,granada_capital,55000,0.0,34.8,0.0
2025-05-26,jaen_capital,165000,0.0,36.2,0.0
2025-05-26,linares,45000,0.0,37.3,0.0
2025-05-26,lucena,88000,0.0,34.1,0.0
2025-05-26,martos,68000,0.0,34.5,0.0
2025-05-26,sevilla_capital,75000,0.0,38.0,0.0
2025-05-26,ubeda,98000,0.0,34.5,0.0
2025-06-02,antequera,35000,0.0,33.9,0.0
2025-06-02,baeza,72000,0.0,36.6,0.0
2025-06-02,baza,28000,0.0,36.8,0.0
2025-06-02,cabra,52000,0.0,37.8,0.0
2025-06-02,cordoba_capital,140000,0.0,39.9,0.0
2025-06-02,ecija,42000,0.0,40.2,0.0
2025-06-02,granada_capital,55000,0.0,37.3,0.0
2025-06-02,jaen_capital,165000,0.0,38.0,0.0
2025-06-02,linares,45000,0.0,39.0,0.0
2025-06-02,lucena,88000,0.0,36.9,0.0
2025-06-02,martos,68000,0.0,36.2,0.0
2025-06-02,sevilla_capital,75000,0.0,39.3,0.0
2025-06-02,ubeda,98000,0.0,37.1,0.0
2025-06-09,antequera,35000,0.0,32.6,0.0
2025-06-09,baeza,72000,0.0,36.6,0.0
2025-06-09,baza,28000,0.0,36.1,0.0
2025-06-09,cabra,52000,0.0,36.0,0.0
2025-06-09,cordoba_capital,140000,0.0,37.2,0.0
2025-06-09,ecija,42000,0.0,37.6,0.0
2025-06-09,granada_capital,55000,0.0,37.0,0.0
2025-06-09,jaen_capital,165000,0.0,37.2,0.0
2025-06-09,linares,45000,0.0,39.2,0.0
2025-06-09,lucena,88000,0.0,34.9,0.0
2025-06-09,martos,68000,0.0,34.8,0.0
2025-06-09,sevilla_capital,75000,0.0,35.8,0.0
2025-06-09,ubeda,98000,0.0,37.0,0.0
2025-06-16,antequera,35000,0.0,34.6,0.0
2025-06-16,baeza,72000,0.0,36.5,0.0
2025-06-16,baza,28000,0.0,35.9,0.0
2025-06-16,cabra,52000,0.0,36.8,0.0
2025-06-16,cordoba_capital,140000,0.0,39.4,0.0
2025-06-16,ecija,42000,0.0,40.0,0.0
2025-06-16,granada_capital,55000,0.0,36.4,0.0
2025-06-16,jaen_capital,165000,0.0,37.4,0.0
2025-06-16,linares,45000,0.0,38.9,0.0
2025-06-16,lucena,88000,0.0,35.9,0.0
2025-06-16,martos,68000,0.0,35.7,0.0
2025-06-16,sevilla_capital,75000,0.0,40.0,0.0
2025-06-16,ubeda,98000,0.0,37.0,0.0
2025-06-23,antequera,35000,0.0,33.9,0.0
2025-06-23,baeza,72000,0.0,37.4,0.0
2025-06-23,baza,28000,0.0,36.4,0.0
2025-06-23,cabra,52000,0.0,38.3,0.0
2025-06-23,cordoba_capital,140000,0.0,41.7,0.0
2025-06-23,ecija,42000,0.0,42.0,0.0
2025-06-23,granada_capital,55000,0.0,37.3,0.0
2025-06-23,jaen_capital,165000,0.0,38.9,0.0
2025-06-23,linares,45000,0.0,40.1,0.0
2025-06-23,lucena,88000,0.0,37.1,0.0
2025-06-23,martos,68000,0.0,37.3,0.0
2025-06-23,sevilla_capital,75000,0.0,41.1,0.0
2025-06-23,ubeda,98000,0.0,37.8,0.0
2025-06-30,antequera,35000,0.0,33.3,0.0
2025-06-30,baeza,72000,0.0,37.6,0.0
2025-06-30,baza,28000,0.0,35.7,0.0
2025-06-30,cabra,52000,0.0,37.4,0.0
2025-06-30,cordoba_capital,140000,0.0,40.8,0.0
2025-06-30,ecija,42000,0.0,41.2,0.0
2025-06-30,granada_capital,55000,0.0,36.9,0.0
2025-06-30,jaen_capital,165000,0.0,39.5,0.0
2025-06-30,linares,45000,0.0,40.1,0.0
2025-06-30,lucena,88000,0.0,36.5,0.0
2025-06-30,martos,68000,0.0,37.3,0.0
2025-06-30,sevilla_capital,75000,0.0,41.3,0.0
2025-06-30,ubeda,98000,0.0,37.8,0.0
2025-07-07,antequera,35000,0.0,35.6,0.0
2025-07-07,baeza,72000,0.0,36.3,0.0
2025-07-07,baza,28000,0.0,37.2,0.0
2025-07-07,cabra,52000,0.0,37.1,0.0
2025-07-07,cordoba_capital,140000,0.0,39.6,0.0
2025-07-07,ecija,42000,0.0,38.8,0.0
2025-07-07,granada_capital,55000,0.0,36.8,0.0
2025-07-07,jaen_capital,165000,0.0,37.8,0.0
2025-07-07,linares,45000,0.0,38.9,0.0
2025-07-07,lucena,88000,0.0,36.5,0.0
2025-07-07,martos,68000,0.0,36.2,0.0
2025-07-07,sevilla_capital,75000,0.0,37.0,0.0
2025-07-07,ubeda,98000,0.0,36.5,0.0
2025-07-14,antequera,35000,0.0,36.7,0.0
2025-07-14,baeza,72000,0.0,38.1,0.0
2025-07-14,baza,28000,0.0,39.4,0.0
2025-07-14,cabra,52000,0.0,38.5,0.0
2025-07-14,cordoba_capital,140000,0.0,40.7,0.0
2025-07-14,ecija,42000,0.0,39.9,0.0
2025-07-14,granada_capital,55000,0.0,38.5,0.0
2025-07-14,jaen_capital,165000,0.0,39.3,0.0
2025-07-14,linares,45000,0.0,40.6,0.0
2025-07-14,lucena,88000,0.0,37.7,0.0
2025-07-14,martos,68000,0.0,37.4,0.0
2025-07-14,sevilla_capital,75000,0.0,38.9,0.0
2025-07-14,ubeda,98000,0.0,38.3,0.0
2025-07-21,antequera,35000,0.0,34.5,0.0
2025-07-21,baeza,72000,0.0,35.4,0.0
2025-07-21,baza,28000,0.0,36.7,0.0
2025-07-21,cabra,52000,0.0,36.2,0.0
2025-07-21,cordoba_capital,140000,0.0,38.9,0.0
2025-07-21,ecija,42000,0.0,37.8,0.0
2025-07-21,granada_capital,55000,0.0,35.9,0.0
2025-07-21,jaen_capital,165000,0.0,36.7,0.0
2025-07-21,linares,45000,0.0,37.6,0.0
2025-07-21,lucena,88000,0.0,35.5,0.0
2025-07-21,martos,68000,0.0,35.0,0.0
2025-07-21,sevilla_capital,75000,0.0,36.5,0.0
2025-07-21,ubeda,98000,0.0,35.7,0.0
2025-07-28,antequera,35000,0.0,36.4,0.0
2025-07-28,baeza,72000,0.0,38.0,0.0
2025-07-28,baza,28000,0.0,36.6,0.0
2025-07-28,cabra,52000,0.0,38.4,0.0
2025-07-28,cordoba_capital,140000,0.0,40.8,0.0
2025-07-28,ecija,42000,0.0,40.2,0.0
2025-07-28,granada_capital,55000,0.0,38.3,0.0
2025-07-28,jaen_capital,165000,0.0,40.0,0.0
2025-07-28,linares,45000,0.0,40.7,0.0
2025-07-28,lucena,88000,0.0,36.9,0.0
2025-07-28,martos,68000,0.0,38.3,0.0
2025-07-28,sevilla_capital,75000,0.0,38.2,0.0
2025-07-28,ubeda,98000,0.0,38.2,0.0
2025-08-04,antequera,35000,0.0,34.5,0.0
2025-08-04,baeza,72000,0.0,38.1,0.0
2025-08-04,baza,28000,0.0,38.2,0.0
2025-08-04,cabra,52000,0.0,39.0,0.0
2025-08-04,cordoba_capital,140000,0.0,41.1,0.0
2025-08-04,ecija,42000,0.0,40.4,0.0
2025-08-04,granada_capital,55000,0.0,38.5,0.0
2025-08-04,jaen_capital,165000,0.0,39.5,0.0
2025-08-04,linares,45000,0.0,40.6,0.0
2025-08-04,lucena,88000,0.0,37.7,0.0
2025-08-04,martos,68000,0.0,38.0,0.0
2025-08-04,sevilla_capital,75000,0.0,38.9,0.0
2025-08-04,ubeda,98000,0.0,38.3,0.0
2025-08-11,antequera,35000,0.0,39.5,0.0
2025-08-11,baeza,72000,0.0,38.8,0.0
2025-08-11,baza,28000,0.0,38.1,0.0
2025-08-11,cabra,52000,0.0,41.2,0.0
2025-08-11,cordoba_capital,140000,0.0,43.9,0.0
2025-08-11,ecija,42000,0.0,43.9,0.0
2025-08-11,granada_capital,55000,0.0,39.2,0.0
2025-08-11,jaen_capital,165000,0.0,41.0,0.0
2025-08-11,linares,45000,0.0,41.7,0.0
2025-08-11,lucena,88000,0.0,40.6,0.0
2025-08-11,martos,68000,0.0,39.6,0.0
2025-08-11,sevilla_capital,75000,0.0,42.7,0.0
2025-08-11,ubeda,98000,0.0,38.9,0.0
2025-08-18,antequera,35000,0.0,38.0,0.0
2025-08-18,baeza,72000,0.0,37.8,0.0
2025-08-18,baza,28000,0.0,38.6,0.0
2025-08-18,cabra,52000,0.0,39.5,0.0
2025-08-18,cordoba_capital,140000,0.0,41.2,0.0
2025-08-18,ecija,42000,0.0,41.7,0.0
2025-08-18,granada_capital,55000,0.0,38.8,0.0
2025-08-18,jaen_capital,165000,0.0,40.0,0.0
2025-08-18,linares,45000,0.0,40.3,0.0
2025-08-18,lucena,88000,0.0,38.9,0.0
2025-08-18,martos,68000,0.0,38.3,0.0
2025-08-18,sevilla_capital,75000,0.0,39.9,0.0
2025-08-18,ubeda,98000,0.0,38.0,0.0
2025-08-25,antequera,35000,0.0,32.6,0.0
2025-08-25,baeza,72000,0.0,34.9,0.0
2025-08-25,baza,28000,0.0,35.6,0.0
2025-08-25,cabra,52000,0.0,36.5,0.0
2025-08-25,cordoba_capital,140000,0.0,37.2,0.0
2025-08-25,ecija,42000,0.0,36.5,0.0
2025-08-25,granada_capital,55000,0.0,35.8,0.0
2025-08-25,jaen_capital,165000,0.0,37.5,0.0
2025-08-25,linares,45000,0.0,37.4,0.0
2025-08-25,lucena,88000,0.0,35.3,0.0
2025-08-25,martos,68000,0.0,36.0,0.0
2025-08-25,sevilla_capital,75000,0.0,34.3,0.0
2025-08-25,ubeda,98000,0.0,35.3,0.0
2025-09-01,antequera,35000,0.0,32.9,0.0
2025-09-01,baeza,72000,0.0,34.7,0.0
2025-09-01,baza,28000,0.0,33.2,0.0
2025-09-01,cabra,52000,0.0,35.2,0.0
2025-09-01,cordoba_capital,140000,0.0,36.7,0.0
2025-09-01,ecija,42000,0.0,36.5,0.0
2025-09-01,granada_capital,55000,0.0,34.8,0.0
2025-09-01,jaen_capital,165000,0.0,37.2,0.0
2025-09-01,linares,45000,0.0,37.7,0.0
2025-09-01,lucena,88000,0.0,33.1,0.0
2025-09-01,martos,68000,0.0,35.1,0.0
2025-09-01,sevilla_capital,75000,0.0,35.8,0.0
2025-09-01,ubeda,98000,0.0,35.1,0.0
2025-09-08,antequera,35000,0.0,32.7,0.0
2025-09-08,baeza,72000,0.0,32.7,0.0
2025-09-08,baza,28000,0.0,33.2,0.0
2025-09-08,cabra,52000,0.0,34.4,0.0
2025-09-08,cordoba_capital,140000,0.0,36.3,0.0
2025-09-08,ecija,42000,0.0,36.2,0.0
2025-09-08,granada_capital,55000,0.0,33.8,0.0
2025-09-08,jaen_capital,165000,0.0,34.7,0.0
2025-09-08,linares,45000,0.0,35.5,0.0
2025-09-08,lucena,88000,0.0,33.7,0.0
2025-09-08,martos,68000,0.0,33.5,0.0
2025-09-08,sevilla_capital,75000,0.0,35.6,0.0
2025-09-08,ubeda,98000,0.0,32.9,0.0
2025-09-15,antequera,35000,0.0,31.5,0.0
2025-09-15,baeza,72000,0.0,35.1,0.0
2025-09-15,baza,28000,0.0,34.7,0.0
2025-09-15,cabra,52000,0.0,36.3,0.0
2025-09-15,cordoba_capital,140000,0.0,37.6,0.0
2025-09-15,ecija,42000,0.0,37.8,0.0
2025-09-15,granada_capital,55000,0.0,35.5,0.0
2025-09-15,jaen_capital,165000,0.0,36.4,0.0
2025-09-15,linares,45000,0.0,37.8,0.0
2025-09-15,lucena,88000,0.0,35.0,0.0
2025-09-15,martos,68000,0.0,35.1,0.0
2025-09-15,sevilla_capital,75000,0.0,35.8,0.0
2025-09-15,ubeda,98000,0.0,35.4,0.0
2025-09-22,antequera,35000,0.0,27.0,0.0
2025-09-22,baeza,72000,0.0,26.9,0.0
2025-09-22,baza,28000,0.0,28.2,0.0
2025-09-22,cabra,52000,0.0,28.9,0.0
2025-09-22,cordoba_capital,140000,0.0,30.4,0.0
2025-09-22,ecija,42000,0.0,30.6,0.0
2025-09-22,granada_capital,55000,0.0,28.2,0.0
2025-09-22,jaen_capital,165000,0.0,29.3,0.0
2025-09-22,linares,45000,0.0,29.6,0.0
2025-09-22,lucena,88000,0.0,28.3,0.0
2025-09-22,martos,68000,0.0,28.2,0.0
2025-09-22,sevilla_capital,75000,0.0,29.9,0.0
2025-09-22,ubeda,98000,0.0,27.2,0.0
2025-09-29,antequera,35000,0.0,29.8,0.0
2025-09-29,baeza,72000,0.0,27.2,0.0
2025-09-29,baza,28000,0.0,28.3,0.0
2025-09-29,cabra,52000,0.0,30.4,0.0
2025-09-29,cordoba_capital,140000,0.0,32.5,0.0
2025-09-29,ecija,42000,0.0,32.9,0.0
2025-09-29,granada_capital,55000,0.0,30.3,0.0
2025-09-29,jaen_capital,165000,0.0,29.9,0.0
2025-09-29,linares,45000,0.0,30.2,0.0
2025-09-29,lucena,88000,0.0,29.6,0.0
2025-09-29,martos,68000,0.0,29.4,0.0
2025-09-29,sevilla_capital,75000,0.0,32.5,0.0
2025-09-29,ubeda,98000,0.0,27.4,0.0
2025-10-06,antequera,35000,0.0,26.1,0.0
2025-10-06,baeza,72000,0.0,27.2,0.0
2025-10-06,baza,28000,0.0,28.8,0.0
2025-10-06,cabra,52000,0.0,30.5,0.0
2025-10-06,cordoba_capital,140000,0.0,31.7,0.0
2025-10-06,ecija,42000,0.0,32.5,0.0
2025-10-06,granada_capital,55000,0.0,29.2,0.0
2025-10-06,jaen_capital,165000,0.0,29.7,0.0
2025-10-06,linares,45000,0.0,30.1,0.0
2025-10-06,lucena,88000,0.0,29.1,0.0
2025-10-06,martos,68000,0.0,29.1,0.0
2025-10-06,sevilla_capital,75000,0.0,30.9,0.0
2025-10-06,ubeda,98000,0.0,27.3,0.0
2025-10-13,antequera,35000,0.0,25.8,0.0
2025-10-13,baeza,72000,0.0,24.7,0.0
2025-10-13,baza,28000,0.0,25.2,0.0
2025-10-13,cabra,52000,0.0,27.7,0.0
2025-10-13,cordoba_capital,140000,0.0,29.8,0.0
2025-10-13,ecija,42000,0.0,30.5,0.0
2025-10-13,granada_capital,55000,0.0,26.8,0.0
2025-10-13,jaen_capital,165000,0.0,27.4,0.0
2025-10-13,linares,45000,0.0,27.6,0.0
2025-10-13,lucena,88000,0.0,27.1,0.0
2025-10-13,martos,68000,0.0,26.7,0.0
2025-10-13,sevilla_capital,75000,0.0,29.9,0.0
2025-10-13,ubeda,98000,0.0,25.0,0.0
2025-10-20,antequera,35000,0.0,28.7,0.0
2025-10-20,baeza,72000,0.0,26.1,0.0
2025-10-20,baza,28000,0.0,29.9,0.0
2025-10-20,cabra,52000,0.0,28.7,0.0
2025-10-20,cordoba_capital,140000,0.0,29.2,0.0
2025-10-20,ecija,42000,0.0,29.7,0.0
2025-10-20,granada_capital,55000,0.0,29.3,0.0
2025-10-20,jaen_capital,165000,0.0,28.9,0.0
2025-10-20,linares,45000,0.0,28.5,0.0
2025-10-20,lucena,88000,0.0,27.6,0.0
2025-10-20,martos,68000,0.0,27.6,0.0
2025-10-20,sevilla_capital,75000,0.0,29.1,0.0
2025-10-20,ubeda,98000,0.0,26.4,0.0
2025-10-27,antequera,35000,0.0,22.0,0.0
2025-10-27,baeza,72000,0.0,22.5,0.0
2025-10-27,baza,28000,0.0,23.7,0.0
2025-10-27,cabra,52000,0.0,24.6,0.0
2025-10-27,cordoba_capital,140000,0.0,26.2,0.0
2025-10-27,ecija,42000,0.0,26.8,0.0
2025-10-27,granada_capital,55000,0.0,23.9,0.0
2025-10-27,jaen_capital,165000,0.0,25.1,0.0
2025-10-27,linares,45000,0.0,25.0,0.0
2025-10-27,lucena,88000,0.0,23.0,0.0
2025-10-27,martos,68000,0.0,23.9,0.0
2025-10-27,sevilla_capital,75000,0.0,25.1,0.0
2025-10-27,ubeda,98000,0.0,22.6,0.0
2025-11-03,antequera,35000,0.0,20.4,0.0
2025-11-03,baeza,72000,0.0,23.7,0.0
2025-11-03,baza,28000,0.0,24.5,0.0
2025-11-03,cabra,52000,0.0,24.0,0.0
2025-11-03,cordoba_capital,140000,0.0,24.6,0.0
2025-11-03,ecija,42000,0.0,25.2,0.0
2025-11-03,granada_capital,55000,0.0,23.9,0.0
2025-11-03,jaen_capital,165000,0.0,25.4,0.0
2025-11-03,linares,45000,0.0,26.0,0.0
2025-11-03,lucena,88000,0.0,22.1,0.0
2025-11-03,martos,68000,0.0,23.8,0.0
2025-11-03,sevilla_capital,75000,0.0,23.5,0.0
2025-11-03,ubeda,98000,0.0,23.7,0.0
2025-11-10,antequera,35000,0.0,22.0,0.0
2025-11-10,baeza,72000,0.0,23.7,0.0
2025-11-10,baza,28000,0.0,24.9,0.0
2025-11-10,cabra,52000,0.0,25.8,0.0
2025-11-10,cordoba_capital,140000,0.0,26.1,0.0
2025-11-10,ecija,42000,0.0,26.8,0.0
2025-11-10,granada_capital,55000,0.0,25.7,0.0
2025-11-10,jaen_capital,165000,0.0,26.4,0.0
2025-11-10,linares,45000,0.0,26.3,0.0
2025-11-10,lucena,88000,0.0,24.4,0.0
2025-11-10,martos,68000,0.0,25.3,0.0
2025-11-10,sevilla_capital,75000,0.0,23.3,0.0
2025-11-10,ubeda,98000,0.0,23.7,0.0
2025-11-17,antequera,35000,0.0,16.3,0.0
2025-11-17,baeza,72000,0.0,13.3,0.0
2025-11-17,baza,28000,0.0,15.4,0.0
2025-11-17,cabra,52000,0.0,16.1,0.0
2025-11-17,cordoba_capital,140000,0.0,17.5,0.0
2025-11-17,ecija,42000,0.0,18.1,0.0
2025-11-17,granada_capital,55000,0.0,15.6,0.0
2025-11-17,jaen_capital,165000,0.0,15.3,0.0
2025-11-17,linares,45000,0.0,15.8,0.0
2025-11-17,lucena,88000,0.0,15.6,0.0
2025-11-17,martos,68000,0.0,14.8,0.0
2025-11-17,sevilla_capital,75000,0.0,18.9,0.0
2025-11-17,ubeda,98000,0.0,13.5,0.0
2025-11-24,antequera,35000,0.0,15.5,0.0
2025-11-24,baeza,72000,0.0,12.1,0.0
2025-11-24,baza,28000,0.0,15.7,0.0
2025-11-24,cabra,52000,0.0,15.4,0.0
2025-11-24,cordoba_capital,140000,0.0,16.1,0.0
2025-11-24,ecija,42000,0.0,16.8,0.0
2025-11-24,granada_capital,55000,0.0,15.0,0.0
2025-11-24,jaen_capital,165000,0.0,14.3,0.0
2025-11-24,linares,45000,0.0,14.4,0.0
2025-11-24,lucena,88000,0.0,14.6,0.0
2025-11-24,martos,68000,0.0,13.7,0.0
2025-11-24,sevilla_capital,75000,0.0,17.1,0.0
2025-11-24,ubeda,98000,0.0,12.3,0.0
2025-12-01,antequera,35000,0.0,16.6,0.0
2025-12-01,baeza,72000,0.0,13.7,0.0
2025-12-01,baza,28000,0.0,17.3,0.0
2025-12-01,cabra,52000,0.0,16.3,0.0
2025-12-01,cordoba_capital,140000,0.0,17.5,0.0
2025-12-01,ecija,42000,0.0,17.7,0.0
2025-12-01,granada_capital,55000,0.0,17.2,0.0
2025-12-01,jaen_capital,165000,0.0,15.7,0.0
2025-12-01,linares,45000,0.0,16.0,0.0
2025-12-01,lucena,88000,0.0,15.2,0.0
2025-12-01,martos,68000,0.0,15.2,0.0
2025-12-01,sevilla_capital,75000,0.0,18.9,0.0
2025-12-01,ubeda,98000,0.0,13.9,0.0
2025-12-08,antequera,35000,0.0,18.2,0.0
2025-12-08,baeza,72000,0.0,16.1,0.0
2025-12-08,baza,28000,0.0,18.7,0.0
2025-12-08,cabra,52000,0.0,19.4,0.0
2025-12-08,cordoba_capital,140000,0.0,18.8,0.0
2025-12-08,ecija,42000,0.0,19.9,0.0
2025-12-08,granada_capital,55000,0.0,18.1,0.0
2025-12-08,jaen_capital,165000,0.0,18.4,0.0
2025-12-08,linares,45000,0.0,18.2,0.0
2025-12-08,lucena,88000,0.0,18.8,0.0
2025-12-08,martos,68000,0.0,17.7,0.0
2025-12-08,sevilla_capital,75000,0.0,19.2,0.0
2025-12-08,ubeda,98000,0.0,16.3,0.0
2025-12-15,antequera,35000,0.0,14.1,0.0
2025-12-15,baeza,72000,0.0,12.4,0.0
2025-12-15,baza,28000,0.0,13.6,0.0
2025-12-15,cabra,52000,0.0,14.8,0.0
2025-12-15,cordoba_capital,140000,0.0,15.6,0.0
2025-12-15,ecija,42000,0.0,16.4,0.0
2025-12-15,granada_capital,55000,0.0,13.8,0.0
2025-12-15,jaen_capital,165000,0.0,14.6,0.0
2025-12-15,linares,45000,0.0,14.7,0.0
2025-12-15,lucena,88000,0.0,14.5,0.0
2025-12-15,martos,68000,0.0,13.7,0.0
2025-12-15,sevilla_capital,75000,0.0,16.7,0.0
2025-12-15,ubeda,98000,0.0,12.6,0.0
2025-12-22,antequera,35000,0.0,10.8,0.0
2025-12-22,baeza,72000,0.0,11.5,0.0
2025-12-22,baza,28000,0.0,10.5,0.0
2025-12-22,cabra,52000,0.0,13.1,0.0
2025-12-22,cordoba_capital,140000,0.0,13.8,0.0
2025-12-22,ecija,42000,0.0,14.3,0.0
2025-12-22,granada_capital,55000,0.0,11.7,0.0
2025-12-22,jaen_capital,165000,0.0,13.6,0.0
2025-12-22,linares,45000,0.0,14.1,0.0
2025-12-22,lucena,88000,0.0,12.0,0.0
2025-12-22,martos,68000,0.0,12.6,0.0
2025-12-22,sevilla_capital,75000,0.0,14.0,0.0
2025-12-22,ubeda,98000,0.0,11.7,0.0
2025-12-29,antequera,35000,0.0,15.0,0.0
2025-12-29,baeza,72000,0.0,15.9,0.0
2025-12-29,baza,28000,0.0,16.6,0.0
2025-12-29,cabra,52000,0.0,18.4,0.0
2025-12-29,cordoba_capital,140000,0.0,16.9,0.0
2025-12-29,ecija,42000,0.0,19.2,0.0
2025-12-29,granada_capital,55000,0.0,17.9,0.0
2025-12-29,jaen_capital,165000,0.0,18.5,0.0
2025-12-29,linares,45000,0.0,18.2,0.0
2025-12-29,lucena,88000,0.0,17.1,0.0
2025-12-29,martos,68000,0.0,17.5,0.0
2025-12-29,sevilla_capital,75000,0.0,18.0,0.0
2025-12-29,ubeda,98000,0.0,16.1,0.0
2026-01-05,antequera,35000,0.0,14.1,0.0
2026-01-05,baeza,72000,0.0,10.5,0.0
2026-01-05,baza,28000,0.0,12.7,0.0
2026-01-05,cabra,52000,0.0,14.0,0.0
2026-01-05,cordoba_capital,140000,0.0,13.8,0.0
2026-01-05,ecija,42000,0.0,14.1,0.0
2026-01-05,granada_capital,55000,0.0,13.3,0.0
2026-01-05,jaen_capital,165000,0.0,12.6,0.0
2026-01-05,linares,45000,0.0,12.5,0.0
2026-01-05,lucena,88000,0.0,12.9,0.0
2026-01-05,martos,68000,0.0,12.1,0.0
2026-01-05,sevilla_capital,75000,0.0,15.8,0.0
2026-01-05,ubeda,98000,0.0,10.7,0.0
2026-01-12,antequera,35000,0.0,15.0,0.0
2026-01-12,baeza,72000,0.0,14.3,0.0
2026-01-12,baza,28000,0.0,15.9,0.0
2026-01-12,cabra,52000,0.0,17.3,0.0
2026-01-12,cordoba_capital,140000,0.0,16.3,0.0
2026-01-12,ecija,42000,0.0,17.0,0.0
2026-01-12,granada_capital,55000,0.0,16.4,0.0
2026-01-12,jaen_capital,165000,0.0,16.3,0.0
2026-01-12,linares,45000,0.0,16.8,0.0
2026-01-12,lucena,88000,0.0,16.4,0.0
2026-01-12,martos,68000,0.0,15.6,0.0
2026-01-12,sevilla_capital,75000,0.0,15.8,0.0
2026-01-12,ubeda,98000,0.0,14.5,0.0
2026-01-19,antequera,35000,0.0,11.1,0.0
2026-01-19,baeza,72000,0.0,8.4,0.0
2026-01-19,baza,28000,0.0,10.2,0.0
2026-01-19,cabra,52000,0.0,11.1,0.0
2026-01-19,cordoba_capital,140000,0.0,13.5,0.0
2026-01-19,ecija,42000,0.0,13.7,0.0
2026-01-19,granada_capital,55000,0.0,9.4,0.0
2026-01-19,jaen_capital,165000,0.0,10.6,0.0
2026-01-19,linares,45000,0.0,10.9,0.0
2026-01-19,lucena,88000,0.0,10.6,0.0
2026-01-19,martos,68000,0.0,10.0,0.0
2026-01-19,sevilla_capital,75000,0.0,14.4,0.0
2026-01-19,ubeda,98000,0.0,8.5,0.0
2026-01-26,antequera,35000,0.0,15.1,0.0
2026-01-26,baeza,72000,0.0,11.5,0.0
2026-01-26,baza,28000,0.0,13.6,0.0
2026-01-26,cabra,52000,0.0,14.7,0.0
2026-01-26,cordoba_capital,140000,0.0,15.7,0.0
2026-01-26,ecija,42000,0.0,16.2,0.0
2026-01-26,granada_capital,55000,0.0,13.2,0.0
2026-01-26,jaen_capital,165000,0.0,13.8,0.0
2026-01-26,linares,45000,0.0,13.8,0.0
2026-01-26,lucena,88000,0.0,13.9,0.0
2026-01-26,martos,68000,0.0,13.3,0.0
2026-01-26,sevilla_capital,75000,0.0,17.6,0.0
2026-01-26,ubeda,98000,0.0,11.7,0.0
2026-02-02,antequera,35000,0.0,14.8,0.0
2026-02-02,baeza,72000,0.0,12.0,0.0
2026-02-02,baza,28000,0.0,14.2,0.0
2026-02-02,cabra,52000,0.0,15.1,0.0
2026-02-02,cordoba_capital,140000,0.0,16.7,0.0
2026-02-02,ecija,42000,0.0,17.8,0.0
2026-02-02,granada_capital,55000,0.0,13.2,0.0
2026-02-02,jaen_capital,165000,0.0,14.6,0.0
2026-02-02,linares,45000,0.0,14.6,0.0
2026-02-02,lucena,88000,0.0,14.7,0.0
2026-02-02,martos,68000,0.0,13.9,0.0
2026-02-02,sevilla_capital,75000,0.0,18.1,0.0
2026-02-02,ubeda,98000,0.0,12.0,0.0
2026-02-09,antequera,35000,0.0,16.4,0.0
2026-02-09,baeza,72000,0.0,12.3,0.0
2026-02-09,baza,28000,0.0,14.3,0.0
2026-02-09,cabra,52000,0.0,15.4,0.0
2026-02-09,cordoba_capital,140000,0.0,17.1,0.0
2026-02-09,ecija,42000,0.0,17.6,0.0
2026-02-09,granada_capital,55000,0.0,14.3,0.0
2026-02-09,jaen_capital,165000,0.0,14.6,0.0
2026-02-09,linares,45000,0.0,14.5,0.0
2026-02-09,lucena,88000,0.0,14.8,0.0
2026-02-09,martos,68000,0.0,13.8,0.0
2026-02-09,sevilla_capital,75000,0.0,17.9,0.0
2026-02-09,ubeda,98000,0.0,12.7,0.0
2026-02-16,antequera,35000,0.0,18.7,0.0
2026-02-16,baeza,72000,0.0,19.1,0.0
2026-02-16,baza,28000,0.0,20.4,0.0
2026-02-16,cabra,52000,0.0,21.9,0.0
2026-02-16,cordoba_capital,140000,0.0,21.8,0.0
2026-02-16,ecija,42000,0.0,22.7,0.0
2026-02-16,granada_capital,55000,0.0,20.6,0.0
2026-02-16,jaen_capital,165000,0.0,20.8,0.0
2026-02-16,linares,45000,0.0,21.5,0.0
2026-02-16,lucena,88000,0.0,21.0,0.0
2026-02-16,martos,68000,0.0,20.1,0.0
2026-02-16,sevilla_capital,75000,0.0,21.8,0.0
2026-02-16,ubeda,98000,0.0,19.3,0.0
2026-02-23,antequera,35000,0.0,20.3,0.0
2026-02-23,baeza,72000,0.0,20.2,0.0
2026-02-23,baza,28000,0.0,20.7,0.0
2026-02-23,cabra,52000,0.0,22.6,0.0
2026-02-23,cordoba_capital,140000,0.0,22.3,0.0
2026-02-23,ecija,42000,0.0,23.1,0.0
2026-02-23,granada_capital,55000,0.0,21.1,0.0
2026-02-23,jaen_capital,165000,0.0,22.0,0.0
2026-02-23,linares,45000,0.0,22.7,0.0
2026-02-23,lucena,88000,0.0,21.9,0.0
2026-02-23,martos,68000,0.0,21.1,0.0
2026-02-23,sevilla_capital,75000,0.0,22.8,0.0
2026-02-23,ubeda,98000,0.0,20.4,0.0
2026-03-02,antequera,35000,0.0,18.9,0.0
2026-03-02,baeza,72000,0.0,16.9,0.0
2026-03-02,baza,28000,0.0,16.3,0.0
2026-03-02,cabra,52000,0.0,20.6,0.0
2026-03-02,cordoba_capital,140000,0.0,20.8,0.0
2026-03-02,ecija,42000,0.0,21.9,0.0
2026-03-02,granada_capital,55000,0.0,18.8,0.0
2026-03-02,jaen_capital,165000,0.0,19.1,0.0
2026-03-02,linares,45000,0.0,19.3,0.0
2026-03-02,lucena,88000,0.0,20.3,0.0
2026-03-02,martos,68000,0.0,18.6,0.0
2026-03-02,sevilla_capital,75000,0.0,21.2,0.0
2026-03-02,ubeda,98000,0.0,17.0,0.0
2026-03-09,antequera,35000,0.0,18.4,0.0
2026-03-09,baeza,72000,0.0,15.7,0.0
2026-03-09,baza,28000,0.0,16.7,0.0
2026-03-09,cabra,52000,0.0,18.5,0.0
2026-03-09,cordoba_capital,140000,0.0,20.9,0.0
2026-03-09,ecija,42000,0.0,21.1,0.0
2026-03-09,granada_capital,55000,0.0,18.0,0.0
2026-03-09,jaen_capital,165000,0.0,18.1,0.0
2026-03-09,linares,45000,0.0,18.5,0.0
2026-03-09,lucena,88000,0.0,18.4,0.0
2026-03-09,martos,68000,0.0,17.5,0.0
2026-03-09,sevilla_capital,75000,0.0,21.8,0.0
2026-03-09,ubeda,98000,0.0,15.9,0.0
2026-03-16,antequera,35000,0.0,17.6,0.0
2026-03-16,baeza,72000,0.0,20.6,0.0
2026-03-16,baza,28000,0.0,20.1,0.0
2026-03-16,cabra,52000,0.0,23.0,0.0
2026-03-16,cordoba_capital,140000,0.0,22.6,0.0
2026-03-16,ecija,42000,0.0,23.0,0.0
2026-03-16,granada_capital,55000,0.0,21.1,0.0
2026-03-16,jaen_capital,165000,0.0,23.1,0.0
2026-03-16,linares,45000,0.0,23.0,0.0
2026-03-16,lucena,88000,0.0,21.0,0.0
2026-03-16,martos,68000,0.0,22.2,0.0
2026-03-16,sevilla_capital,75000,0.0,23.3,0.0
2026-03-16,ubeda,98000,0.0,20.8,0.0
2026-03-23,antequera,35000,0.0,20.1,0.0
2026-03-23,baeza,72000,0.0,17.7,0.0
2026-03-23,baza,28000,0.0,19.5,0.0
2026-03-23,cabra,52000,0.0,20.7,0.0
2026-03-23,cordoba_capital,140000,0.0,21.3,0.0
2026-03-23,ecija,42000,0.0,22.5,0.0
2026-03-23,granada_capital,55000,0.0,20.6,0.0
2026-03-23,jaen_capital,165000,0.0,19.4,0.0
2026-03-23,linares,45000,0.0,20.4,0.0
2026-03-23,lucena,88000,0.0,20.7,0.0
2026-03-23,martos,68000,0.0,18.9,0.0
2026-03-23,sevilla_capital,75000,0.0,23.2,0.0
2026-03-23,ubeda,98000,0.0,17.9,0.0
2026-03-30,antequera,35000,0.0,20.4,0.0
2026-03-30,baeza,72000,0.0,24.0,0.0
2026-03-30,baza,28000,0.0,22.8,0.0
2026-03-30,cabra,52000,0.0,24.5,0.0
2026-03-30,cordoba_capital,140000,0.0,26.5,0.0
2026-03-30,ecija,42000,0.0,26.9,0.0
2026-03-30,granada_capital,55000,0.0,23.9,0.0
2026-03-30,jaen_capital,165000,0.0,25.7,0.0
2026-03-30,linares,45000,0.0,26.6,0.0
2026-03-30,lucena,88000,0.0,23.3,0.0
2026-03-30,martos,68000,0.0,24.3,0.0
2026-03-30,sevilla_capital,75000,0.0,27.8,0.0
2026-03-30,ubeda,98000,0.0,24.3,0.0
2026-04-06,antequera,35000,0.0,24.0,0.0
2026-04-06,baeza,72000,0.0,26.6,0.0
2026-04-06,baza,28000,0.0,25.1,0.0
2026-04-06,cabra,52000,0.0,26.2,0.0
2026-04-06,cordoba_capital,140000,0.0,27.6,0.0
2026-04-06,ecija,42000,0.0,28.3,0.0
2026-04-06,granada_capital,55000,0.0,26.2,0.0
2026-04-06,jaen_capital,165000,0.0,27.8,0.0
2026-04-06,linares,45000,0.0,29.0,0.0
2026-04-06,lucena,88000,0.0,25.7,0.0
2026-04-06,martos,68000,0.0,26.7,0.0
2026-04-06,sevilla_capital,75000,0.0,26.9,0.0
2026-04-06,ubeda,98000,0.0,26.7,0.0
2026-04-13,antequera,35000,0.0,22.9,0.0
2026-04-13,baeza,72000,0.0,25.5,0.0
2026-04-13,baza,28000,0.0,25.9,0.0
2026-04-13,cabra,52000,0.0,26.4,0.0
2026-04-13,cordoba_capital,140000,0.0,27.9,0.0
2026-04-13,ecija,42000,0.0,28.8,0.0
2026-04-13,granada_capital,55000,0.0,26.0,0.0
2026-04-13,jaen_capital,165000,0.0,27.4,0.0
2026-04-13,linares,45000,0.0,28.2,0.0
2026-04-13,lucena,88000,0.0,25.4,0.0
2026-04-13,martos,68000,0.0,26.2,0.0
2026-04-13,sevilla_capital,75000,0.0,29.6,0.0
2026-04-13,ubeda,98000,0.0,25.6,0.0
2026-04-20,antequera,35000,0.0,24.8,0.0
2026-04-20,baeza,72000,0.0,27.4,0.0
2026-04-20,baza,28000,0.0,27.7,0.0
2026-04-20,cabra,52000,0.0,27.1,0.0
2026-04-20,cordoba_capital,140000,0.0,28.4,0.0
2026-04-20,ecija,42000,0.0,29.3,0.0
2026-04-20,granada_capital,55000,0.0,27.4,0.0
2026-04-20,jaen_capital,165000,0.0,29.6,0.0
2026-04-20,linares,45000,0.0,30.0,0.0
2026-04-20,lucena,88000,0.0,25.9,0.0
2026-04-20,martos,68000,0.0,28.0,0.0
2026-04-20,sevilla_capital,75000,0.0,29.6,0.0
2026-04-20,ubeda,98000,0.0,27.8,0.0
2026-04-27,antequera,35000,0.0,20.9,0.0
2026-04-27,baeza,72000,0.0,24.4,0.0
2026-04-27,baza,28000,0.0,23.4,0.0
2026-04-27,cabra,52000,0.0,25.0,0.0
2026-04-27,cordoba_capital,140000,0.0,26.2,0.0
2026-04-27,ecija,42000,0.0,27.3,0.0
2026-04-27,granada_capital,55000,0.0,24.4,0.0
2026-04-27,jaen_capital,165000,0.0,25.9,0.0
2026-04-27,linares,45000,0.0,27.0,0.0
2026-04-27,lucena,88000,0.0,24.2,0.0
2026-04-27,martos,68000,0.0,24.5,0.0
2026-04-27,sevilla_capital,75000,0.0,28.3,0.0
2026-04-27,ubeda,98000,0.0,24.5,0.0
